code,name,region,year,tfr
ABW,Aruba,Latin America & Caribbean,1960,4.567
ABW,Aruba,Latin America & Caribbean,1961,4.422
ABW,Aruba,Latin America & Caribbean,1962,4.262
ABW,Aruba,Latin America & Caribbean,1963,4.107
ABW,Aruba,Latin America & Caribbean,1964,3.94
ABW,Aruba,Latin America & Caribbean,1965,3.797
ABW,Aruba,Latin America & Caribbean,1966,3.621
ABW,Aruba,Latin America & Caribbean,1967,3.452
ABW,Aruba,Latin America & Caribbean,1968,3.277
ABW,Aruba,Latin America & Caribbean,1969,3.111
ABW,Aruba,Latin America & Caribbean,1970,2.973
ABW,Aruba,Latin America & Caribbean,1971,2.862
ABW,Aruba,Latin America & Caribbean,1972,2.755
ABW,Aruba,Latin America & Caribbean,1973,2.655
ABW,Aruba,Latin America & Caribbean,1974,2.573
ABW,Aruba,Latin America & Caribbean,1975,2.499
ABW,Aruba,Latin America & Caribbean,1976,2.432
ABW,Aruba,Latin America & Caribbean,1977,2.372
ABW,Aruba,Latin America & Caribbean,1978,2.312
ABW,Aruba,Latin America & Caribbean,1979,2.257
ABW,Aruba,Latin America & Caribbean,1980,2.203
ABW,Aruba,Latin America & Caribbean,1981,2.161
ABW,Aruba,Latin America & Caribbean,1982,2.142
ABW,Aruba,Latin America & Caribbean,1983,2.148
ABW,Aruba,Latin America & Caribbean,1984,2.17
ABW,Aruba,Latin America & Caribbean,1985,2.188
ABW,Aruba,Latin America & Caribbean,1986,2.212
ABW,Aruba,Latin America & Caribbean,1987,2.243
ABW,Aruba,Latin America & Caribbean,1988,2.273
ABW,Aruba,Latin America & Caribbean,1989,2.306
ABW,Aruba,Latin America & Caribbean,1990,2.345
ABW,Aruba,Latin America & Caribbean,1991,2.362
ABW,Aruba,Latin America & Caribbean,1992,2.353
ABW,Aruba,Latin America & Caribbean,1993,2.331
ABW,Aruba,Latin America & Caribbean,1994,2.298
ABW,Aruba,Latin America & Caribbean,1995,2.288
ABW,Aruba,Latin America & Caribbean,1996,2.233
ABW,Aruba,Latin America & Caribbean,1997,2.138
ABW,Aruba,Latin America & Caribbean,1998,2.001
ABW,Aruba,Latin America & Caribbean,1999,1.897
ABW,Aruba,Latin America & Caribbean,2000,1.845
ABW,Aruba,Latin America & Caribbean,2001,1.813
ABW,Aruba,Latin America & Caribbean,2002,1.8
ABW,Aruba,Latin America & Caribbean,2003,1.808
ABW,Aruba,Latin America & Caribbean,2004,1.819
ABW,Aruba,Latin America & Caribbean,2005,1.844
ABW,Aruba,Latin America & Caribbean,2006,1.862
ABW,Aruba,Latin America & Caribbean,2007,1.881
ABW,Aruba,Latin America & Caribbean,2008,1.889
ABW,Aruba,Latin America & Caribbean,2009,1.875
ABW,Aruba,Latin America & Caribbean,2010,1.855
ABW,Aruba,Latin America & Caribbean,2011,1.858
ABW,Aruba,Latin America & Caribbean,2012,1.907
ABW,Aruba,Latin America & Caribbean,2013,1.944
ABW,Aruba,Latin America & Caribbean,2014,1.944
ABW,Aruba,Latin America & Caribbean,2015,1.899
ABW,Aruba,Latin America & Caribbean,2016,1.848
ABW,Aruba,Latin America & Caribbean,2017,1.785
ABW,Aruba,Latin America & Caribbean,2018,1.732
ABW,Aruba,Latin America & Caribbean,2019,1.701
ABW,Aruba,Latin America & Caribbean,2020,1.662
ABW,Aruba,Latin America & Caribbean,2021,1.631
ABW,Aruba,Latin America & Caribbean,2022,1.615
ABW,Aruba,Latin America & Caribbean,2023,1.602
ABW,Aruba,Latin America & Caribbean,2024,1.606
AFG,Afghanistan,Middle East & North Africa,1960,7.282
AFG,Afghanistan,Middle East & North Africa,1961,7.284
AFG,Afghanistan,Middle East & North Africa,1962,7.292
AFG,Afghanistan,Middle East & North Africa,1963,7.302
AFG,Afghanistan,Middle East & North Africa,1964,7.304
AFG,Afghanistan,Middle East & North Africa,1965,7.305
AFG,Afghanistan,Middle East & North Africa,1966,7.32
AFG,Afghanistan,Middle East & North Africa,1967,7.339
AFG,Afghanistan,Middle East & North Africa,1968,7.363
AFG,Afghanistan,Middle East & North Africa,1969,7.389
AFG,Afghanistan,Middle East & North Africa,1970,7.4
AFG,Afghanistan,Middle East & North Africa,1971,7.432
AFG,Afghanistan,Middle East & North Africa,1972,7.453
AFG,Afghanistan,Middle East & North Africa,1973,7.487
AFG,Afghanistan,Middle East & North Africa,1974,7.526
AFG,Afghanistan,Middle East & North Africa,1975,7.542
AFG,Afghanistan,Middle East & North Africa,1976,7.561
AFG,Afghanistan,Middle East & North Africa,1977,7.591
AFG,Afghanistan,Middle East & North Africa,1978,7.599
AFG,Afghanistan,Middle East & North Africa,1979,7.612
AFG,Afghanistan,Middle East & North Africa,1980,7.643
AFG,Afghanistan,Middle East & North Africa,1981,7.617
AFG,Afghanistan,Middle East & North Africa,1982,7.6
AFG,Afghanistan,Middle East & North Africa,1983,7.57
AFG,Afghanistan,Middle East & North Africa,1984,7.554
AFG,Afghanistan,Middle East & North Africa,1985,7.55
AFG,Afghanistan,Middle East & North Africa,1986,7.553
AFG,Afghanistan,Middle East & North Africa,1987,7.548
AFG,Afghanistan,Middle East & North Africa,1988,7.551
AFG,Afghanistan,Middle East & North Africa,1989,7.559
AFG,Afghanistan,Middle East & North Africa,1990,7.576
AFG,Afghanistan,Middle East & North Africa,1991,7.631
AFG,Afghanistan,Middle East & North Africa,1992,7.703
AFG,Afghanistan,Middle East & North Africa,1993,7.761
AFG,Afghanistan,Middle East & North Africa,1994,7.767
AFG,Afghanistan,Middle East & North Africa,1995,7.767
AFG,Afghanistan,Middle East & North Africa,1996,7.757
AFG,Afghanistan,Middle East & North Africa,1997,7.732
AFG,Afghanistan,Middle East & North Africa,1998,7.693
AFG,Afghanistan,Middle East & North Africa,1999,7.641
AFG,Afghanistan,Middle East & North Africa,2000,7.566
AFG,Afghanistan,Middle East & North Africa,2001,7.453
AFG,Afghanistan,Middle East & North Africa,2002,7.32
AFG,Afghanistan,Middle East & North Africa,2003,7.174
AFG,Afghanistan,Middle East & North Africa,2004,7.018
AFG,Afghanistan,Middle East & North Africa,2005,6.858
AFG,Afghanistan,Middle East & North Africa,2006,6.686
AFG,Afghanistan,Middle East & North Africa,2007,6.508
AFG,Afghanistan,Middle East & North Africa,2008,6.392
AFG,Afghanistan,Middle East & North Africa,2009,6.295
AFG,Afghanistan,Middle East & North Africa,2010,6.195
AFG,Afghanistan,Middle East & North Africa,2011,6.094
AFG,Afghanistan,Middle East & North Africa,2012,5.985
AFG,Afghanistan,Middle East & North Africa,2013,5.879
AFG,Afghanistan,Middle East & North Africa,2014,5.77
AFG,Afghanistan,Middle East & North Africa,2015,5.652
AFG,Afghanistan,Middle East & North Africa,2016,5.542
AFG,Afghanistan,Middle East & North Africa,2017,5.433
AFG,Afghanistan,Middle East & North Africa,2018,5.327
AFG,Afghanistan,Middle East & North Africa,2019,5.238
AFG,Afghanistan,Middle East & North Africa,2020,5.145
AFG,Afghanistan,Middle East & North Africa,2021,5.039
AFG,Afghanistan,Middle East & North Africa,2022,4.932
AFG,Afghanistan,Middle East & North Africa,2023,4.84
AFG,Afghanistan,Middle East & North Africa,2024,4.761
AGO,Angola,Sub-Saharan Africa,1960,6.708
AGO,Angola,Sub-Saharan Africa,1961,6.79
AGO,Angola,Sub-Saharan Africa,1962,6.872
AGO,Angola,Sub-Saharan Africa,1963,6.954
AGO,Angola,Sub-Saharan Africa,1964,7.036
AGO,Angola,Sub-Saharan Africa,1965,7.116
AGO,Angola,Sub-Saharan Africa,1966,7.194
AGO,Angola,Sub-Saharan Africa,1967,7.267
AGO,Angola,Sub-Saharan Africa,1968,7.332
AGO,Angola,Sub-Saharan Africa,1969,7.388
AGO,Angola,Sub-Saharan Africa,1970,7.434
AGO,Angola,Sub-Saharan Africa,1971,7.467
AGO,Angola,Sub-Saharan Africa,1972,7.488
AGO,Angola,Sub-Saharan Africa,1973,7.498
AGO,Angola,Sub-Saharan Africa,1974,7.5
AGO,Angola,Sub-Saharan Africa,1975,7.494
AGO,Angola,Sub-Saharan Africa,1976,7.485
AGO,Angola,Sub-Saharan Africa,1977,7.475
AGO,Angola,Sub-Saharan Africa,1978,7.467
AGO,Angola,Sub-Saharan Africa,1979,7.461
AGO,Angola,Sub-Saharan Africa,1980,7.459
AGO,Angola,Sub-Saharan Africa,1981,7.459
AGO,Angola,Sub-Saharan Africa,1982,7.461
AGO,Angola,Sub-Saharan Africa,1983,7.462
AGO,Angola,Sub-Saharan Africa,1984,7.459
AGO,Angola,Sub-Saharan Africa,1985,7.451
AGO,Angola,Sub-Saharan Africa,1986,7.435
AGO,Angola,Sub-Saharan Africa,1987,7.409
AGO,Angola,Sub-Saharan Africa,1988,7.373
AGO,Angola,Sub-Saharan Africa,1989,7.328
AGO,Angola,Sub-Saharan Africa,1990,7.272
AGO,Angola,Sub-Saharan Africa,1991,7.208
AGO,Angola,Sub-Saharan Africa,1992,7.138
AGO,Angola,Sub-Saharan Africa,1993,7.065
AGO,Angola,Sub-Saharan Africa,1994,6.99
AGO,Angola,Sub-Saharan Africa,1995,6.918
AGO,Angola,Sub-Saharan Africa,1996,6.851
AGO,Angola,Sub-Saharan Africa,1997,6.789
AGO,Angola,Sub-Saharan Africa,1998,6.732
AGO,Angola,Sub-Saharan Africa,1999,6.683
AGO,Angola,Sub-Saharan Africa,2000,6.639
AGO,Angola,Sub-Saharan Africa,2001,6.601
AGO,Angola,Sub-Saharan Africa,2002,6.567
AGO,Angola,Sub-Saharan Africa,2003,6.533
AGO,Angola,Sub-Saharan Africa,2004,6.499
AGO,Angola,Sub-Saharan Africa,2005,6.461
AGO,Angola,Sub-Saharan Africa,2006,6.419
AGO,Angola,Sub-Saharan Africa,2007,6.372
AGO,Angola,Sub-Saharan Africa,2008,6.32
AGO,Angola,Sub-Saharan Africa,2009,6.26
AGO,Angola,Sub-Saharan Africa,2010,6.194
AGO,Angola,Sub-Saharan Africa,2011,6.12
AGO,Angola,Sub-Saharan Africa,2012,6.039
AGO,Angola,Sub-Saharan Africa,2013,5.953
AGO,Angola,Sub-Saharan Africa,2014,5.864
AGO,Angola,Sub-Saharan Africa,2015,5.774
AGO,Angola,Sub-Saharan Africa,2016,5.686
AGO,Angola,Sub-Saharan Africa,2017,5.6
AGO,Angola,Sub-Saharan Africa,2018,5.519
AGO,Angola,Sub-Saharan Africa,2019,5.442
AGO,Angola,Sub-Saharan Africa,2020,5.371
AGO,Angola,Sub-Saharan Africa,2021,5.304
AGO,Angola,Sub-Saharan Africa,2022,5.209
AGO,Angola,Sub-Saharan Africa,2023,5.124
AGO,Angola,Sub-Saharan Africa,2024,5.048
ALB,Albania,Europe & Central Asia,1960,6.383
ALB,Albania,Europe & Central Asia,1961,6.273
ALB,Albania,Europe & Central Asia,1962,6.106
ALB,Albania,Europe & Central Asia,1963,5.927
ALB,Albania,Europe & Central Asia,1964,5.714
ALB,Albania,Europe & Central Asia,1965,5.474
ALB,Albania,Europe & Central Asia,1966,5.325
ALB,Albania,Europe & Central Asia,1967,5.31
ALB,Albania,Europe & Central Asia,1968,5.317
ALB,Albania,Europe & Central Asia,1969,5.287
ALB,Albania,Europe & Central Asia,1970,5.158
ALB,Albania,Europe & Central Asia,1971,5.083
ALB,Albania,Europe & Central Asia,1972,4.979
ALB,Albania,Europe & Central Asia,1973,4.829
ALB,Albania,Europe & Central Asia,1974,4.7
ALB,Albania,Europe & Central Asia,1975,4.566
ALB,Albania,Europe & Central Asia,1976,4.374
ALB,Albania,Europe & Central Asia,1977,4.204
ALB,Albania,Europe & Central Asia,1978,3.996
ALB,Albania,Europe & Central Asia,1979,3.782
ALB,Albania,Europe & Central Asia,1980,3.59
ALB,Albania,Europe & Central Asia,1981,3.468
ALB,Albania,Europe & Central Asia,1982,3.416
ALB,Albania,Europe & Central Asia,1983,3.319
ALB,Albania,Europe & Central Asia,1984,3.282
ALB,Albania,Europe & Central Asia,1985,3.214
ALB,Albania,Europe & Central Asia,1986,3.141
ALB,Albania,Europe & Central Asia,1987,3.106
ALB,Albania,Europe & Central Asia,1988,3.069
ALB,Albania,Europe & Central Asia,1989,3.03
ALB,Albania,Europe & Central Asia,1990,3.014
ALB,Albania,Europe & Central Asia,1991,2.956
ALB,Albania,Europe & Central Asia,1992,2.885
ALB,Albania,Europe & Central Asia,1993,2.811
ALB,Albania,Europe & Central Asia,1994,2.798
ALB,Albania,Europe & Central Asia,1995,2.762
ALB,Albania,Europe & Central Asia,1996,2.666
ALB,Albania,Europe & Central Asia,1997,2.535
ALB,Albania,Europe & Central Asia,1998,2.425
ALB,Albania,Europe & Central Asia,1999,2.313
ALB,Albania,Europe & Central Asia,2000,2.217
ALB,Albania,Europe & Central Asia,2001,2.141
ALB,Albania,Europe & Central Asia,2002,2.002
ALB,Albania,Europe & Central Asia,2003,2.006
ALB,Albania,Europe & Central Asia,2004,1.889
ALB,Albania,Europe & Central Asia,2005,1.787
ALB,Albania,Europe & Central Asia,2006,1.686
ALB,Albania,Europe & Central Asia,2007,1.633
ALB,Albania,Europe & Central Asia,2008,1.616
ALB,Albania,Europe & Central Asia,2009,1.638
ALB,Albania,Europe & Central Asia,2010,1.653
ALB,Albania,Europe & Central Asia,2011,1.677
ALB,Albania,Europe & Central Asia,2012,1.719
ALB,Albania,Europe & Central Asia,2013,1.741
ALB,Albania,Europe & Central Asia,2014,1.721
ALB,Albania,Europe & Central Asia,2015,1.631
ALB,Albania,Europe & Central Asia,2016,1.555
ALB,Albania,Europe & Central Asia,2017,1.486
ALB,Albania,Europe & Central Asia,2018,1.415
ALB,Albania,Europe & Central Asia,2019,1.395
ALB,Albania,Europe & Central Asia,2020,1.371
ALB,Albania,Europe & Central Asia,2021,1.365
ALB,Albania,Europe & Central Asia,2022,1.355
ALB,Albania,Europe & Central Asia,2023,1.348
ALB,Albania,Europe & Central Asia,2024,1.341
AND,Andorra,Europe & Central Asia,1960,2.545
AND,Andorra,Europe & Central Asia,1961,2.543
AND,Andorra,Europe & Central Asia,1962,2.548
AND,Andorra,Europe & Central Asia,1963,2.602
AND,Andorra,Europe & Central Asia,1964,2.689
AND,Andorra,Europe & Central Asia,1965,2.715
AND,Andorra,Europe & Central Asia,1966,2.759
AND,Andorra,Europe & Central Asia,1967,2.78
AND,Andorra,Europe & Central Asia,1968,2.77
AND,Andorra,Europe & Central Asia,1969,2.769
AND,Andorra,Europe & Central Asia,1970,2.787
AND,Andorra,Europe & Central Asia,1971,2.832
AND,Andorra,Europe & Central Asia,1972,2.905
AND,Andorra,Europe & Central Asia,1973,2.826
AND,Andorra,Europe & Central Asia,1974,2.735
AND,Andorra,Europe & Central Asia,1975,2.458
AND,Andorra,Europe & Central Asia,1976,2.207
AND,Andorra,Europe & Central Asia,1977,2.029
AND,Andorra,Europe & Central Asia,1978,1.884
AND,Andorra,Europe & Central Asia,1979,1.795
AND,Andorra,Europe & Central Asia,1980,1.83
AND,Andorra,Europe & Central Asia,1981,1.797
AND,Andorra,Europe & Central Asia,1982,1.726
AND,Andorra,Europe & Central Asia,1983,1.574
AND,Andorra,Europe & Central Asia,1984,1.475
AND,Andorra,Europe & Central Asia,1985,1.434
AND,Andorra,Europe & Central Asia,1986,1.397
AND,Andorra,Europe & Central Asia,1987,1.367
AND,Andorra,Europe & Central Asia,1988,1.365
AND,Andorra,Europe & Central Asia,1989,1.395
AND,Andorra,Europe & Central Asia,1990,1.401
AND,Andorra,Europe & Central Asia,1991,1.397
AND,Andorra,Europe & Central Asia,1992,1.373
AND,Andorra,Europe & Central Asia,1993,1.334
AND,Andorra,Europe & Central Asia,1994,1.317
AND,Andorra,Europe & Central Asia,1995,1.319
AND,Andorra,Europe & Central Asia,1996,1.329
AND,Andorra,Europe & Central Asia,1997,1.354
AND,Andorra,Europe & Central Asia,1998,1.383
AND,Andorra,Europe & Central Asia,1999,1.421
AND,Andorra,Europe & Central Asia,2000,1.273
AND,Andorra,Europe & Central Asia,2001,1.305
AND,Andorra,Europe & Central Asia,2002,1.265
AND,Andorra,Europe & Central Asia,2003,1.18
AND,Andorra,Europe & Central Asia,2004,1.229
AND,Andorra,Europe & Central Asia,2005,1.224
AND,Andorra,Europe & Central Asia,2006,1.234
AND,Andorra,Europe & Central Asia,2007,1.189
AND,Andorra,Europe & Central Asia,2008,1.25
AND,Andorra,Europe & Central Asia,2009,1.208
AND,Andorra,Europe & Central Asia,2010,1.275
AND,Andorra,Europe & Central Asia,2011,1.321
AND,Andorra,Europe & Central Asia,2012,1.26
AND,Andorra,Europe & Central Asia,2013,1.142
AND,Andorra,Europe & Central Asia,2014,1.168
AND,Andorra,Europe & Central Asia,2015,1.223
AND,Andorra,Europe & Central Asia,2016,1.184
AND,Andorra,Europe & Central Asia,2017,1.129
AND,Andorra,Europe & Central Asia,2018,1.053
AND,Andorra,Europe & Central Asia,2019,1.045
AND,Andorra,Europe & Central Asia,2020,1.028
AND,Andorra,Europe & Central Asia,2021,1.058
AND,Andorra,Europe & Central Asia,2022,1.071
AND,Andorra,Europe & Central Asia,2023,1.082
AND,Andorra,Europe & Central Asia,2024,1.087
ARE,United Arab Emirates,Middle East & North Africa,1960,6.499
ARE,United Arab Emirates,Middle East & North Africa,1961,6.494
ARE,United Arab Emirates,Middle East & North Africa,1962,6.489
ARE,United Arab Emirates,Middle East & North Africa,1963,6.495
ARE,United Arab Emirates,Middle East & North Africa,1964,6.494
ARE,United Arab Emirates,Middle East & North Africa,1965,6.495
ARE,United Arab Emirates,Middle East & North Africa,1966,6.495
ARE,United Arab Emirates,Middle East & North Africa,1967,6.51
ARE,United Arab Emirates,Middle East & North Africa,1968,6.529
ARE,United Arab Emirates,Middle East & North Africa,1969,6.524
ARE,United Arab Emirates,Middle East & North Africa,1970,6.519
ARE,United Arab Emirates,Middle East & North Africa,1971,6.519
ARE,United Arab Emirates,Middle East & North Africa,1972,6.502
ARE,United Arab Emirates,Middle East & North Africa,1973,6.464
ARE,United Arab Emirates,Middle East & North Africa,1974,6.411
ARE,United Arab Emirates,Middle East & North Africa,1975,6.353
ARE,United Arab Emirates,Middle East & North Africa,1976,6.291
ARE,United Arab Emirates,Middle East & North Africa,1977,6.223
ARE,United Arab Emirates,Middle East & North Africa,1978,6.151
ARE,United Arab Emirates,Middle East & North Africa,1979,6.059
ARE,United Arab Emirates,Middle East & North Africa,1980,5.953
ARE,United Arab Emirates,Middle East & North Africa,1981,5.814
ARE,United Arab Emirates,Middle East & North Africa,1982,5.658
ARE,United Arab Emirates,Middle East & North Africa,1983,5.482
ARE,United Arab Emirates,Middle East & North Africa,1984,5.303
ARE,United Arab Emirates,Middle East & North Africa,1985,5.125
ARE,United Arab Emirates,Middle East & North Africa,1986,4.999
ARE,United Arab Emirates,Middle East & North Africa,1987,4.883
ARE,United Arab Emirates,Middle East & North Africa,1988,4.768
ARE,United Arab Emirates,Middle East & North Africa,1989,4.65
ARE,United Arab Emirates,Middle East & North Africa,1990,4.506
ARE,United Arab Emirates,Middle East & North Africa,1991,4.251
ARE,United Arab Emirates,Middle East & North Africa,1992,4.088
ARE,United Arab Emirates,Middle East & North Africa,1993,3.819
ARE,United Arab Emirates,Middle East & North Africa,1994,3.761
ARE,United Arab Emirates,Middle East & North Africa,1995,3.278
ARE,United Arab Emirates,Middle East & North Africa,1996,3.06
ARE,United Arab Emirates,Middle East & North Africa,1997,2.825
ARE,United Arab Emirates,Middle East & North Africa,1998,2.765
ARE,United Arab Emirates,Middle East & North Africa,1999,2.793
ARE,United Arab Emirates,Middle East & North Africa,2000,2.733
ARE,United Arab Emirates,Middle East & North Africa,2001,2.622
ARE,United Arab Emirates,Middle East & North Africa,2002,2.541
ARE,United Arab Emirates,Middle East & North Africa,2003,2.491
ARE,United Arab Emirates,Middle East & North Africa,2004,2.385
ARE,United Arab Emirates,Middle East & North Africa,2005,2.232
ARE,United Arab Emirates,Middle East & North Africa,2006,1.958
ARE,United Arab Emirates,Middle East & North Africa,2007,1.792
ARE,United Arab Emirates,Middle East & North Africa,2008,1.516
ARE,United Arab Emirates,Middle East & North Africa,2009,1.582
ARE,United Arab Emirates,Middle East & North Africa,2010,1.565
ARE,United Arab Emirates,Middle East & North Africa,2011,1.539
ARE,United Arab Emirates,Middle East & North Africa,2012,1.532
ARE,United Arab Emirates,Middle East & North Africa,2013,1.527
ARE,United Arab Emirates,Middle East & North Africa,2014,1.483
ARE,United Arab Emirates,Middle East & North Africa,2015,1.417
ARE,United Arab Emirates,Middle East & North Africa,2016,1.366
ARE,United Arab Emirates,Middle East & North Africa,2017,1.35
ARE,United Arab Emirates,Middle East & North Africa,2018,1.288
ARE,United Arab Emirates,Middle East & North Africa,2019,1.247
ARE,United Arab Emirates,Middle East & North Africa,2020,1.289
ARE,United Arab Emirates,Middle East & North Africa,2021,1.162
ARE,United Arab Emirates,Middle East & North Africa,2022,1.148
ARE,United Arab Emirates,Middle East & North Africa,2023,1.2
ARE,United Arab Emirates,Middle East & North Africa,2024,1.213
ARG,Argentina,Latin America & Caribbean,1960,3.136
ARG,Argentina,Latin America & Caribbean,1961,3.12
ARG,Argentina,Latin America & Caribbean,1962,3.126
ARG,Argentina,Latin America & Caribbean,1963,3.109
ARG,Argentina,Latin America & Caribbean,1964,3.075
ARG,Argentina,Latin America & Caribbean,1965,3.005
ARG,Argentina,Latin America & Caribbean,1966,2.966
ARG,Argentina,Latin America & Caribbean,1967,2.982
ARG,Argentina,Latin America & Caribbean,1968,3.011
ARG,Argentina,Latin America & Caribbean,1969,3.049
ARG,Argentina,Latin America & Caribbean,1970,3.085
ARG,Argentina,Latin America & Caribbean,1971,3.108
ARG,Argentina,Latin America & Caribbean,1972,3.135
ARG,Argentina,Latin America & Caribbean,1973,3.17
ARG,Argentina,Latin America & Caribbean,1974,3.216
ARG,Argentina,Latin America & Caribbean,1975,3.271
ARG,Argentina,Latin America & Caribbean,1976,3.317
ARG,Argentina,Latin America & Caribbean,1977,3.359
ARG,Argentina,Latin America & Caribbean,1978,3.359
ARG,Argentina,Latin America & Caribbean,1979,3.339
ARG,Argentina,Latin America & Caribbean,1980,3.301
ARG,Argentina,Latin America & Caribbean,1981,3.253
ARG,Argentina,Latin America & Caribbean,1982,3.204
ARG,Argentina,Latin America & Caribbean,1983,3.148
ARG,Argentina,Latin America & Caribbean,1984,3.116
ARG,Argentina,Latin America & Caribbean,1985,3.066
ARG,Argentina,Latin America & Caribbean,1986,3.054
ARG,Argentina,Latin America & Caribbean,1987,3.037
ARG,Argentina,Latin America & Caribbean,1988,3.046
ARG,Argentina,Latin America & Caribbean,1989,3.022
ARG,Argentina,Latin America & Caribbean,1990,3.034
ARG,Argentina,Latin America & Caribbean,1991,3.012
ARG,Argentina,Latin America & Caribbean,1992,2.987
ARG,Argentina,Latin America & Caribbean,1993,2.966
ARG,Argentina,Latin America & Caribbean,1994,2.935
ARG,Argentina,Latin America & Caribbean,1995,2.864
ARG,Argentina,Latin America & Caribbean,1996,2.781
ARG,Argentina,Latin America & Caribbean,1997,2.706
ARG,Argentina,Latin America & Caribbean,1998,2.662
ARG,Argentina,Latin America & Caribbean,1999,2.643
ARG,Argentina,Latin America & Caribbean,2000,2.591
ARG,Argentina,Latin America & Caribbean,2001,2.531
ARG,Argentina,Latin America & Caribbean,2002,2.493
ARG,Argentina,Latin America & Caribbean,2003,2.451
ARG,Argentina,Latin America & Caribbean,2004,2.43
ARG,Argentina,Latin America & Caribbean,2005,2.426
ARG,Argentina,Latin America & Caribbean,2006,2.4
ARG,Argentina,Latin America & Caribbean,2007,2.37
ARG,Argentina,Latin America & Caribbean,2008,2.432
ARG,Argentina,Latin America & Caribbean,2009,2.4
ARG,Argentina,Latin America & Caribbean,2010,2.411
ARG,Argentina,Latin America & Caribbean,2011,2.393
ARG,Argentina,Latin America & Caribbean,2012,2.304
ARG,Argentina,Latin America & Caribbean,2013,2.335
ARG,Argentina,Latin America & Caribbean,2014,2.386
ARG,Argentina,Latin America & Caribbean,2015,2.35
ARG,Argentina,Latin America & Caribbean,2016,2.241
ARG,Argentina,Latin America & Caribbean,2017,2.168
ARG,Argentina,Latin America & Caribbean,2018,2.067
ARG,Argentina,Latin America & Caribbean,2019,1.882
ARG,Argentina,Latin America & Caribbean,2020,1.601
ARG,Argentina,Latin America & Caribbean,2021,1.585
ARG,Argentina,Latin America & Caribbean,2022,1.482
ARG,Argentina,Latin America & Caribbean,2023,1.5
ARG,Argentina,Latin America & Caribbean,2024,1.504
ARM,Armenia,Europe & Central Asia,1960,4.786
ARM,Armenia,Europe & Central Asia,1961,4.67
ARM,Armenia,Europe & Central Asia,1962,4.521
ARM,Armenia,Europe & Central Asia,1963,4.345
ARM,Armenia,Europe & Central Asia,1964,4.15
ARM,Armenia,Europe & Central Asia,1965,3.988
ARM,Armenia,Europe & Central Asia,1966,3.829
ARM,Armenia,Europe & Central Asia,1967,3.731
ARM,Armenia,Europe & Central Asia,1968,3.622
ARM,Armenia,Europe & Central Asia,1969,3.488
ARM,Armenia,Europe & Central Asia,1970,3.328
ARM,Armenia,Europe & Central Asia,1971,3.286
ARM,Armenia,Europe & Central Asia,1972,3.198
ARM,Armenia,Europe & Central Asia,1973,3.081
ARM,Armenia,Europe & Central Asia,1974,2.984
ARM,Armenia,Europe & Central Asia,1975,2.921
ARM,Armenia,Europe & Central Asia,1976,2.844
ARM,Armenia,Europe & Central Asia,1977,2.739
ARM,Armenia,Europe & Central Asia,1978,2.617
ARM,Armenia,Europe & Central Asia,1979,2.53
ARM,Armenia,Europe & Central Asia,1980,2.48
ARM,Armenia,Europe & Central Asia,1981,2.48
ARM,Armenia,Europe & Central Asia,1982,2.503
ARM,Armenia,Europe & Central Asia,1983,2.558
ARM,Armenia,Europe & Central Asia,1984,2.603
ARM,Armenia,Europe & Central Asia,1985,2.644
ARM,Armenia,Europe & Central Asia,1986,2.662
ARM,Armenia,Europe & Central Asia,1987,2.664
ARM,Armenia,Europe & Central Asia,1988,2.675
ARM,Armenia,Europe & Central Asia,1989,2.705
ARM,Armenia,Europe & Central Asia,1990,2.708
ARM,Armenia,Europe & Central Asia,1991,2.643
ARM,Armenia,Europe & Central Asia,1992,2.499
ARM,Armenia,Europe & Central Asia,1993,2.286
ARM,Armenia,Europe & Central Asia,1994,2.084
ARM,Armenia,Europe & Central Asia,1995,2.067
ARM,Armenia,Europe & Central Asia,1996,2.06
ARM,Armenia,Europe & Central Asia,1997,1.9
ARM,Armenia,Europe & Central Asia,1998,1.81
ARM,Armenia,Europe & Central Asia,1999,1.534
ARM,Armenia,Europe & Central Asia,2000,1.3
ARM,Armenia,Europe & Central Asia,2001,1.2
ARM,Armenia,Europe & Central Asia,2002,1.2
ARM,Armenia,Europe & Central Asia,2003,1.3
ARM,Armenia,Europe & Central Asia,2004,1.4
ARM,Armenia,Europe & Central Asia,2005,1.3
ARM,Armenia,Europe & Central Asia,2006,1.3
ARM,Armenia,Europe & Central Asia,2007,1.4
ARM,Armenia,Europe & Central Asia,2008,1.4
ARM,Armenia,Europe & Central Asia,2009,1.5
ARM,Armenia,Europe & Central Asia,2010,1.5
ARM,Armenia,Europe & Central Asia,2011,1.5
ARM,Armenia,Europe & Central Asia,2012,1.6
ARM,Armenia,Europe & Central Asia,2013,1.6
ARM,Armenia,Europe & Central Asia,2014,1.7
ARM,Armenia,Europe & Central Asia,2015,1.6
ARM,Armenia,Europe & Central Asia,2016,1.6
ARM,Armenia,Europe & Central Asia,2017,1.6
ARM,Armenia,Europe & Central Asia,2018,1.6
ARM,Armenia,Europe & Central Asia,2019,1.6
ARM,Armenia,Europe & Central Asia,2020,1.7
ARM,Armenia,Europe & Central Asia,2021,1.7
ARM,Armenia,Europe & Central Asia,2022,1.7
ARM,Armenia,Europe & Central Asia,2023,1.9
ARM,Armenia,Europe & Central Asia,2024,1.7
ASM,American Samoa,East Asia & Pacific,1960,6.578
ASM,American Samoa,East Asia & Pacific,1961,6.575
ASM,American Samoa,East Asia & Pacific,1962,6.603
ASM,American Samoa,East Asia & Pacific,1963,6.687
ASM,American Samoa,East Asia & Pacific,1964,6.78
ASM,American Samoa,East Asia & Pacific,1965,6.73
ASM,American Samoa,East Asia & Pacific,1966,6.618
ASM,American Samoa,East Asia & Pacific,1967,6.461
ASM,American Samoa,East Asia & Pacific,1968,6.281
ASM,American Samoa,East Asia & Pacific,1969,6.122
ASM,American Samoa,East Asia & Pacific,1970,5.953
ASM,American Samoa,East Asia & Pacific,1971,5.765
ASM,American Samoa,East Asia & Pacific,1972,5.519
ASM,American Samoa,East Asia & Pacific,1973,5.297
ASM,American Samoa,East Asia & Pacific,1974,5.139
ASM,American Samoa,East Asia & Pacific,1975,5.013
ASM,American Samoa,East Asia & Pacific,1976,4.932
ASM,American Samoa,East Asia & Pacific,1977,4.953
ASM,American Samoa,East Asia & Pacific,1978,4.873
ASM,American Samoa,East Asia & Pacific,1979,4.756
ASM,American Samoa,East Asia & Pacific,1980,4.627
ASM,American Samoa,East Asia & Pacific,1981,4.498
ASM,American Samoa,East Asia & Pacific,1982,4.37
ASM,American Samoa,East Asia & Pacific,1983,4.267
ASM,American Samoa,East Asia & Pacific,1984,4.25
ASM,American Samoa,East Asia & Pacific,1985,4.255
ASM,American Samoa,East Asia & Pacific,1986,4.276
ASM,American Samoa,East Asia & Pacific,1987,4.298
ASM,American Samoa,East Asia & Pacific,1988,4.314
ASM,American Samoa,East Asia & Pacific,1989,4.41
ASM,American Samoa,East Asia & Pacific,1990,4.472
ASM,American Samoa,East Asia & Pacific,1991,4.528
ASM,American Samoa,East Asia & Pacific,1992,4.557
ASM,American Samoa,East Asia & Pacific,1993,4.605
ASM,American Samoa,East Asia & Pacific,1994,4.384
ASM,American Samoa,East Asia & Pacific,1995,4.121
ASM,American Samoa,East Asia & Pacific,1996,3.944
ASM,American Samoa,East Asia & Pacific,1997,3.887
ASM,American Samoa,East Asia & Pacific,1998,3.878
ASM,American Samoa,East Asia & Pacific,1999,3.891
ASM,American Samoa,East Asia & Pacific,2000,3.89
ASM,American Samoa,East Asia & Pacific,2001,3.87
ASM,American Samoa,East Asia & Pacific,2002,3.866
ASM,American Samoa,East Asia & Pacific,2003,3.91
ASM,American Samoa,East Asia & Pacific,2004,3.945
ASM,American Samoa,East Asia & Pacific,2005,3.863
ASM,American Samoa,East Asia & Pacific,2006,3.685
ASM,American Samoa,East Asia & Pacific,2007,3.509
ASM,American Samoa,East Asia & Pacific,2008,3.42
ASM,American Samoa,East Asia & Pacific,2009,3.359
ASM,American Samoa,East Asia & Pacific,2010,3.292
ASM,American Samoa,East Asia & Pacific,2011,3.169
ASM,American Samoa,East Asia & Pacific,2012,3.043
ASM,American Samoa,East Asia & Pacific,2013,2.932
ASM,American Samoa,East Asia & Pacific,2014,2.852
ASM,American Samoa,East Asia & Pacific,2015,2.78
ASM,American Samoa,East Asia & Pacific,2016,2.699
ASM,American Samoa,East Asia & Pacific,2017,2.598
ASM,American Samoa,East Asia & Pacific,2018,2.494
ASM,American Samoa,East Asia & Pacific,2019,2.404
ASM,American Samoa,East Asia & Pacific,2020,2.36
ASM,American Samoa,East Asia & Pacific,2021,2.327
ASM,American Samoa,East Asia & Pacific,2022,2.305
ASM,American Samoa,East Asia & Pacific,2023,2.286
ASM,American Samoa,East Asia & Pacific,2024,2.267
ATG,Antigua and Barbuda,Latin America & Caribbean,1960,4.602
ATG,Antigua and Barbuda,Latin America & Caribbean,1961,4.559
ATG,Antigua and Barbuda,Latin America & Caribbean,1962,4.547
ATG,Antigua and Barbuda,Latin America & Caribbean,1963,4.536
ATG,Antigua and Barbuda,Latin America & Caribbean,1964,4.484
ATG,Antigua and Barbuda,Latin America & Caribbean,1965,4.416
ATG,Antigua and Barbuda,Latin America & Caribbean,1966,4.322
ATG,Antigua and Barbuda,Latin America & Caribbean,1967,4.178
ATG,Antigua and Barbuda,Latin America & Caribbean,1968,4.014
ATG,Antigua and Barbuda,Latin America & Caribbean,1969,3.829
ATG,Antigua and Barbuda,Latin America & Caribbean,1970,3.628
ATG,Antigua and Barbuda,Latin America & Caribbean,1971,3.455
ATG,Antigua and Barbuda,Latin America & Caribbean,1972,3.287
ATG,Antigua and Barbuda,Latin America & Caribbean,1973,3.126
ATG,Antigua and Barbuda,Latin America & Caribbean,1974,2.932
ATG,Antigua and Barbuda,Latin America & Caribbean,1975,2.77
ATG,Antigua and Barbuda,Latin America & Caribbean,1976,2.78
ATG,Antigua and Barbuda,Latin America & Caribbean,1977,2.784
ATG,Antigua and Barbuda,Latin America & Caribbean,1978,2.573
ATG,Antigua and Barbuda,Latin America & Caribbean,1979,2.632
ATG,Antigua and Barbuda,Latin America & Caribbean,1980,2.311
ATG,Antigua and Barbuda,Latin America & Caribbean,1981,2.166
ATG,Antigua and Barbuda,Latin America & Caribbean,1982,2.087
ATG,Antigua and Barbuda,Latin America & Caribbean,1983,2.116
ATG,Antigua and Barbuda,Latin America & Caribbean,1984,2.038
ATG,Antigua and Barbuda,Latin America & Caribbean,1985,2.151
ATG,Antigua and Barbuda,Latin America & Caribbean,1986,2.032
ATG,Antigua and Barbuda,Latin America & Caribbean,1987,2.067
ATG,Antigua and Barbuda,Latin America & Caribbean,1988,2.132
ATG,Antigua and Barbuda,Latin America & Caribbean,1989,2.199
ATG,Antigua and Barbuda,Latin America & Caribbean,1990,2.249
ATG,Antigua and Barbuda,Latin America & Caribbean,1991,2.036
ATG,Antigua and Barbuda,Latin America & Caribbean,1992,2.126
ATG,Antigua and Barbuda,Latin America & Caribbean,1993,2.036
ATG,Antigua and Barbuda,Latin America & Caribbean,1994,2.069
ATG,Antigua and Barbuda,Latin America & Caribbean,1995,2.159
ATG,Antigua and Barbuda,Latin America & Caribbean,1996,2.266
ATG,Antigua and Barbuda,Latin America & Caribbean,1997,2.19
ATG,Antigua and Barbuda,Latin America & Caribbean,1998,2.017
ATG,Antigua and Barbuda,Latin America & Caribbean,1999,1.956
ATG,Antigua and Barbuda,Latin America & Caribbean,2000,2.196
ATG,Antigua and Barbuda,Latin America & Caribbean,2001,2.018
ATG,Antigua and Barbuda,Latin America & Caribbean,2002,1.94
ATG,Antigua and Barbuda,Latin America & Caribbean,2003,1.887
ATG,Antigua and Barbuda,Latin America & Caribbean,2004,1.852
ATG,Antigua and Barbuda,Latin America & Caribbean,2005,1.832
ATG,Antigua and Barbuda,Latin America & Caribbean,2006,1.831
ATG,Antigua and Barbuda,Latin America & Caribbean,2007,1.86
ATG,Antigua and Barbuda,Latin America & Caribbean,2008,2.042
ATG,Antigua and Barbuda,Latin America & Caribbean,2009,2.006
ATG,Antigua and Barbuda,Latin America & Caribbean,2010,1.785
ATG,Antigua and Barbuda,Latin America & Caribbean,2011,1.746
ATG,Antigua and Barbuda,Latin America & Caribbean,2012,1.655
ATG,Antigua and Barbuda,Latin America & Caribbean,2013,1.537
ATG,Antigua and Barbuda,Latin America & Caribbean,2014,1.526
ATG,Antigua and Barbuda,Latin America & Caribbean,2015,1.567
ATG,Antigua and Barbuda,Latin America & Caribbean,2016,1.458
ATG,Antigua and Barbuda,Latin America & Caribbean,2017,1.485
ATG,Antigua and Barbuda,Latin America & Caribbean,2018,1.371
ATG,Antigua and Barbuda,Latin America & Caribbean,2019,1.468
ATG,Antigua and Barbuda,Latin America & Caribbean,2020,1.569
ATG,Antigua and Barbuda,Latin America & Caribbean,2021,1.58
ATG,Antigua and Barbuda,Latin America & Caribbean,2022,1.58
ATG,Antigua and Barbuda,Latin America & Caribbean,2023,1.578
ATG,Antigua and Barbuda,Latin America & Caribbean,2024,1.582
AUS,Australia,East Asia & Pacific,1960,3.453
AUS,Australia,East Asia & Pacific,1961,3.54
AUS,Australia,East Asia & Pacific,1962,3.442
AUS,Australia,East Asia & Pacific,1963,3.332
AUS,Australia,East Asia & Pacific,1964,3.146
AUS,Australia,East Asia & Pacific,1965,2.977
AUS,Australia,East Asia & Pacific,1966,2.881
AUS,Australia,East Asia & Pacific,1967,2.848
AUS,Australia,East Asia & Pacific,1968,2.888
AUS,Australia,East Asia & Pacific,1969,2.886
AUS,Australia,East Asia & Pacific,1970,2.859
AUS,Australia,East Asia & Pacific,1971,2.961
AUS,Australia,East Asia & Pacific,1972,2.744
AUS,Australia,East Asia & Pacific,1973,2.491
AUS,Australia,East Asia & Pacific,1974,2.397
AUS,Australia,East Asia & Pacific,1975,2.148
AUS,Australia,East Asia & Pacific,1976,2.06
AUS,Australia,East Asia & Pacific,1977,2.007
AUS,Australia,East Asia & Pacific,1978,1.949
AUS,Australia,East Asia & Pacific,1979,1.907
AUS,Australia,East Asia & Pacific,1980,1.891
AUS,Australia,East Asia & Pacific,1981,1.935
AUS,Australia,East Asia & Pacific,1982,1.929
AUS,Australia,East Asia & Pacific,1983,1.924
AUS,Australia,East Asia & Pacific,1984,1.84
AUS,Australia,East Asia & Pacific,1985,1.923
AUS,Australia,East Asia & Pacific,1986,1.868
AUS,Australia,East Asia & Pacific,1987,1.845
AUS,Australia,East Asia & Pacific,1988,1.831
AUS,Australia,East Asia & Pacific,1989,1.838
AUS,Australia,East Asia & Pacific,1990,1.902
AUS,Australia,East Asia & Pacific,1991,1.849
AUS,Australia,East Asia & Pacific,1992,1.888
AUS,Australia,East Asia & Pacific,1993,1.859
AUS,Australia,East Asia & Pacific,1994,1.842
AUS,Australia,East Asia & Pacific,1995,1.822
AUS,Australia,East Asia & Pacific,1996,1.796
AUS,Australia,East Asia & Pacific,1997,1.778
AUS,Australia,East Asia & Pacific,1998,1.762
AUS,Australia,East Asia & Pacific,1999,1.755
AUS,Australia,East Asia & Pacific,2000,1.756
AUS,Australia,East Asia & Pacific,2001,1.739
AUS,Australia,East Asia & Pacific,2002,1.756
AUS,Australia,East Asia & Pacific,2003,1.748
AUS,Australia,East Asia & Pacific,2004,1.768
AUS,Australia,East Asia & Pacific,2005,1.807
AUS,Australia,East Asia & Pacific,2006,1.908
AUS,Australia,East Asia & Pacific,2007,1.959
AUS,Australia,East Asia & Pacific,2008,1.984
AUS,Australia,East Asia & Pacific,2009,1.971
AUS,Australia,East Asia & Pacific,2010,1.928
AUS,Australia,East Asia & Pacific,2011,1.926
AUS,Australia,East Asia & Pacific,2012,1.92
AUS,Australia,East Asia & Pacific,2013,1.855
AUS,Australia,East Asia & Pacific,2014,1.826
AUS,Australia,East Asia & Pacific,2015,1.814
AUS,Australia,East Asia & Pacific,2016,1.752
AUS,Australia,East Asia & Pacific,2017,1.741
AUS,Australia,East Asia & Pacific,2018,1.74
AUS,Australia,East Asia & Pacific,2019,1.657
AUS,Australia,East Asia & Pacific,2020,1.581
AUS,Australia,East Asia & Pacific,2021,1.7
AUS,Australia,East Asia & Pacific,2022,1.63
AUS,Australia,East Asia & Pacific,2023,1.499
AUS,Australia,East Asia & Pacific,2024,1.481
AUT,Austria,Europe & Central Asia,1960,2.69
AUT,Austria,Europe & Central Asia,1961,2.78
AUT,Austria,Europe & Central Asia,1962,2.8
AUT,Austria,Europe & Central Asia,1963,2.82
AUT,Austria,Europe & Central Asia,1964,2.79
AUT,Austria,Europe & Central Asia,1965,2.7
AUT,Austria,Europe & Central Asia,1966,2.66
AUT,Austria,Europe & Central Asia,1967,2.62
AUT,Austria,Europe & Central Asia,1968,2.58
AUT,Austria,Europe & Central Asia,1969,2.49
AUT,Austria,Europe & Central Asia,1970,2.29
AUT,Austria,Europe & Central Asia,1971,2.2
AUT,Austria,Europe & Central Asia,1972,2.08
AUT,Austria,Europe & Central Asia,1973,1.94
AUT,Austria,Europe & Central Asia,1974,1.91
AUT,Austria,Europe & Central Asia,1975,1.83
AUT,Austria,Europe & Central Asia,1976,1.69
AUT,Austria,Europe & Central Asia,1977,1.63
AUT,Austria,Europe & Central Asia,1978,1.6
AUT,Austria,Europe & Central Asia,1979,1.6
AUT,Austria,Europe & Central Asia,1980,1.65
AUT,Austria,Europe & Central Asia,1981,1.67
AUT,Austria,Europe & Central Asia,1982,1.66
AUT,Austria,Europe & Central Asia,1983,1.56
AUT,Austria,Europe & Central Asia,1984,1.52
AUT,Austria,Europe & Central Asia,1985,1.47
AUT,Austria,Europe & Central Asia,1986,1.45
AUT,Austria,Europe & Central Asia,1987,1.43
AUT,Austria,Europe & Central Asia,1988,1.45
AUT,Austria,Europe & Central Asia,1989,1.45
AUT,Austria,Europe & Central Asia,1990,1.46
AUT,Austria,Europe & Central Asia,1991,1.51
AUT,Austria,Europe & Central Asia,1992,1.51
AUT,Austria,Europe & Central Asia,1993,1.5
AUT,Austria,Europe & Central Asia,1994,1.47
AUT,Austria,Europe & Central Asia,1995,1.42
AUT,Austria,Europe & Central Asia,1996,1.45
AUT,Austria,Europe & Central Asia,1997,1.39
AUT,Austria,Europe & Central Asia,1998,1.37
AUT,Austria,Europe & Central Asia,1999,1.34
AUT,Austria,Europe & Central Asia,2000,1.36
AUT,Austria,Europe & Central Asia,2001,1.33
AUT,Austria,Europe & Central Asia,2002,1.39
AUT,Austria,Europe & Central Asia,2003,1.38
AUT,Austria,Europe & Central Asia,2004,1.42
AUT,Austria,Europe & Central Asia,2005,1.41
AUT,Austria,Europe & Central Asia,2006,1.41
AUT,Austria,Europe & Central Asia,2007,1.38
AUT,Austria,Europe & Central Asia,2008,1.42
AUT,Austria,Europe & Central Asia,2009,1.39
AUT,Austria,Europe & Central Asia,2010,1.44
AUT,Austria,Europe & Central Asia,2011,1.43
AUT,Austria,Europe & Central Asia,2012,1.44
AUT,Austria,Europe & Central Asia,2013,1.44
AUT,Austria,Europe & Central Asia,2014,1.46
AUT,Austria,Europe & Central Asia,2015,1.49
AUT,Austria,Europe & Central Asia,2016,1.53
AUT,Austria,Europe & Central Asia,2017,1.52
AUT,Austria,Europe & Central Asia,2018,1.47
AUT,Austria,Europe & Central Asia,2019,1.46
AUT,Austria,Europe & Central Asia,2020,1.44
AUT,Austria,Europe & Central Asia,2021,1.48
AUT,Austria,Europe & Central Asia,2022,1.41
AUT,Austria,Europe & Central Asia,2023,1.32
AUT,Austria,Europe & Central Asia,2024,1.31
AZE,Azerbaijan,Europe & Central Asia,1960,5.878
AZE,Azerbaijan,Europe & Central Asia,1961,5.937
AZE,Azerbaijan,Europe & Central Asia,1962,5.961
AZE,Azerbaijan,Europe & Central Asia,1963,5.945
AZE,Azerbaijan,Europe & Central Asia,1964,5.888
AZE,Azerbaijan,Europe & Central Asia,1965,5.792
AZE,Azerbaijan,Europe & Central Asia,1966,5.663
AZE,Azerbaijan,Europe & Central Asia,1967,5.377
AZE,Azerbaijan,Europe & Central Asia,1968,5.222
AZE,Azerbaijan,Europe & Central Asia,1969,5.065
AZE,Azerbaijan,Europe & Central Asia,1970,4.913
AZE,Azerbaijan,Europe & Central Asia,1971,4.769
AZE,Azerbaijan,Europe & Central Asia,1972,4.615
AZE,Azerbaijan,Europe & Central Asia,1973,4.451
AZE,Azerbaijan,Europe & Central Asia,1974,4.33
AZE,Azerbaijan,Europe & Central Asia,1975,4.176
AZE,Azerbaijan,Europe & Central Asia,1976,4.018
AZE,Azerbaijan,Europe & Central Asia,1977,3.869
AZE,Azerbaijan,Europe & Central Asia,1978,3.73
AZE,Azerbaijan,Europe & Central Asia,1979,3.605
AZE,Azerbaijan,Europe & Central Asia,1980,3.497
AZE,Azerbaijan,Europe & Central Asia,1981,3.41
AZE,Azerbaijan,Europe & Central Asia,1982,3.343
AZE,Azerbaijan,Europe & Central Asia,1983,3.293
AZE,Azerbaijan,Europe & Central Asia,1984,3.259
AZE,Azerbaijan,Europe & Central Asia,1985,2.91
AZE,Azerbaijan,Europe & Central Asia,1986,2.9
AZE,Azerbaijan,Europe & Central Asia,1987,2.903
AZE,Azerbaijan,Europe & Central Asia,1988,2.8
AZE,Azerbaijan,Europe & Central Asia,1989,2.8
AZE,Azerbaijan,Europe & Central Asia,1990,2.74
AZE,Azerbaijan,Europe & Central Asia,1991,2.87
AZE,Azerbaijan,Europe & Central Asia,1992,2.74
AZE,Azerbaijan,Europe & Central Asia,1993,2.7
AZE,Azerbaijan,Europe & Central Asia,1994,2.52
AZE,Azerbaijan,Europe & Central Asia,1995,2.29
AZE,Azerbaijan,Europe & Central Asia,1996,2.06
AZE,Azerbaijan,Europe & Central Asia,1997,2.07
AZE,Azerbaijan,Europe & Central Asia,1998,2.0
AZE,Azerbaijan,Europe & Central Asia,1999,2.07
AZE,Azerbaijan,Europe & Central Asia,2000,2.0
AZE,Azerbaijan,Europe & Central Asia,2001,1.8
AZE,Azerbaijan,Europe & Central Asia,2002,1.8
AZE,Azerbaijan,Europe & Central Asia,2003,1.9
AZE,Azerbaijan,Europe & Central Asia,2004,2.054
AZE,Azerbaijan,Europe & Central Asia,2005,2.0
AZE,Azerbaijan,Europe & Central Asia,2006,1.97
AZE,Azerbaijan,Europe & Central Asia,2007,1.97
AZE,Azerbaijan,Europe & Central Asia,2008,1.9
AZE,Azerbaijan,Europe & Central Asia,2009,1.82
AZE,Azerbaijan,Europe & Central Asia,2010,1.92
AZE,Azerbaijan,Europe & Central Asia,2011,1.96
AZE,Azerbaijan,Europe & Central Asia,2012,2.0
AZE,Azerbaijan,Europe & Central Asia,2013,1.98
AZE,Azerbaijan,Europe & Central Asia,2014,1.97
AZE,Azerbaijan,Europe & Central Asia,2015,1.94
AZE,Azerbaijan,Europe & Central Asia,2016,1.9
AZE,Azerbaijan,Europe & Central Asia,2017,1.75
AZE,Azerbaijan,Europe & Central Asia,2018,1.73
AZE,Azerbaijan,Europe & Central Asia,2019,1.81
AZE,Azerbaijan,Europe & Central Asia,2020,1.7
AZE,Azerbaijan,Europe & Central Asia,2021,1.52
AZE,Azerbaijan,Europe & Central Asia,2022,1.67
AZE,Azerbaijan,Europe & Central Asia,2023,1.55
AZE,Azerbaijan,Europe & Central Asia,2024,1.43
BDI,Burundi,Sub-Saharan Africa,1960,7.003
BDI,Burundi,Sub-Saharan Africa,1961,7.023
BDI,Burundi,Sub-Saharan Africa,1962,7.038
BDI,Burundi,Sub-Saharan Africa,1963,7.067
BDI,Burundi,Sub-Saharan Africa,1964,7.09
BDI,Burundi,Sub-Saharan Africa,1965,7.113
BDI,Burundi,Sub-Saharan Africa,1966,7.135
BDI,Burundi,Sub-Saharan Africa,1967,7.156
BDI,Burundi,Sub-Saharan Africa,1968,7.18
BDI,Burundi,Sub-Saharan Africa,1969,7.215
BDI,Burundi,Sub-Saharan Africa,1970,7.214
BDI,Burundi,Sub-Saharan Africa,1971,7.213
BDI,Burundi,Sub-Saharan Africa,1972,7.21
BDI,Burundi,Sub-Saharan Africa,1973,7.215
BDI,Burundi,Sub-Saharan Africa,1974,7.222
BDI,Burundi,Sub-Saharan Africa,1975,7.244
BDI,Burundi,Sub-Saharan Africa,1976,7.248
BDI,Burundi,Sub-Saharan Africa,1977,7.245
BDI,Burundi,Sub-Saharan Africa,1978,7.259
BDI,Burundi,Sub-Saharan Africa,1979,7.307
BDI,Burundi,Sub-Saharan Africa,1980,7.353
BDI,Burundi,Sub-Saharan Africa,1981,7.329
BDI,Burundi,Sub-Saharan Africa,1982,7.314
BDI,Burundi,Sub-Saharan Africa,1983,7.298
BDI,Burundi,Sub-Saharan Africa,1984,7.295
BDI,Burundi,Sub-Saharan Africa,1985,7.294
BDI,Burundi,Sub-Saharan Africa,1986,7.32
BDI,Burundi,Sub-Saharan Africa,1987,7.38
BDI,Burundi,Sub-Saharan Africa,1988,7.383
BDI,Burundi,Sub-Saharan Africa,1989,7.387
BDI,Burundi,Sub-Saharan Africa,1990,7.365
BDI,Burundi,Sub-Saharan Africa,1991,7.336
BDI,Burundi,Sub-Saharan Africa,1992,7.301
BDI,Burundi,Sub-Saharan Africa,1993,7.272
BDI,Burundi,Sub-Saharan Africa,1994,7.23
BDI,Burundi,Sub-Saharan Africa,1995,7.184
BDI,Burundi,Sub-Saharan Africa,1996,7.123
BDI,Burundi,Sub-Saharan Africa,1997,7.04
BDI,Burundi,Sub-Saharan Africa,1998,6.958
BDI,Burundi,Sub-Saharan Africa,1999,6.897
BDI,Burundi,Sub-Saharan Africa,2000,6.872
BDI,Burundi,Sub-Saharan Africa,2001,6.849
BDI,Burundi,Sub-Saharan Africa,2002,6.819
BDI,Burundi,Sub-Saharan Africa,2003,6.785
BDI,Burundi,Sub-Saharan Africa,2004,6.746
BDI,Burundi,Sub-Saharan Africa,2005,6.708
BDI,Burundi,Sub-Saharan Africa,2006,6.659
BDI,Burundi,Sub-Saharan Africa,2007,6.588
BDI,Burundi,Sub-Saharan Africa,2008,6.515
BDI,Burundi,Sub-Saharan Africa,2009,6.409
BDI,Burundi,Sub-Saharan Africa,2010,6.26
BDI,Burundi,Sub-Saharan Africa,2011,6.108
BDI,Burundi,Sub-Saharan Africa,2012,5.991
BDI,Burundi,Sub-Saharan Africa,2013,5.889
BDI,Burundi,Sub-Saharan Africa,2014,5.794
BDI,Burundi,Sub-Saharan Africa,2015,5.695
BDI,Burundi,Sub-Saharan Africa,2016,5.587
BDI,Burundi,Sub-Saharan Africa,2017,5.481
BDI,Burundi,Sub-Saharan Africa,2018,5.38
BDI,Burundi,Sub-Saharan Africa,2019,5.271
BDI,Burundi,Sub-Saharan Africa,2020,5.177
BDI,Burundi,Sub-Saharan Africa,2021,5.078
BDI,Burundi,Sub-Saharan Africa,2022,4.98
BDI,Burundi,Sub-Saharan Africa,2023,4.878
BDI,Burundi,Sub-Saharan Africa,2024,4.789
BEL,Belgium,Europe & Central Asia,1960,2.54
BEL,Belgium,Europe & Central Asia,1961,2.63
BEL,Belgium,Europe & Central Asia,1962,2.59
BEL,Belgium,Europe & Central Asia,1963,2.68
BEL,Belgium,Europe & Central Asia,1964,2.71
BEL,Belgium,Europe & Central Asia,1965,2.61
BEL,Belgium,Europe & Central Asia,1966,2.52
BEL,Belgium,Europe & Central Asia,1967,2.41
BEL,Belgium,Europe & Central Asia,1968,2.31
BEL,Belgium,Europe & Central Asia,1969,2.27
BEL,Belgium,Europe & Central Asia,1970,2.25
BEL,Belgium,Europe & Central Asia,1971,2.21
BEL,Belgium,Europe & Central Asia,1972,2.09
BEL,Belgium,Europe & Central Asia,1973,1.95
BEL,Belgium,Europe & Central Asia,1974,1.83
BEL,Belgium,Europe & Central Asia,1975,1.74
BEL,Belgium,Europe & Central Asia,1976,1.73
BEL,Belgium,Europe & Central Asia,1977,1.71
BEL,Belgium,Europe & Central Asia,1978,1.69
BEL,Belgium,Europe & Central Asia,1979,1.69
BEL,Belgium,Europe & Central Asia,1980,1.68
BEL,Belgium,Europe & Central Asia,1981,1.66
BEL,Belgium,Europe & Central Asia,1982,1.61
BEL,Belgium,Europe & Central Asia,1983,1.57
BEL,Belgium,Europe & Central Asia,1984,1.54
BEL,Belgium,Europe & Central Asia,1985,1.51
BEL,Belgium,Europe & Central Asia,1986,1.54
BEL,Belgium,Europe & Central Asia,1987,1.54
BEL,Belgium,Europe & Central Asia,1988,1.57
BEL,Belgium,Europe & Central Asia,1989,1.58
BEL,Belgium,Europe & Central Asia,1990,1.62
BEL,Belgium,Europe & Central Asia,1991,1.66
BEL,Belgium,Europe & Central Asia,1992,1.65
BEL,Belgium,Europe & Central Asia,1993,1.61
BEL,Belgium,Europe & Central Asia,1994,1.56
BEL,Belgium,Europe & Central Asia,1995,1.56
BEL,Belgium,Europe & Central Asia,1996,1.59
BEL,Belgium,Europe & Central Asia,1997,1.6
BEL,Belgium,Europe & Central Asia,1998,1.6
BEL,Belgium,Europe & Central Asia,1999,1.62
BEL,Belgium,Europe & Central Asia,2000,1.67
BEL,Belgium,Europe & Central Asia,2001,1.67
BEL,Belgium,Europe & Central Asia,2002,1.65
BEL,Belgium,Europe & Central Asia,2003,1.67
BEL,Belgium,Europe & Central Asia,2004,1.72
BEL,Belgium,Europe & Central Asia,2005,1.76
BEL,Belgium,Europe & Central Asia,2006,1.8
BEL,Belgium,Europe & Central Asia,2007,1.82
BEL,Belgium,Europe & Central Asia,2008,1.85
BEL,Belgium,Europe & Central Asia,2009,1.84
BEL,Belgium,Europe & Central Asia,2010,1.86
BEL,Belgium,Europe & Central Asia,2011,1.81
BEL,Belgium,Europe & Central Asia,2012,1.8
BEL,Belgium,Europe & Central Asia,2013,1.76
BEL,Belgium,Europe & Central Asia,2014,1.74
BEL,Belgium,Europe & Central Asia,2015,1.7
BEL,Belgium,Europe & Central Asia,2016,1.68
BEL,Belgium,Europe & Central Asia,2017,1.65
BEL,Belgium,Europe & Central Asia,2018,1.62
BEL,Belgium,Europe & Central Asia,2019,1.6
BEL,Belgium,Europe & Central Asia,2020,1.55
BEL,Belgium,Europe & Central Asia,2021,1.6
BEL,Belgium,Europe & Central Asia,2022,1.53
BEL,Belgium,Europe & Central Asia,2023,1.47
BEL,Belgium,Europe & Central Asia,2024,1.44
BEN,Benin,Sub-Saharan Africa,1960,6.282
BEN,Benin,Sub-Saharan Africa,1961,6.402
BEN,Benin,Sub-Saharan Africa,1962,6.457
BEN,Benin,Sub-Saharan Africa,1963,6.51
BEN,Benin,Sub-Saharan Africa,1964,6.565
BEN,Benin,Sub-Saharan Africa,1965,6.605
BEN,Benin,Sub-Saharan Africa,1966,6.625
BEN,Benin,Sub-Saharan Africa,1967,6.643
BEN,Benin,Sub-Saharan Africa,1968,6.669
BEN,Benin,Sub-Saharan Africa,1969,6.705
BEN,Benin,Sub-Saharan Africa,1970,6.735
BEN,Benin,Sub-Saharan Africa,1971,6.766
BEN,Benin,Sub-Saharan Africa,1972,6.799
BEN,Benin,Sub-Saharan Africa,1973,6.809
BEN,Benin,Sub-Saharan Africa,1974,6.822
BEN,Benin,Sub-Saharan Africa,1975,6.83
BEN,Benin,Sub-Saharan Africa,1976,6.83
BEN,Benin,Sub-Saharan Africa,1977,6.832
BEN,Benin,Sub-Saharan Africa,1978,6.824
BEN,Benin,Sub-Saharan Africa,1979,6.905
BEN,Benin,Sub-Saharan Africa,1980,6.989
BEN,Benin,Sub-Saharan Africa,1981,7.056
BEN,Benin,Sub-Saharan Africa,1982,7.055
BEN,Benin,Sub-Saharan Africa,1983,7.045
BEN,Benin,Sub-Saharan Africa,1984,7.031
BEN,Benin,Sub-Saharan Africa,1985,7.003
BEN,Benin,Sub-Saharan Africa,1986,6.962
BEN,Benin,Sub-Saharan Africa,1987,6.918
BEN,Benin,Sub-Saharan Africa,1988,6.871
BEN,Benin,Sub-Saharan Africa,1989,6.815
BEN,Benin,Sub-Saharan Africa,1990,6.741
BEN,Benin,Sub-Saharan Africa,1991,6.666
BEN,Benin,Sub-Saharan Africa,1992,6.593
BEN,Benin,Sub-Saharan Africa,1993,6.51
BEN,Benin,Sub-Saharan Africa,1994,6.419
BEN,Benin,Sub-Saharan Africa,1995,6.33
BEN,Benin,Sub-Saharan Africa,1996,6.279
BEN,Benin,Sub-Saharan Africa,1997,6.23
BEN,Benin,Sub-Saharan Africa,1998,6.136
BEN,Benin,Sub-Saharan Africa,1999,6.032
BEN,Benin,Sub-Saharan Africa,2000,5.937
BEN,Benin,Sub-Saharan Africa,2001,5.848
BEN,Benin,Sub-Saharan Africa,2002,5.793
BEN,Benin,Sub-Saharan Africa,2003,5.763
BEN,Benin,Sub-Saharan Africa,2004,5.718
BEN,Benin,Sub-Saharan Africa,2005,5.692
BEN,Benin,Sub-Saharan Africa,2006,5.673
BEN,Benin,Sub-Saharan Africa,2007,5.627
BEN,Benin,Sub-Saharan Africa,2008,5.548
BEN,Benin,Sub-Saharan Africa,2009,5.491
BEN,Benin,Sub-Saharan Africa,2010,5.452
BEN,Benin,Sub-Saharan Africa,2011,5.436
BEN,Benin,Sub-Saharan Africa,2012,5.429
BEN,Benin,Sub-Saharan Africa,2013,5.41
BEN,Benin,Sub-Saharan Africa,2014,5.374
BEN,Benin,Sub-Saharan Africa,2015,5.32
BEN,Benin,Sub-Saharan Africa,2016,5.254
BEN,Benin,Sub-Saharan Africa,2017,5.155
BEN,Benin,Sub-Saharan Africa,2018,5.031
BEN,Benin,Sub-Saharan Africa,2019,4.9
BEN,Benin,Sub-Saharan Africa,2020,4.795
BEN,Benin,Sub-Saharan Africa,2021,4.707
BEN,Benin,Sub-Saharan Africa,2022,4.634
BEN,Benin,Sub-Saharan Africa,2023,4.556
BEN,Benin,Sub-Saharan Africa,2024,4.48
BFA,Burkina Faso,Sub-Saharan Africa,1960,6.248
BFA,Burkina Faso,Sub-Saharan Africa,1961,6.286
BFA,Burkina Faso,Sub-Saharan Africa,1962,6.322
BFA,Burkina Faso,Sub-Saharan Africa,1963,6.356
BFA,Burkina Faso,Sub-Saharan Africa,1964,6.419
BFA,Burkina Faso,Sub-Saharan Africa,1965,6.471
BFA,Burkina Faso,Sub-Saharan Africa,1966,6.527
BFA,Burkina Faso,Sub-Saharan Africa,1967,6.585
BFA,Burkina Faso,Sub-Saharan Africa,1968,6.645
BFA,Burkina Faso,Sub-Saharan Africa,1969,6.664
BFA,Burkina Faso,Sub-Saharan Africa,1970,6.685
BFA,Burkina Faso,Sub-Saharan Africa,1971,6.698
BFA,Burkina Faso,Sub-Saharan Africa,1972,6.719
BFA,Burkina Faso,Sub-Saharan Africa,1973,6.77
BFA,Burkina Faso,Sub-Saharan Africa,1974,6.842
BFA,Burkina Faso,Sub-Saharan Africa,1975,6.913
BFA,Burkina Faso,Sub-Saharan Africa,1976,6.952
BFA,Burkina Faso,Sub-Saharan Africa,1977,7.046
BFA,Burkina Faso,Sub-Saharan Africa,1978,7.148
BFA,Burkina Faso,Sub-Saharan Africa,1979,7.194
BFA,Burkina Faso,Sub-Saharan Africa,1980,7.222
BFA,Burkina Faso,Sub-Saharan Africa,1981,7.256
BFA,Burkina Faso,Sub-Saharan Africa,1982,7.253
BFA,Burkina Faso,Sub-Saharan Africa,1983,7.251
BFA,Burkina Faso,Sub-Saharan Africa,1984,7.245
BFA,Burkina Faso,Sub-Saharan Africa,1985,7.242
BFA,Burkina Faso,Sub-Saharan Africa,1986,7.218
BFA,Burkina Faso,Sub-Saharan Africa,1987,7.168
BFA,Burkina Faso,Sub-Saharan Africa,1988,7.109
BFA,Burkina Faso,Sub-Saharan Africa,1989,7.047
BFA,Burkina Faso,Sub-Saharan Africa,1990,7.009
BFA,Burkina Faso,Sub-Saharan Africa,1991,6.973
BFA,Burkina Faso,Sub-Saharan Africa,1992,6.936
BFA,Burkina Faso,Sub-Saharan Africa,1993,6.889
BFA,Burkina Faso,Sub-Saharan Africa,1994,6.843
BFA,Burkina Faso,Sub-Saharan Africa,1995,6.814
BFA,Burkina Faso,Sub-Saharan Africa,1996,6.779
BFA,Burkina Faso,Sub-Saharan Africa,1997,6.724
BFA,Burkina Faso,Sub-Saharan Africa,1998,6.661
BFA,Burkina Faso,Sub-Saharan Africa,1999,6.586
BFA,Burkina Faso,Sub-Saharan Africa,2000,6.519
BFA,Burkina Faso,Sub-Saharan Africa,2001,6.431
BFA,Burkina Faso,Sub-Saharan Africa,2002,6.339
BFA,Burkina Faso,Sub-Saharan Africa,2003,6.28
BFA,Burkina Faso,Sub-Saharan Africa,2004,6.216
BFA,Burkina Faso,Sub-Saharan Africa,2005,6.182
BFA,Burkina Faso,Sub-Saharan Africa,2006,6.17
BFA,Burkina Faso,Sub-Saharan Africa,2007,6.11
BFA,Burkina Faso,Sub-Saharan Africa,2008,6.05
BFA,Burkina Faso,Sub-Saharan Africa,2009,5.992
BFA,Burkina Faso,Sub-Saharan Africa,2010,5.936
BFA,Burkina Faso,Sub-Saharan Africa,2011,5.869
BFA,Burkina Faso,Sub-Saharan Africa,2012,5.793
BFA,Burkina Faso,Sub-Saharan Africa,2013,5.697
BFA,Burkina Faso,Sub-Saharan Africa,2014,5.595
BFA,Burkina Faso,Sub-Saharan Africa,2015,5.478
BFA,Burkina Faso,Sub-Saharan Africa,2016,5.331
BFA,Burkina Faso,Sub-Saharan Africa,2017,5.17
BFA,Burkina Faso,Sub-Saharan Africa,2018,4.921
BFA,Burkina Faso,Sub-Saharan Africa,2019,4.681
BFA,Burkina Faso,Sub-Saharan Africa,2020,4.44
BFA,Burkina Faso,Sub-Saharan Africa,2021,4.361
BFA,Burkina Faso,Sub-Saharan Africa,2022,4.275
BFA,Burkina Faso,Sub-Saharan Africa,2023,4.186
BFA,Burkina Faso,Sub-Saharan Africa,2024,4.11
BGD,Bangladesh,South Asia,1960,6.742
BGD,Bangladesh,South Asia,1961,6.78
BGD,Bangladesh,South Asia,1962,6.806
BGD,Bangladesh,South Asia,1963,6.798
BGD,Bangladesh,South Asia,1964,6.785
BGD,Bangladesh,South Asia,1965,6.771
BGD,Bangladesh,South Asia,1966,6.766
BGD,Bangladesh,South Asia,1967,6.79
BGD,Bangladesh,South Asia,1968,6.791
BGD,Bangladesh,South Asia,1969,6.806
BGD,Bangladesh,South Asia,1970,6.839
BGD,Bangladesh,South Asia,1971,6.831
BGD,Bangladesh,South Asia,1972,6.816
BGD,Bangladesh,South Asia,1973,6.8
BGD,Bangladesh,South Asia,1974,6.778
BGD,Bangladesh,South Asia,1975,6.728
BGD,Bangladesh,South Asia,1976,6.66
BGD,Bangladesh,South Asia,1977,6.583
BGD,Bangladesh,South Asia,1978,6.509
BGD,Bangladesh,South Asia,1979,6.421
BGD,Bangladesh,South Asia,1980,6.326
BGD,Bangladesh,South Asia,1981,6.237
BGD,Bangladesh,South Asia,1982,6.118
BGD,Bangladesh,South Asia,1983,5.906
BGD,Bangladesh,South Asia,1984,5.732
BGD,Bangladesh,South Asia,1985,5.539
BGD,Bangladesh,South Asia,1986,5.302
BGD,Bangladesh,South Asia,1987,5.075
BGD,Bangladesh,South Asia,1988,4.849
BGD,Bangladesh,South Asia,1989,4.695
BGD,Bangladesh,South Asia,1990,4.506
BGD,Bangladesh,South Asia,1991,4.261
BGD,Bangladesh,South Asia,1992,4.027
BGD,Bangladesh,South Asia,1993,3.832
BGD,Bangladesh,South Asia,1994,3.737
BGD,Bangladesh,South Asia,1995,3.588
BGD,Bangladesh,South Asia,1996,3.505
BGD,Bangladesh,South Asia,1997,3.502
BGD,Bangladesh,South Asia,1998,3.427
BGD,Bangladesh,South Asia,1999,3.357
BGD,Bangladesh,South Asia,2000,3.279
BGD,Bangladesh,South Asia,2001,3.203
BGD,Bangladesh,South Asia,2002,3.126
BGD,Bangladesh,South Asia,2003,3.029
BGD,Bangladesh,South Asia,2004,2.94
BGD,Bangladesh,South Asia,2005,2.846
BGD,Bangladesh,South Asia,2006,2.755
BGD,Bangladesh,South Asia,2007,2.666
BGD,Bangladesh,South Asia,2008,2.577
BGD,Bangladesh,South Asia,2009,2.484
BGD,Bangladesh,South Asia,2010,2.38
BGD,Bangladesh,South Asia,2011,2.309
BGD,Bangladesh,South Asia,2012,2.263
BGD,Bangladesh,South Asia,2013,2.247
BGD,Bangladesh,South Asia,2014,2.228
BGD,Bangladesh,South Asia,2015,2.227
BGD,Bangladesh,South Asia,2016,2.227
BGD,Bangladesh,South Asia,2017,2.205
BGD,Bangladesh,South Asia,2018,2.193
BGD,Bangladesh,South Asia,2019,2.18
BGD,Bangladesh,South Asia,2020,2.175
BGD,Bangladesh,South Asia,2021,2.173
BGD,Bangladesh,South Asia,2022,2.179
BGD,Bangladesh,South Asia,2023,2.163
BGD,Bangladesh,South Asia,2024,2.138
BGR,Bulgaria,Europe & Central Asia,1960,2.31
BGR,Bulgaria,Europe & Central Asia,1961,2.29
BGR,Bulgaria,Europe & Central Asia,1962,2.24
BGR,Bulgaria,Europe & Central Asia,1963,2.21
BGR,Bulgaria,Europe & Central Asia,1964,2.19
BGR,Bulgaria,Europe & Central Asia,1965,2.09
BGR,Bulgaria,Europe & Central Asia,1966,2.03
BGR,Bulgaria,Europe & Central Asia,1967,2.02
BGR,Bulgaria,Europe & Central Asia,1968,2.27
BGR,Bulgaria,Europe & Central Asia,1969,2.27
BGR,Bulgaria,Europe & Central Asia,1970,2.17
BGR,Bulgaria,Europe & Central Asia,1971,2.1
BGR,Bulgaria,Europe & Central Asia,1972,2.03
BGR,Bulgaria,Europe & Central Asia,1973,2.15
BGR,Bulgaria,Europe & Central Asia,1974,2.29
BGR,Bulgaria,Europe & Central Asia,1975,2.23
BGR,Bulgaria,Europe & Central Asia,1976,2.24
BGR,Bulgaria,Europe & Central Asia,1977,2.21
BGR,Bulgaria,Europe & Central Asia,1978,2.15
BGR,Bulgaria,Europe & Central Asia,1979,2.16
BGR,Bulgaria,Europe & Central Asia,1980,2.05
BGR,Bulgaria,Europe & Central Asia,1981,2.0
BGR,Bulgaria,Europe & Central Asia,1982,2.01
BGR,Bulgaria,Europe & Central Asia,1983,2.01
BGR,Bulgaria,Europe & Central Asia,1984,2.01
BGR,Bulgaria,Europe & Central Asia,1985,1.97
BGR,Bulgaria,Europe & Central Asia,1986,2.02
BGR,Bulgaria,Europe & Central Asia,1987,1.96
BGR,Bulgaria,Europe & Central Asia,1988,1.97
BGR,Bulgaria,Europe & Central Asia,1989,1.9
BGR,Bulgaria,Europe & Central Asia,1990,1.82
BGR,Bulgaria,Europe & Central Asia,1991,1.66
BGR,Bulgaria,Europe & Central Asia,1992,1.55
BGR,Bulgaria,Europe & Central Asia,1993,1.46
BGR,Bulgaria,Europe & Central Asia,1994,1.37
BGR,Bulgaria,Europe & Central Asia,1995,1.23
BGR,Bulgaria,Europe & Central Asia,1996,1.23
BGR,Bulgaria,Europe & Central Asia,1997,1.09
BGR,Bulgaria,Europe & Central Asia,1998,1.11
BGR,Bulgaria,Europe & Central Asia,1999,1.23
BGR,Bulgaria,Europe & Central Asia,2000,1.26
BGR,Bulgaria,Europe & Central Asia,2001,1.21
BGR,Bulgaria,Europe & Central Asia,2002,1.23
BGR,Bulgaria,Europe & Central Asia,2003,1.26
BGR,Bulgaria,Europe & Central Asia,2004,1.33
BGR,Bulgaria,Europe & Central Asia,2005,1.37
BGR,Bulgaria,Europe & Central Asia,2006,1.44
BGR,Bulgaria,Europe & Central Asia,2007,1.49
BGR,Bulgaria,Europe & Central Asia,2008,1.56
BGR,Bulgaria,Europe & Central Asia,2009,1.66
BGR,Bulgaria,Europe & Central Asia,2010,1.57
BGR,Bulgaria,Europe & Central Asia,2011,1.51
BGR,Bulgaria,Europe & Central Asia,2012,1.5
BGR,Bulgaria,Europe & Central Asia,2013,1.54
BGR,Bulgaria,Europe & Central Asia,2014,1.62
BGR,Bulgaria,Europe & Central Asia,2015,1.64
BGR,Bulgaria,Europe & Central Asia,2016,1.67
BGR,Bulgaria,Europe & Central Asia,2017,1.71
BGR,Bulgaria,Europe & Central Asia,2018,1.73
BGR,Bulgaria,Europe & Central Asia,2019,1.79
BGR,Bulgaria,Europe & Central Asia,2020,1.77
BGR,Bulgaria,Europe & Central Asia,2021,1.8
BGR,Bulgaria,Europe & Central Asia,2022,1.78
BGR,Bulgaria,Europe & Central Asia,2023,1.81
BGR,Bulgaria,Europe & Central Asia,2024,1.72
BHR,Bahrain,Middle East & North Africa,1960,7.262
BHR,Bahrain,Middle East & North Africa,1961,7.231
BHR,Bahrain,Middle East & North Africa,1962,7.185
BHR,Bahrain,Middle East & North Africa,1963,7.137
BHR,Bahrain,Middle East & North Africa,1964,7.091
BHR,Bahrain,Middle East & North Africa,1965,7.027
BHR,Bahrain,Middle East & North Africa,1966,6.944
BHR,Bahrain,Middle East & North Africa,1967,6.843
BHR,Bahrain,Middle East & North Africa,1968,6.708
BHR,Bahrain,Middle East & North Africa,1969,6.57
BHR,Bahrain,Middle East & North Africa,1970,6.428
BHR,Bahrain,Middle East & North Africa,1971,6.284
BHR,Bahrain,Middle East & North Africa,1972,6.139
BHR,Bahrain,Middle East & North Africa,1973,5.965
BHR,Bahrain,Middle East & North Africa,1974,5.787
BHR,Bahrain,Middle East & North Africa,1975,5.618
BHR,Bahrain,Middle East & North Africa,1976,5.454
BHR,Bahrain,Middle East & North Africa,1977,5.287
BHR,Bahrain,Middle East & North Africa,1978,5.12
BHR,Bahrain,Middle East & North Africa,1979,4.937
BHR,Bahrain,Middle East & North Africa,1980,4.762
BHR,Bahrain,Middle East & North Africa,1981,4.602
BHR,Bahrain,Middle East & North Africa,1982,4.505
BHR,Bahrain,Middle East & North Africa,1983,4.406
BHR,Bahrain,Middle East & North Africa,1984,4.303
BHR,Bahrain,Middle East & North Africa,1985,4.281
BHR,Bahrain,Middle East & North Africa,1986,4.254
BHR,Bahrain,Middle East & North Africa,1987,4.133
BHR,Bahrain,Middle East & North Africa,1988,4.04
BHR,Bahrain,Middle East & North Africa,1989,3.956
BHR,Bahrain,Middle East & North Africa,1990,3.817
BHR,Bahrain,Middle East & North Africa,1991,3.625
BHR,Bahrain,Middle East & North Africa,1992,3.548
BHR,Bahrain,Middle East & North Africa,1993,3.461
BHR,Bahrain,Middle East & North Africa,1994,3.291
BHR,Bahrain,Middle East & North Africa,1995,3.128
BHR,Bahrain,Middle East & North Africa,1996,2.986
BHR,Bahrain,Middle East & North Africa,1997,2.924
BHR,Bahrain,Middle East & North Africa,1998,2.889
BHR,Bahrain,Middle East & North Africa,1999,2.899
BHR,Bahrain,Middle East & North Africa,2000,2.798
BHR,Bahrain,Middle East & North Africa,2001,2.653
BHR,Bahrain,Middle East & North Africa,2002,2.699
BHR,Bahrain,Middle East & North Africa,2003,2.778
BHR,Bahrain,Middle East & North Africa,2004,2.774
BHR,Bahrain,Middle East & North Africa,2005,2.67
BHR,Bahrain,Middle East & North Africa,2006,2.464
BHR,Bahrain,Middle East & North Africa,2007,2.282
BHR,Bahrain,Middle East & North Africa,2008,2.152
BHR,Bahrain,Middle East & North Africa,2009,2.047
BHR,Bahrain,Middle East & North Africa,2010,1.987
BHR,Bahrain,Middle East & North Africa,2011,2.025
BHR,Bahrain,Middle East & North Africa,2012,2.11
BHR,Bahrain,Middle East & North Africa,2013,2.166
BHR,Bahrain,Middle East & North Africa,2014,2.149
BHR,Bahrain,Middle East & North Africa,2015,2.113
BHR,Bahrain,Middle East & North Africa,2016,2.042
BHR,Bahrain,Middle East & North Africa,2017,1.984
BHR,Bahrain,Middle East & North Africa,2018,1.911
BHR,Bahrain,Middle East & North Africa,2019,1.843
BHR,Bahrain,Middle East & North Africa,2020,1.86
BHR,Bahrain,Middle East & North Africa,2021,1.852
BHR,Bahrain,Middle East & North Africa,2022,1.839
BHR,Bahrain,Middle East & North Africa,2023,1.824
BHR,Bahrain,Middle East & North Africa,2024,1.805
BHS,"Bahamas, The",Latin America & Caribbean,1960,5.093
BHS,"Bahamas, The",Latin America & Caribbean,1961,5.156
BHS,"Bahamas, The",Latin America & Caribbean,1962,5.125
BHS,"Bahamas, The",Latin America & Caribbean,1963,5.062
BHS,"Bahamas, The",Latin America & Caribbean,1964,4.969
BHS,"Bahamas, The",Latin America & Caribbean,1965,4.884
BHS,"Bahamas, The",Latin America & Caribbean,1966,4.788
BHS,"Bahamas, The",Latin America & Caribbean,1967,4.689
BHS,"Bahamas, The",Latin America & Caribbean,1968,4.556
BHS,"Bahamas, The",Latin America & Caribbean,1969,4.38
BHS,"Bahamas, The",Latin America & Caribbean,1970,4.212
BHS,"Bahamas, The",Latin America & Caribbean,1971,4.058
BHS,"Bahamas, The",Latin America & Caribbean,1972,3.886
BHS,"Bahamas, The",Latin America & Caribbean,1973,3.726
BHS,"Bahamas, The",Latin America & Caribbean,1974,3.572
BHS,"Bahamas, The",Latin America & Caribbean,1975,3.424
BHS,"Bahamas, The",Latin America & Caribbean,1976,3.297
BHS,"Bahamas, The",Latin America & Caribbean,1977,3.167
BHS,"Bahamas, The",Latin America & Caribbean,1978,3.052
BHS,"Bahamas, The",Latin America & Caribbean,1979,2.937
BHS,"Bahamas, The",Latin America & Caribbean,1980,2.842
BHS,"Bahamas, The",Latin America & Caribbean,1981,2.771
BHS,"Bahamas, The",Latin America & Caribbean,1982,2.708
BHS,"Bahamas, The",Latin America & Caribbean,1983,2.652
BHS,"Bahamas, The",Latin America & Caribbean,1984,2.591
BHS,"Bahamas, The",Latin America & Caribbean,1985,2.546
BHS,"Bahamas, The",Latin America & Caribbean,1986,2.529
BHS,"Bahamas, The",Latin America & Caribbean,1987,2.52
BHS,"Bahamas, The",Latin America & Caribbean,1988,2.519
BHS,"Bahamas, The",Latin America & Caribbean,1989,2.523
BHS,"Bahamas, The",Latin America & Caribbean,1990,2.52
BHS,"Bahamas, The",Latin America & Caribbean,1991,2.51
BHS,"Bahamas, The",Latin America & Caribbean,1992,2.71
BHS,"Bahamas, The",Latin America & Caribbean,1993,2.61
BHS,"Bahamas, The",Latin America & Caribbean,1994,2.472
BHS,"Bahamas, The",Latin America & Caribbean,1995,2.419
BHS,"Bahamas, The",Latin America & Caribbean,1996,2.353
BHS,"Bahamas, The",Latin America & Caribbean,1997,2.293
BHS,"Bahamas, The",Latin America & Caribbean,1998,2.232
BHS,"Bahamas, The",Latin America & Caribbean,1999,2.134
BHS,"Bahamas, The",Latin America & Caribbean,2000,2.06
BHS,"Bahamas, The",Latin America & Caribbean,2001,2.02
BHS,"Bahamas, The",Latin America & Caribbean,2002,1.984
BHS,"Bahamas, The",Latin America & Caribbean,2003,1.971
BHS,"Bahamas, The",Latin America & Caribbean,2004,1.98
BHS,"Bahamas, The",Latin America & Caribbean,2005,2.008
BHS,"Bahamas, The",Latin America & Caribbean,2006,2.019
BHS,"Bahamas, The",Latin America & Caribbean,2007,2.035
BHS,"Bahamas, The",Latin America & Caribbean,2008,1.999
BHS,"Bahamas, The",Latin America & Caribbean,2009,2.011
BHS,"Bahamas, The",Latin America & Caribbean,2010,1.837
BHS,"Bahamas, The",Latin America & Caribbean,2011,1.791
BHS,"Bahamas, The",Latin America & Caribbean,2012,1.761
BHS,"Bahamas, The",Latin America & Caribbean,2013,1.738
BHS,"Bahamas, The",Latin America & Caribbean,2014,1.687
BHS,"Bahamas, The",Latin America & Caribbean,2015,1.574
BHS,"Bahamas, The",Latin America & Caribbean,2016,1.495
BHS,"Bahamas, The",Latin America & Caribbean,2017,1.424
BHS,"Bahamas, The",Latin America & Caribbean,2018,1.404
BHS,"Bahamas, The",Latin America & Caribbean,2019,1.397
BHS,"Bahamas, The",Latin America & Caribbean,2020,1.386
BHS,"Bahamas, The",Latin America & Caribbean,2021,1.382
BHS,"Bahamas, The",Latin America & Caribbean,2022,1.379
BHS,"Bahamas, The",Latin America & Caribbean,2023,1.373
BHS,"Bahamas, The",Latin America & Caribbean,2024,1.374
BIH,Bosnia and Herzegovina,Europe & Central Asia,1960,3.963
BIH,Bosnia and Herzegovina,Europe & Central Asia,1961,3.888
BIH,Bosnia and Herzegovina,Europe & Central Asia,1962,3.805
BIH,Bosnia and Herzegovina,Europe & Central Asia,1963,3.7
BIH,Bosnia and Herzegovina,Europe & Central Asia,1964,3.6
BIH,Bosnia and Herzegovina,Europe & Central Asia,1965,3.53
BIH,Bosnia and Herzegovina,Europe & Central Asia,1966,3.394
BIH,Bosnia and Herzegovina,Europe & Central Asia,1967,3.219
BIH,Bosnia and Herzegovina,Europe & Central Asia,1968,3.076
BIH,Bosnia and Herzegovina,Europe & Central Asia,1969,2.954
BIH,Bosnia and Herzegovina,Europe & Central Asia,1970,2.791
BIH,Bosnia and Herzegovina,Europe & Central Asia,1971,2.749
BIH,Bosnia and Herzegovina,Europe & Central Asia,1972,2.672
BIH,Bosnia and Herzegovina,Europe & Central Asia,1973,2.539
BIH,Bosnia and Herzegovina,Europe & Central Asia,1974,2.454
BIH,Bosnia and Herzegovina,Europe & Central Asia,1975,2.389
BIH,Bosnia and Herzegovina,Europe & Central Asia,1976,2.314
BIH,Bosnia and Herzegovina,Europe & Central Asia,1977,2.197
BIH,Bosnia and Herzegovina,Europe & Central Asia,1978,2.081
BIH,Bosnia and Herzegovina,Europe & Central Asia,1979,1.993
BIH,Bosnia and Herzegovina,Europe & Central Asia,1980,1.98
BIH,Bosnia and Herzegovina,Europe & Central Asia,1981,2.024
BIH,Bosnia and Herzegovina,Europe & Central Asia,1982,2.052
BIH,Bosnia and Herzegovina,Europe & Central Asia,1983,2.049
BIH,Bosnia and Herzegovina,Europe & Central Asia,1984,2.015
BIH,Bosnia and Herzegovina,Europe & Central Asia,1985,1.96
BIH,Bosnia and Herzegovina,Europe & Central Asia,1986,1.909
BIH,Bosnia and Herzegovina,Europe & Central Asia,1987,1.879
BIH,Bosnia and Herzegovina,Europe & Central Asia,1988,1.849
BIH,Bosnia and Herzegovina,Europe & Central Asia,1989,1.792
BIH,Bosnia and Herzegovina,Europe & Central Asia,1990,1.786
BIH,Bosnia and Herzegovina,Europe & Central Asia,1991,1.782
BIH,Bosnia and Herzegovina,Europe & Central Asia,1992,1.758
BIH,Bosnia and Herzegovina,Europe & Central Asia,1993,1.729
BIH,Bosnia and Herzegovina,Europe & Central Asia,1994,1.698
BIH,Bosnia and Herzegovina,Europe & Central Asia,1995,1.669
BIH,Bosnia and Herzegovina,Europe & Central Asia,1996,1.652
BIH,Bosnia and Herzegovina,Europe & Central Asia,1997,1.686
BIH,Bosnia and Herzegovina,Europe & Central Asia,1998,1.561
BIH,Bosnia and Herzegovina,Europe & Central Asia,1999,1.366
BIH,Bosnia and Herzegovina,Europe & Central Asia,2000,1.282
BIH,Bosnia and Herzegovina,Europe & Central Asia,2001,1.23
BIH,Bosnia and Herzegovina,Europe & Central Asia,2002,1.231
BIH,Bosnia and Herzegovina,Europe & Central Asia,2003,1.219
BIH,Bosnia and Herzegovina,Europe & Central Asia,2004,1.221
BIH,Bosnia and Herzegovina,Europe & Central Asia,2005,1.203
BIH,Bosnia and Herzegovina,Europe & Central Asia,2006,1.18
BIH,Bosnia and Herzegovina,Europe & Central Asia,2007,1.19
BIH,Bosnia and Herzegovina,Europe & Central Asia,2008,1.21
BIH,Bosnia and Herzegovina,Europe & Central Asia,2009,1.267
BIH,Bosnia and Herzegovina,Europe & Central Asia,2010,1.26
BIH,Bosnia and Herzegovina,Europe & Central Asia,2011,1.209
BIH,Bosnia and Herzegovina,Europe & Central Asia,2012,1.252
BIH,Bosnia and Herzegovina,Europe & Central Asia,2013,1.278
BIH,Bosnia and Herzegovina,Europe & Central Asia,2014,1.262
BIH,Bosnia and Herzegovina,Europe & Central Asia,2015,1.322
BIH,Bosnia and Herzegovina,Europe & Central Asia,2016,1.36
BIH,Bosnia and Herzegovina,Europe & Central Asia,2017,1.419
BIH,Bosnia and Herzegovina,Europe & Central Asia,2018,1.504
BIH,Bosnia and Herzegovina,Europe & Central Asia,2019,1.509
BIH,Bosnia and Herzegovina,Europe & Central Asia,2020,1.515
BIH,Bosnia and Herzegovina,Europe & Central Asia,2021,1.49
BIH,Bosnia and Herzegovina,Europe & Central Asia,2022,1.481
BIH,Bosnia and Herzegovina,Europe & Central Asia,2023,1.486
BIH,Bosnia and Herzegovina,Europe & Central Asia,2024,1.492
BLR,Belarus,Europe & Central Asia,1960,2.67
BLR,Belarus,Europe & Central Asia,1961,2.59
BLR,Belarus,Europe & Central Asia,1962,2.5
BLR,Belarus,Europe & Central Asia,1963,2.4
BLR,Belarus,Europe & Central Asia,1964,2.31
BLR,Belarus,Europe & Central Asia,1965,2.27
BLR,Belarus,Europe & Central Asia,1966,2.29
BLR,Belarus,Europe & Central Asia,1967,2.26
BLR,Belarus,Europe & Central Asia,1968,2.22
BLR,Belarus,Europe & Central Asia,1969,2.26
BLR,Belarus,Europe & Central Asia,1970,2.31
BLR,Belarus,Europe & Central Asia,1971,2.31
BLR,Belarus,Europe & Central Asia,1972,2.28
BLR,Belarus,Europe & Central Asia,1973,2.25
BLR,Belarus,Europe & Central Asia,1974,2.21
BLR,Belarus,Europe & Central Asia,1975,2.17
BLR,Belarus,Europe & Central Asia,1976,2.12
BLR,Belarus,Europe & Central Asia,1977,2.08
BLR,Belarus,Europe & Central Asia,1978,2.06
BLR,Belarus,Europe & Central Asia,1979,2.05
BLR,Belarus,Europe & Central Asia,1980,2.03
BLR,Belarus,Europe & Central Asia,1981,2.02
BLR,Belarus,Europe & Central Asia,1982,2.05
BLR,Belarus,Europe & Central Asia,1983,2.11
BLR,Belarus,Europe & Central Asia,1984,2.11
BLR,Belarus,Europe & Central Asia,1985,2.09
BLR,Belarus,Europe & Central Asia,1986,2.09
BLR,Belarus,Europe & Central Asia,1987,2.03
BLR,Belarus,Europe & Central Asia,1988,2.031
BLR,Belarus,Europe & Central Asia,1989,2.026
BLR,Belarus,Europe & Central Asia,1990,1.913
BLR,Belarus,Europe & Central Asia,1991,1.805
BLR,Belarus,Europe & Central Asia,1992,1.764
BLR,Belarus,Europe & Central Asia,1993,1.623
BLR,Belarus,Europe & Central Asia,1994,1.533
BLR,Belarus,Europe & Central Asia,1995,1.406
BLR,Belarus,Europe & Central Asia,1996,1.335
BLR,Belarus,Europe & Central Asia,1997,1.25
BLR,Belarus,Europe & Central Asia,1998,1.3
BLR,Belarus,Europe & Central Asia,1999,1.31
BLR,Belarus,Europe & Central Asia,2000,1.317
BLR,Belarus,Europe & Central Asia,2001,1.286
BLR,Belarus,Europe & Central Asia,2002,1.24
BLR,Belarus,Europe & Central Asia,2003,1.232
BLR,Belarus,Europe & Central Asia,2004,1.233
BLR,Belarus,Europe & Central Asia,2005,1.252
BLR,Belarus,Europe & Central Asia,2006,1.335
BLR,Belarus,Europe & Central Asia,2007,1.429
BLR,Belarus,Europe & Central Asia,2008,1.488
BLR,Belarus,Europe & Central Asia,2009,1.509
BLR,Belarus,Europe & Central Asia,2010,1.494
BLR,Belarus,Europe & Central Asia,2011,1.515
BLR,Belarus,Europe & Central Asia,2012,1.62
BLR,Belarus,Europe & Central Asia,2013,1.668
BLR,Belarus,Europe & Central Asia,2014,1.696
BLR,Belarus,Europe & Central Asia,2015,1.724
BLR,Belarus,Europe & Central Asia,2016,1.733
BLR,Belarus,Europe & Central Asia,2017,1.541
BLR,Belarus,Europe & Central Asia,2018,1.448
BLR,Belarus,Europe & Central Asia,2019,1.382
BLR,Belarus,Europe & Central Asia,2020,1.369
BLR,Belarus,Europe & Central Asia,2021,1.371
BLR,Belarus,Europe & Central Asia,2022,1.326
BLR,Belarus,Europe & Central Asia,2023,1.208
BLR,Belarus,Europe & Central Asia,2024,1.217
BLZ,Belize,Latin America & Caribbean,1960,6.5
BLZ,Belize,Latin America & Caribbean,1961,6.48
BLZ,Belize,Latin America & Caribbean,1962,6.46
BLZ,Belize,Latin America & Caribbean,1963,6.44
BLZ,Belize,Latin America & Caribbean,1964,6.42
BLZ,Belize,Latin America & Caribbean,1965,6.4
BLZ,Belize,Latin America & Caribbean,1966,6.379
BLZ,Belize,Latin America & Caribbean,1967,6.358
BLZ,Belize,Latin America & Caribbean,1968,6.337
BLZ,Belize,Latin America & Caribbean,1969,6.316
BLZ,Belize,Latin America & Caribbean,1970,6.299
BLZ,Belize,Latin America & Caribbean,1971,6.288
BLZ,Belize,Latin America & Caribbean,1972,6.284
BLZ,Belize,Latin America & Caribbean,1973,6.285
BLZ,Belize,Latin America & Caribbean,1974,6.287
BLZ,Belize,Latin America & Caribbean,1975,6.278
BLZ,Belize,Latin America & Caribbean,1976,6.25
BLZ,Belize,Latin America & Caribbean,1977,6.195
BLZ,Belize,Latin America & Caribbean,1978,6.109
BLZ,Belize,Latin America & Caribbean,1979,5.992
BLZ,Belize,Latin America & Caribbean,1980,5.849
BLZ,Belize,Latin America & Caribbean,1981,5.684
BLZ,Belize,Latin America & Caribbean,1982,5.497
BLZ,Belize,Latin America & Caribbean,1983,5.309
BLZ,Belize,Latin America & Caribbean,1984,5.115
BLZ,Belize,Latin America & Caribbean,1985,4.997
BLZ,Belize,Latin America & Caribbean,1986,4.937
BLZ,Belize,Latin America & Caribbean,1987,4.883
BLZ,Belize,Latin America & Caribbean,1988,4.868
BLZ,Belize,Latin America & Caribbean,1989,4.864
BLZ,Belize,Latin America & Caribbean,1990,4.802
BLZ,Belize,Latin America & Caribbean,1991,4.595
BLZ,Belize,Latin America & Caribbean,1992,4.429
BLZ,Belize,Latin America & Caribbean,1993,4.206
BLZ,Belize,Latin America & Caribbean,1994,3.973
BLZ,Belize,Latin America & Caribbean,1995,3.876
BLZ,Belize,Latin America & Caribbean,1996,3.755
BLZ,Belize,Latin America & Caribbean,1997,3.737
BLZ,Belize,Latin America & Caribbean,1998,3.752
BLZ,Belize,Latin America & Caribbean,1999,3.726
BLZ,Belize,Latin America & Caribbean,2000,3.633
BLZ,Belize,Latin America & Caribbean,2001,3.526
BLZ,Belize,Latin America & Caribbean,2002,3.43
BLZ,Belize,Latin America & Caribbean,2003,3.335
BLZ,Belize,Latin America & Caribbean,2004,3.252
BLZ,Belize,Latin America & Caribbean,2005,3.173
BLZ,Belize,Latin America & Caribbean,2006,3.021
BLZ,Belize,Latin America & Caribbean,2007,2.885
BLZ,Belize,Latin America & Caribbean,2008,2.78
BLZ,Belize,Latin America & Caribbean,2009,2.659
BLZ,Belize,Latin America & Caribbean,2010,2.552
BLZ,Belize,Latin America & Caribbean,2011,2.531
BLZ,Belize,Latin America & Caribbean,2012,2.51
BLZ,Belize,Latin America & Caribbean,2013,2.498
BLZ,Belize,Latin America & Caribbean,2014,2.474
BLZ,Belize,Latin America & Caribbean,2015,2.433
BLZ,Belize,Latin America & Caribbean,2016,2.396
BLZ,Belize,Latin America & Caribbean,2017,2.368
BLZ,Belize,Latin America & Caribbean,2018,2.343
BLZ,Belize,Latin America & Caribbean,2019,2.142
BLZ,Belize,Latin America & Caribbean,2020,2.04
BLZ,Belize,Latin America & Caribbean,2021,1.837
BLZ,Belize,Latin America & Caribbean,2022,1.949
BLZ,Belize,Latin America & Caribbean,2023,2.007
BLZ,Belize,Latin America & Caribbean,2024,2.021
BMU,Bermuda,North America,1960,3.63
BMU,Bermuda,North America,1961,3.594
BMU,Bermuda,North America,1962,3.441
BMU,Bermuda,North America,1963,3.476
BMU,Bermuda,North America,1964,3.231
BMU,Bermuda,North America,1965,3.077
BMU,Bermuda,North America,1966,2.794
BMU,Bermuda,North America,1967,2.567
BMU,Bermuda,North America,1968,2.451
BMU,Bermuda,North America,1969,2.361
BMU,Bermuda,North America,1970,2.308
BMU,Bermuda,North America,1971,2.277
BMU,Bermuda,North America,1972,2.225
BMU,Bermuda,North America,1973,2.143
BMU,Bermuda,North America,1974,2.023
BMU,Bermuda,North America,1975,1.888
BMU,Bermuda,North America,1976,1.864
BMU,Bermuda,North America,1977,1.689
BMU,Bermuda,North America,1978,1.798
BMU,Bermuda,North America,1979,1.661
BMU,Bermuda,North America,1980,1.664
BMU,Bermuda,North America,1981,1.596
BMU,Bermuda,North America,1982,1.643
BMU,Bermuda,North America,1983,1.812
BMU,Bermuda,North America,1984,1.683
BMU,Bermuda,North America,1985,1.774
BMU,Bermuda,North America,1986,1.732
BMU,Bermuda,North America,1987,1.746
BMU,Bermuda,North America,1988,1.797
BMU,Bermuda,North America,1989,1.76
BMU,Bermuda,North America,1990,1.699
BMU,Bermuda,North America,1991,1.744
BMU,Bermuda,North America,1992,1.725
BMU,Bermuda,North America,1993,1.7
BMU,Bermuda,North America,1994,1.684
BMU,Bermuda,North America,1995,1.677
BMU,Bermuda,North America,1996,1.699
BMU,Bermuda,North America,1997,1.692
BMU,Bermuda,North America,1998,1.794
BMU,Bermuda,North America,1999,1.794
BMU,Bermuda,North America,2000,1.738
BMU,Bermuda,North America,2001,1.861
BMU,Bermuda,North America,2002,1.815
BMU,Bermuda,North America,2003,1.79
BMU,Bermuda,North America,2004,1.76
BMU,Bermuda,North America,2005,1.782
BMU,Bermuda,North America,2006,1.79
BMU,Bermuda,North America,2007,1.934
BMU,Bermuda,North America,2008,1.86
BMU,Bermuda,North America,2009,1.853
BMU,Bermuda,North America,2010,1.767
BMU,Bermuda,North America,2011,1.569
BMU,Bermuda,North America,2012,1.528
BMU,Bermuda,North America,2013,1.522
BMU,Bermuda,North America,2014,1.42
BMU,Bermuda,North America,2015,1.44
BMU,Bermuda,North America,2016,1.45
BMU,Bermuda,North America,2017,1.419
BMU,Bermuda,North America,2018,1.374
BMU,Bermuda,North America,2019,1.383
BMU,Bermuda,North America,2020,1.451
BMU,Bermuda,North America,2021,1.389
BMU,Bermuda,North America,2022,1.397
BMU,Bermuda,North America,2023,1.401
BMU,Bermuda,North America,2024,1.405
BOL,Bolivia,Latin America & Caribbean,1960,6.273
BOL,Bolivia,Latin America & Caribbean,1961,6.257
BOL,Bolivia,Latin America & Caribbean,1962,6.246
BOL,Bolivia,Latin America & Caribbean,1963,6.232
BOL,Bolivia,Latin America & Caribbean,1964,6.21
BOL,Bolivia,Latin America & Caribbean,1965,6.182
BOL,Bolivia,Latin America & Caribbean,1966,6.158
BOL,Bolivia,Latin America & Caribbean,1967,6.133
BOL,Bolivia,Latin America & Caribbean,1968,6.101
BOL,Bolivia,Latin America & Caribbean,1969,6.058
BOL,Bolivia,Latin America & Caribbean,1970,6.004
BOL,Bolivia,Latin America & Caribbean,1971,5.947
BOL,Bolivia,Latin America & Caribbean,1972,5.885
BOL,Bolivia,Latin America & Caribbean,1973,5.847
BOL,Bolivia,Latin America & Caribbean,1974,5.796
BOL,Bolivia,Latin America & Caribbean,1975,5.748
BOL,Bolivia,Latin America & Caribbean,1976,5.739
BOL,Bolivia,Latin America & Caribbean,1977,5.673
BOL,Bolivia,Latin America & Caribbean,1978,5.61
BOL,Bolivia,Latin America & Caribbean,1979,5.542
BOL,Bolivia,Latin America & Caribbean,1980,5.474
BOL,Bolivia,Latin America & Caribbean,1981,5.408
BOL,Bolivia,Latin America & Caribbean,1982,5.346
BOL,Bolivia,Latin America & Caribbean,1983,5.289
BOL,Bolivia,Latin America & Caribbean,1984,5.242
BOL,Bolivia,Latin America & Caribbean,1985,5.153
BOL,Bolivia,Latin America & Caribbean,1986,5.115
BOL,Bolivia,Latin America & Caribbean,1987,5.063
BOL,Bolivia,Latin America & Caribbean,1988,5.025
BOL,Bolivia,Latin America & Caribbean,1989,4.965
BOL,Bolivia,Latin America & Caribbean,1990,4.9
BOL,Bolivia,Latin America & Caribbean,1991,4.846
BOL,Bolivia,Latin America & Caribbean,1992,4.713
BOL,Bolivia,Latin America & Caribbean,1993,4.592
BOL,Bolivia,Latin America & Caribbean,1994,4.494
BOL,Bolivia,Latin America & Caribbean,1995,4.409
BOL,Bolivia,Latin America & Caribbean,1996,4.336
BOL,Bolivia,Latin America & Caribbean,1997,4.219
BOL,Bolivia,Latin America & Caribbean,1998,4.149
BOL,Bolivia,Latin America & Caribbean,1999,4.09
BOL,Bolivia,Latin America & Caribbean,2000,3.991
BOL,Bolivia,Latin America & Caribbean,2001,3.89
BOL,Bolivia,Latin America & Caribbean,2002,3.802
BOL,Bolivia,Latin America & Caribbean,2003,3.721
BOL,Bolivia,Latin America & Caribbean,2004,3.633
BOL,Bolivia,Latin America & Caribbean,2005,3.558
BOL,Bolivia,Latin America & Caribbean,2006,3.533
BOL,Bolivia,Latin America & Caribbean,2007,3.447
BOL,Bolivia,Latin America & Caribbean,2008,3.364
BOL,Bolivia,Latin America & Caribbean,2009,3.287
BOL,Bolivia,Latin America & Caribbean,2010,3.213
BOL,Bolivia,Latin America & Caribbean,2011,3.143
BOL,Bolivia,Latin America & Caribbean,2012,3.076
BOL,Bolivia,Latin America & Caribbean,2013,3.01
BOL,Bolivia,Latin America & Caribbean,2014,2.947
BOL,Bolivia,Latin America & Caribbean,2015,2.886
BOL,Bolivia,Latin America & Caribbean,2016,2.829
BOL,Bolivia,Latin America & Caribbean,2017,2.777
BOL,Bolivia,Latin America & Caribbean,2018,2.73
BOL,Bolivia,Latin America & Caribbean,2019,2.688
BOL,Bolivia,Latin America & Caribbean,2020,2.651
BOL,Bolivia,Latin America & Caribbean,2021,2.618
BOL,Bolivia,Latin America & Caribbean,2022,2.584
BOL,Bolivia,Latin America & Caribbean,2023,2.547
BOL,Bolivia,Latin America & Caribbean,2024,2.523
BRA,Brazil,Latin America & Caribbean,1960,6.051
BRA,Brazil,Latin America & Caribbean,1961,6.022
BRA,Brazil,Latin America & Caribbean,1962,5.984
BRA,Brazil,Latin America & Caribbean,1963,5.93
BRA,Brazil,Latin America & Caribbean,1964,5.818
BRA,Brazil,Latin America & Caribbean,1965,5.677
BRA,Brazil,Latin America & Caribbean,1966,5.516
BRA,Brazil,Latin America & Caribbean,1967,5.336
BRA,Brazil,Latin America & Caribbean,1968,5.165
BRA,Brazil,Latin America & Caribbean,1969,5.041
BRA,Brazil,Latin America & Caribbean,1970,4.934
BRA,Brazil,Latin America & Caribbean,1971,4.838
BRA,Brazil,Latin America & Caribbean,1972,4.735
BRA,Brazil,Latin America & Caribbean,1973,4.638
BRA,Brazil,Latin America & Caribbean,1974,4.502
BRA,Brazil,Latin America & Caribbean,1975,4.415
BRA,Brazil,Latin America & Caribbean,1976,4.339
BRA,Brazil,Latin America & Caribbean,1977,4.267
BRA,Brazil,Latin America & Caribbean,1978,4.195
BRA,Brazil,Latin America & Caribbean,1979,4.12
BRA,Brazil,Latin America & Caribbean,1980,4.037
BRA,Brazil,Latin America & Caribbean,1981,3.943
BRA,Brazil,Latin America & Caribbean,1982,3.838
BRA,Brazil,Latin America & Caribbean,1983,3.723
BRA,Brazil,Latin America & Caribbean,1984,3.6
BRA,Brazil,Latin America & Caribbean,1985,3.48
BRA,Brazil,Latin America & Caribbean,1986,3.361
BRA,Brazil,Latin America & Caribbean,1987,3.232
BRA,Brazil,Latin America & Caribbean,1988,3.112
BRA,Brazil,Latin America & Caribbean,1989,3.007
BRA,Brazil,Latin America & Caribbean,1990,2.896
BRA,Brazil,Latin America & Caribbean,1991,2.805
BRA,Brazil,Latin America & Caribbean,1992,2.71
BRA,Brazil,Latin America & Caribbean,1993,2.66
BRA,Brazil,Latin America & Caribbean,1994,2.603
BRA,Brazil,Latin America & Caribbean,1995,2.567
BRA,Brazil,Latin America & Caribbean,1996,2.511
BRA,Brazil,Latin America & Caribbean,1997,2.468
BRA,Brazil,Latin America & Caribbean,1998,2.418
BRA,Brazil,Latin America & Caribbean,1999,2.335
BRA,Brazil,Latin America & Caribbean,2000,2.247
BRA,Brazil,Latin America & Caribbean,2001,2.162
BRA,Brazil,Latin America & Caribbean,2002,2.081
BRA,Brazil,Latin America & Caribbean,2003,2.006
BRA,Brazil,Latin America & Caribbean,2004,1.973
BRA,Brazil,Latin America & Caribbean,2005,1.942
BRA,Brazil,Latin America & Caribbean,2006,1.896
BRA,Brazil,Latin America & Caribbean,2007,1.854
BRA,Brazil,Latin America & Caribbean,2008,1.815
BRA,Brazil,Latin America & Caribbean,2009,1.799
BRA,Brazil,Latin America & Caribbean,2010,1.786
BRA,Brazil,Latin America & Caribbean,2011,1.777
BRA,Brazil,Latin America & Caribbean,2012,1.766
BRA,Brazil,Latin America & Caribbean,2013,1.761
BRA,Brazil,Latin America & Caribbean,2014,1.775
BRA,Brazil,Latin America & Caribbean,2015,1.777
BRA,Brazil,Latin America & Caribbean,2016,1.727
BRA,Brazil,Latin America & Caribbean,2017,1.74
BRA,Brazil,Latin America & Caribbean,2018,1.744
BRA,Brazil,Latin America & Caribbean,2019,1.705
BRA,Brazil,Latin America & Caribbean,2020,1.653
BRA,Brazil,Latin America & Caribbean,2021,1.638
BRA,Brazil,Latin America & Caribbean,2022,1.629
BRA,Brazil,Latin America & Caribbean,2023,1.619
BRA,Brazil,Latin America & Caribbean,2024,1.614
BRB,Barbados,Latin America & Caribbean,1960,4.706
BRB,Barbados,Latin America & Caribbean,1961,4.153
BRB,Barbados,Latin America & Caribbean,1962,4.3
BRB,Barbados,Latin America & Caribbean,1963,4.304
BRB,Barbados,Latin America & Caribbean,1964,4.214
BRB,Barbados,Latin America & Caribbean,1965,4.176
BRB,Barbados,Latin America & Caribbean,1966,4.144
BRB,Barbados,Latin America & Caribbean,1967,3.599
BRB,Barbados,Latin America & Caribbean,1968,3.574
BRB,Barbados,Latin America & Caribbean,1969,3.342
BRB,Barbados,Latin America & Caribbean,1970,3.079
BRB,Barbados,Latin America & Caribbean,1971,3.199
BRB,Barbados,Latin America & Caribbean,1972,3.153
BRB,Barbados,Latin America & Caribbean,1973,2.865
BRB,Barbados,Latin America & Caribbean,1974,2.652
BRB,Barbados,Latin America & Caribbean,1975,2.447
BRB,Barbados,Latin America & Caribbean,1976,2.241
BRB,Barbados,Latin America & Caribbean,1977,2.201
BRB,Barbados,Latin America & Caribbean,1978,1.839
BRB,Barbados,Latin America & Caribbean,1979,1.862
BRB,Barbados,Latin America & Caribbean,1980,1.777
BRB,Barbados,Latin America & Caribbean,1981,1.846
BRB,Barbados,Latin America & Caribbean,1982,1.859
BRB,Barbados,Latin America & Caribbean,1983,1.856
BRB,Barbados,Latin America & Caribbean,1984,1.752
BRB,Barbados,Latin America & Caribbean,1985,1.769
BRB,Barbados,Latin America & Caribbean,1986,1.694
BRB,Barbados,Latin America & Caribbean,1987,1.611
BRB,Barbados,Latin America & Caribbean,1988,1.58
BRB,Barbados,Latin America & Caribbean,1989,1.638
BRB,Barbados,Latin America & Caribbean,1990,1.842
BRB,Barbados,Latin America & Caribbean,1991,1.838
BRB,Barbados,Latin America & Caribbean,1992,1.804
BRB,Barbados,Latin America & Caribbean,1993,1.769
BRB,Barbados,Latin America & Caribbean,1994,1.733
BRB,Barbados,Latin America & Caribbean,1995,1.704
BRB,Barbados,Latin America & Caribbean,1996,1.673
BRB,Barbados,Latin America & Caribbean,1997,1.645
BRB,Barbados,Latin America & Caribbean,1998,1.62
BRB,Barbados,Latin America & Caribbean,1999,1.779
BRB,Barbados,Latin America & Caribbean,2000,1.933
BRB,Barbados,Latin America & Caribbean,2001,1.955
BRB,Barbados,Latin America & Caribbean,2002,1.862
BRB,Barbados,Latin America & Caribbean,2003,1.856
BRB,Barbados,Latin America & Caribbean,2004,1.797
BRB,Barbados,Latin America & Caribbean,2005,1.738
BRB,Barbados,Latin America & Caribbean,2006,1.702
BRB,Barbados,Latin America & Caribbean,2007,1.755
BRB,Barbados,Latin America & Caribbean,2008,1.756
BRB,Barbados,Latin America & Caribbean,2009,1.77
BRB,Barbados,Latin America & Caribbean,2010,1.785
BRB,Barbados,Latin America & Caribbean,2011,1.758
BRB,Barbados,Latin America & Caribbean,2012,1.731
BRB,Barbados,Latin America & Caribbean,2013,1.729
BRB,Barbados,Latin America & Caribbean,2014,1.727
BRB,Barbados,Latin America & Caribbean,2015,1.726
BRB,Barbados,Latin America & Caribbean,2016,1.724
BRB,Barbados,Latin America & Caribbean,2017,1.724
BRB,Barbados,Latin America & Caribbean,2018,1.72
BRB,Barbados,Latin America & Caribbean,2019,1.715
BRB,Barbados,Latin America & Caribbean,2020,1.708
BRB,Barbados,Latin America & Caribbean,2021,1.709
BRB,Barbados,Latin America & Caribbean,2022,1.712
BRB,Barbados,Latin America & Caribbean,2023,1.708
BRB,Barbados,Latin America & Caribbean,2024,1.708
BRN,Brunei Darussalam,East Asia & Pacific,1960,7.322
BRN,Brunei Darussalam,East Asia & Pacific,1961,7.185
BRN,Brunei Darussalam,East Asia & Pacific,1962,7.03
BRN,Brunei Darussalam,East Asia & Pacific,1963,6.893
BRN,Brunei Darussalam,East Asia & Pacific,1964,6.773
BRN,Brunei Darussalam,East Asia & Pacific,1965,6.647
BRN,Brunei Darussalam,East Asia & Pacific,1966,6.514
BRN,Brunei Darussalam,East Asia & Pacific,1967,6.372
BRN,Brunei Darussalam,East Asia & Pacific,1968,6.204
BRN,Brunei Darussalam,East Asia & Pacific,1969,6.008
BRN,Brunei Darussalam,East Asia & Pacific,1970,5.801
BRN,Brunei Darussalam,East Asia & Pacific,1971,5.619
BRN,Brunei Darussalam,East Asia & Pacific,1972,5.5
BRN,Brunei Darussalam,East Asia & Pacific,1973,5.355
BRN,Brunei Darussalam,East Asia & Pacific,1974,5.183
BRN,Brunei Darussalam,East Asia & Pacific,1975,4.99
BRN,Brunei Darussalam,East Asia & Pacific,1976,4.784
BRN,Brunei Darussalam,East Asia & Pacific,1977,4.58
BRN,Brunei Darussalam,East Asia & Pacific,1978,4.389
BRN,Brunei Darussalam,East Asia & Pacific,1979,4.216
BRN,Brunei Darussalam,East Asia & Pacific,1980,4.067
BRN,Brunei Darussalam,East Asia & Pacific,1981,3.943
BRN,Brunei Darussalam,East Asia & Pacific,1982,3.841
BRN,Brunei Darussalam,East Asia & Pacific,1983,3.751
BRN,Brunei Darussalam,East Asia & Pacific,1984,3.68
BRN,Brunei Darussalam,East Asia & Pacific,1985,3.612
BRN,Brunei Darussalam,East Asia & Pacific,1986,3.549
BRN,Brunei Darussalam,East Asia & Pacific,1987,3.491
BRN,Brunei Darussalam,East Asia & Pacific,1988,3.435
BRN,Brunei Darussalam,East Asia & Pacific,1989,3.364
BRN,Brunei Darussalam,East Asia & Pacific,1990,3.29
BRN,Brunei Darussalam,East Asia & Pacific,1991,3.206
BRN,Brunei Darussalam,East Asia & Pacific,1992,3.111
BRN,Brunei Darussalam,East Asia & Pacific,1993,3.007
BRN,Brunei Darussalam,East Asia & Pacific,1994,2.901
BRN,Brunei Darussalam,East Asia & Pacific,1995,2.787
BRN,Brunei Darussalam,East Asia & Pacific,1996,2.681
BRN,Brunei Darussalam,East Asia & Pacific,1997,2.6
BRN,Brunei Darussalam,East Asia & Pacific,1998,2.533
BRN,Brunei Darussalam,East Asia & Pacific,1999,2.461
BRN,Brunei Darussalam,East Asia & Pacific,2000,2.398
BRN,Brunei Darussalam,East Asia & Pacific,2001,2.337
BRN,Brunei Darussalam,East Asia & Pacific,2002,2.264
BRN,Brunei Darussalam,East Asia & Pacific,2003,2.185
BRN,Brunei Darussalam,East Asia & Pacific,2004,2.104
BRN,Brunei Darussalam,East Asia & Pacific,2005,2.024
BRN,Brunei Darussalam,East Asia & Pacific,2006,1.969
BRN,Brunei Darussalam,East Asia & Pacific,2007,1.933
BRN,Brunei Darussalam,East Asia & Pacific,2008,1.918
BRN,Brunei Darussalam,East Asia & Pacific,2009,1.921
BRN,Brunei Darussalam,East Asia & Pacific,2010,1.937
BRN,Brunei Darussalam,East Asia & Pacific,2011,1.957
BRN,Brunei Darussalam,East Asia & Pacific,2012,1.973
BRN,Brunei Darussalam,East Asia & Pacific,2013,1.978
BRN,Brunei Darussalam,East Asia & Pacific,2014,1.969
BRN,Brunei Darussalam,East Asia & Pacific,2015,1.947
BRN,Brunei Darussalam,East Asia & Pacific,2016,1.915
BRN,Brunei Darussalam,East Asia & Pacific,2017,1.881
BRN,Brunei Darussalam,East Asia & Pacific,2018,1.848
BRN,Brunei Darussalam,East Asia & Pacific,2019,1.819
BRN,Brunei Darussalam,East Asia & Pacific,2020,1.796
BRN,Brunei Darussalam,East Asia & Pacific,2021,1.778
BRN,Brunei Darussalam,East Asia & Pacific,2022,1.764
BRN,Brunei Darussalam,East Asia & Pacific,2023,1.747
BRN,Brunei Darussalam,East Asia & Pacific,2024,1.731
BTN,Bhutan,South Asia,1960,6.704
BTN,Bhutan,South Asia,1961,6.698
BTN,Bhutan,South Asia,1962,6.692
BTN,Bhutan,South Asia,1963,6.687
BTN,Bhutan,South Asia,1964,6.682
BTN,Bhutan,South Asia,1965,6.679
BTN,Bhutan,South Asia,1966,6.674
BTN,Bhutan,South Asia,1967,6.669
BTN,Bhutan,South Asia,1968,6.664
BTN,Bhutan,South Asia,1969,6.658
BTN,Bhutan,South Asia,1970,6.65
BTN,Bhutan,South Asia,1971,6.643
BTN,Bhutan,South Asia,1972,6.639
BTN,Bhutan,South Asia,1973,6.633
BTN,Bhutan,South Asia,1974,6.618
BTN,Bhutan,South Asia,1975,6.62
BTN,Bhutan,South Asia,1976,6.616
BTN,Bhutan,South Asia,1977,6.605
BTN,Bhutan,South Asia,1978,6.584
BTN,Bhutan,South Asia,1979,6.553
BTN,Bhutan,South Asia,1980,6.511
BTN,Bhutan,South Asia,1981,6.46
BTN,Bhutan,South Asia,1982,6.402
BTN,Bhutan,South Asia,1983,6.336
BTN,Bhutan,South Asia,1984,6.262
BTN,Bhutan,South Asia,1985,6.176
BTN,Bhutan,South Asia,1986,6.103
BTN,Bhutan,South Asia,1987,5.999
BTN,Bhutan,South Asia,1988,5.88
BTN,Bhutan,South Asia,1989,5.757
BTN,Bhutan,South Asia,1990,5.604
BTN,Bhutan,South Asia,1991,5.451
BTN,Bhutan,South Asia,1992,5.267
BTN,Bhutan,South Asia,1993,5.072
BTN,Bhutan,South Asia,1994,4.866
BTN,Bhutan,South Asia,1995,4.624
BTN,Bhutan,South Asia,1996,4.369
BTN,Bhutan,South Asia,1997,4.088
BTN,Bhutan,South Asia,1998,3.853
BTN,Bhutan,South Asia,1999,3.607
BTN,Bhutan,South Asia,2000,3.378
BTN,Bhutan,South Asia,2001,3.188
BTN,Bhutan,South Asia,2002,3.012
BTN,Bhutan,South Asia,2003,2.865
BTN,Bhutan,South Asia,2004,2.781
BTN,Bhutan,South Asia,2005,2.726
BTN,Bhutan,South Asia,2006,2.66
BTN,Bhutan,South Asia,2007,2.589
BTN,Bhutan,South Asia,2008,2.481
BTN,Bhutan,South Asia,2009,2.364
BTN,Bhutan,South Asia,2010,2.252
BTN,Bhutan,South Asia,2011,2.155
BTN,Bhutan,South Asia,2012,2.068
BTN,Bhutan,South Asia,2013,2.0
BTN,Bhutan,South Asia,2014,1.923
BTN,Bhutan,South Asia,2015,1.835
BTN,Bhutan,South Asia,2016,1.738
BTN,Bhutan,South Asia,2017,1.621
BTN,Bhutan,South Asia,2018,1.517
BTN,Bhutan,South Asia,2019,1.448
BTN,Bhutan,South Asia,2020,1.502
BTN,Bhutan,South Asia,2021,1.488
BTN,Bhutan,South Asia,2022,1.478
BTN,Bhutan,South Asia,2023,1.462
BTN,Bhutan,South Asia,2024,1.449
BWA,Botswana,Sub-Saharan Africa,1960,6.595
BWA,Botswana,Sub-Saharan Africa,1961,6.564
BWA,Botswana,Sub-Saharan Africa,1962,6.536
BWA,Botswana,Sub-Saharan Africa,1963,6.578
BWA,Botswana,Sub-Saharan Africa,1964,6.613
BWA,Botswana,Sub-Saharan Africa,1965,6.604
BWA,Botswana,Sub-Saharan Africa,1966,6.606
BWA,Botswana,Sub-Saharan Africa,1967,6.598
BWA,Botswana,Sub-Saharan Africa,1968,6.582
BWA,Botswana,Sub-Saharan Africa,1969,6.559
BWA,Botswana,Sub-Saharan Africa,1970,6.55
BWA,Botswana,Sub-Saharan Africa,1971,6.544
BWA,Botswana,Sub-Saharan Africa,1972,6.563
BWA,Botswana,Sub-Saharan Africa,1973,6.587
BWA,Botswana,Sub-Saharan Africa,1974,6.614
BWA,Botswana,Sub-Saharan Africa,1975,6.613
BWA,Botswana,Sub-Saharan Africa,1976,6.599
BWA,Botswana,Sub-Saharan Africa,1977,6.543
BWA,Botswana,Sub-Saharan Africa,1978,6.479
BWA,Botswana,Sub-Saharan Africa,1979,6.395
BWA,Botswana,Sub-Saharan Africa,1980,6.292
BWA,Botswana,Sub-Saharan Africa,1981,6.163
BWA,Botswana,Sub-Saharan Africa,1982,5.97
BWA,Botswana,Sub-Saharan Africa,1983,5.785
BWA,Botswana,Sub-Saharan Africa,1984,5.625
BWA,Botswana,Sub-Saharan Africa,1985,5.482
BWA,Botswana,Sub-Saharan Africa,1986,5.332
BWA,Botswana,Sub-Saharan Africa,1987,5.104
BWA,Botswana,Sub-Saharan Africa,1988,4.878
BWA,Botswana,Sub-Saharan Africa,1989,4.666
BWA,Botswana,Sub-Saharan Africa,1990,4.509
BWA,Botswana,Sub-Saharan Africa,1991,4.365
BWA,Botswana,Sub-Saharan Africa,1992,4.255
BWA,Botswana,Sub-Saharan Africa,1993,4.152
BWA,Botswana,Sub-Saharan Africa,1994,4.021
BWA,Botswana,Sub-Saharan Africa,1995,3.792
BWA,Botswana,Sub-Saharan Africa,1996,3.573
BWA,Botswana,Sub-Saharan Africa,1997,3.431
BWA,Botswana,Sub-Saharan Africa,1998,3.362
BWA,Botswana,Sub-Saharan Africa,1999,3.313
BWA,Botswana,Sub-Saharan Africa,2000,3.294
BWA,Botswana,Sub-Saharan Africa,2001,3.248
BWA,Botswana,Sub-Saharan Africa,2002,3.175
BWA,Botswana,Sub-Saharan Africa,2003,3.106
BWA,Botswana,Sub-Saharan Africa,2004,3.063
BWA,Botswana,Sub-Saharan Africa,2005,3.082
BWA,Botswana,Sub-Saharan Africa,2006,3.114
BWA,Botswana,Sub-Saharan Africa,2007,3.127
BWA,Botswana,Sub-Saharan Africa,2008,3.131
BWA,Botswana,Sub-Saharan Africa,2009,3.133
BWA,Botswana,Sub-Saharan Africa,2010,3.135
BWA,Botswana,Sub-Saharan Africa,2011,3.103
BWA,Botswana,Sub-Saharan Africa,2012,3.07
BWA,Botswana,Sub-Saharan Africa,2013,3.045
BWA,Botswana,Sub-Saharan Africa,2014,3.027
BWA,Botswana,Sub-Saharan Africa,2015,3.008
BWA,Botswana,Sub-Saharan Africa,2016,2.99
BWA,Botswana,Sub-Saharan Africa,2017,2.969
BWA,Botswana,Sub-Saharan Africa,2018,2.941
BWA,Botswana,Sub-Saharan Africa,2019,2.906
BWA,Botswana,Sub-Saharan Africa,2020,2.861
BWA,Botswana,Sub-Saharan Africa,2021,2.827
BWA,Botswana,Sub-Saharan Africa,2022,2.785
BWA,Botswana,Sub-Saharan Africa,2023,2.732
BWA,Botswana,Sub-Saharan Africa,2024,2.703
CAF,Central African Republic,Sub-Saharan Africa,1960,5.948
CAF,Central African Republic,Sub-Saharan Africa,1961,5.958
CAF,Central African Republic,Sub-Saharan Africa,1962,5.97
CAF,Central African Republic,Sub-Saharan Africa,1963,5.985
CAF,Central African Republic,Sub-Saharan Africa,1964,6.005
CAF,Central African Republic,Sub-Saharan Africa,1965,6.028
CAF,Central African Republic,Sub-Saharan Africa,1966,6.057
CAF,Central African Republic,Sub-Saharan Africa,1967,6.076
CAF,Central African Republic,Sub-Saharan Africa,1968,6.101
CAF,Central African Republic,Sub-Saharan Africa,1969,6.063
CAF,Central African Republic,Sub-Saharan Africa,1970,6.027
CAF,Central African Republic,Sub-Saharan Africa,1971,5.993
CAF,Central African Republic,Sub-Saharan Africa,1972,5.959
CAF,Central African Republic,Sub-Saharan Africa,1973,5.925
CAF,Central African Republic,Sub-Saharan Africa,1974,5.899
CAF,Central African Republic,Sub-Saharan Africa,1975,5.877
CAF,Central African Republic,Sub-Saharan Africa,1976,5.936
CAF,Central African Republic,Sub-Saharan Africa,1977,5.986
CAF,Central African Republic,Sub-Saharan Africa,1978,6.039
CAF,Central African Republic,Sub-Saharan Africa,1979,6.09
CAF,Central African Republic,Sub-Saharan Africa,1980,6.13
CAF,Central African Republic,Sub-Saharan Africa,1981,6.167
CAF,Central African Republic,Sub-Saharan Africa,1982,6.16
CAF,Central African Republic,Sub-Saharan Africa,1983,6.151
CAF,Central African Republic,Sub-Saharan Africa,1984,6.138
CAF,Central African Republic,Sub-Saharan Africa,1985,6.119
CAF,Central African Republic,Sub-Saharan Africa,1986,6.106
CAF,Central African Republic,Sub-Saharan Africa,1987,6.12
CAF,Central African Republic,Sub-Saharan Africa,1988,6.098
CAF,Central African Republic,Sub-Saharan Africa,1989,6.073
CAF,Central African Republic,Sub-Saharan Africa,1990,6.049
CAF,Central African Republic,Sub-Saharan Africa,1991,6.03
CAF,Central African Republic,Sub-Saharan Africa,1992,5.964
CAF,Central African Republic,Sub-Saharan Africa,1993,5.926
CAF,Central African Republic,Sub-Saharan Africa,1994,5.919
CAF,Central African Republic,Sub-Saharan Africa,1995,5.943
CAF,Central African Republic,Sub-Saharan Africa,1996,5.963
CAF,Central African Republic,Sub-Saharan Africa,1997,5.924
CAF,Central African Republic,Sub-Saharan Africa,1998,5.889
CAF,Central African Republic,Sub-Saharan Africa,1999,5.875
CAF,Central African Republic,Sub-Saharan Africa,2000,5.851
CAF,Central African Republic,Sub-Saharan Africa,2001,5.807
CAF,Central African Republic,Sub-Saharan Africa,2002,5.785
CAF,Central African Republic,Sub-Saharan Africa,2003,5.799
CAF,Central African Republic,Sub-Saharan Africa,2004,5.784
CAF,Central African Republic,Sub-Saharan Africa,2005,5.812
CAF,Central African Republic,Sub-Saharan Africa,2006,5.84
CAF,Central African Republic,Sub-Saharan Africa,2007,5.867
CAF,Central African Republic,Sub-Saharan Africa,2008,5.902
CAF,Central African Republic,Sub-Saharan Africa,2009,5.936
CAF,Central African Republic,Sub-Saharan Africa,2010,5.963
CAF,Central African Republic,Sub-Saharan Africa,2011,6.009
CAF,Central African Republic,Sub-Saharan Africa,2012,6.047
CAF,Central African Republic,Sub-Saharan Africa,2013,6.075
CAF,Central African Republic,Sub-Saharan Africa,2014,6.099
CAF,Central African Republic,Sub-Saharan Africa,2015,6.126
CAF,Central African Republic,Sub-Saharan Africa,2016,6.126
CAF,Central African Republic,Sub-Saharan Africa,2017,6.127
CAF,Central African Republic,Sub-Saharan Africa,2018,6.108
CAF,Central African Republic,Sub-Saharan Africa,2019,6.09
CAF,Central African Republic,Sub-Saharan Africa,2020,6.059
CAF,Central African Republic,Sub-Saharan Africa,2021,6.052
CAF,Central African Republic,Sub-Saharan Africa,2022,6.023
CAF,Central African Republic,Sub-Saharan Africa,2023,6.012
CAF,Central African Republic,Sub-Saharan Africa,2024,5.954
CAN,Canada,North America,1960,3.811
CAN,Canada,North America,1961,3.753
CAN,Canada,North America,1962,3.681
CAN,Canada,North America,1963,3.607
CAN,Canada,North America,1964,3.456
CAN,Canada,North America,1965,3.115
CAN,Canada,North America,1966,2.749
CAN,Canada,North America,1967,2.528
CAN,Canada,North America,1968,2.386
CAN,Canada,North America,1969,2.334
CAN,Canada,North America,1970,2.258
CAN,Canada,North America,1971,2.141
CAN,Canada,North America,1972,1.98
CAN,Canada,North America,1973,1.89
CAN,Canada,North America,1974,1.837
CAN,Canada,North America,1975,1.824
CAN,Canada,North America,1976,1.796
CAN,Canada,North America,1977,1.782
CAN,Canada,North America,1978,1.768
CAN,Canada,North America,1979,1.754
CAN,Canada,North America,1980,1.74
CAN,Canada,North America,1981,1.7
CAN,Canada,North America,1982,1.69
CAN,Canada,North America,1983,1.68
CAN,Canada,North America,1984,1.65
CAN,Canada,North America,1985,1.67
CAN,Canada,North America,1986,1.675
CAN,Canada,North America,1987,1.68
CAN,Canada,North America,1988,1.68
CAN,Canada,North America,1989,1.77
CAN,Canada,North America,1990,1.83
CAN,Canada,North America,1991,1.72
CAN,Canada,North America,1992,1.71
CAN,Canada,North America,1993,1.69
CAN,Canada,North America,1994,1.69
CAN,Canada,North America,1995,1.67
CAN,Canada,North America,1996,1.63
CAN,Canada,North America,1997,1.57
CAN,Canada,North America,1998,1.56
CAN,Canada,North America,1999,1.55
CAN,Canada,North America,2000,1.51
CAN,Canada,North America,2001,1.54
CAN,Canada,North America,2002,1.52
CAN,Canada,North America,2003,1.55
CAN,Canada,North America,2004,1.56
CAN,Canada,North America,2005,1.58
CAN,Canada,North America,2006,1.63
CAN,Canada,North America,2007,1.67
CAN,Canada,North America,2008,1.7
CAN,Canada,North America,2009,1.69
CAN,Canada,North America,2010,1.65
CAN,Canada,North America,2011,1.63
CAN,Canada,North America,2012,1.63
CAN,Canada,North America,2013,1.61
CAN,Canada,North America,2014,1.61
CAN,Canada,North America,2015,1.6
CAN,Canada,North America,2016,1.59
CAN,Canada,North America,2017,1.55
CAN,Canada,North America,2018,1.51
CAN,Canada,North America,2019,1.47
CAN,Canada,North America,2020,1.41
CAN,Canada,North America,2021,1.44
CAN,Canada,North America,2022,1.34
CAN,Canada,North America,2023,1.27
CAN,Canada,North America,2024,1.25
CHE,Switzerland,Europe & Central Asia,1960,2.44
CHE,Switzerland,Europe & Central Asia,1961,2.52
CHE,Switzerland,Europe & Central Asia,1962,2.58
CHE,Switzerland,Europe & Central Asia,1963,2.65
CHE,Switzerland,Europe & Central Asia,1964,2.66
CHE,Switzerland,Europe & Central Asia,1965,2.59
CHE,Switzerland,Europe & Central Asia,1966,2.5
CHE,Switzerland,Europe & Central Asia,1967,2.39
CHE,Switzerland,Europe & Central Asia,1968,2.29
CHE,Switzerland,Europe & Central Asia,1969,2.19
CHE,Switzerland,Europe & Central Asia,1970,2.1
CHE,Switzerland,Europe & Central Asia,1971,2.04
CHE,Switzerland,Europe & Central Asia,1972,1.91
CHE,Switzerland,Europe & Central Asia,1973,1.81
CHE,Switzerland,Europe & Central Asia,1974,1.73
CHE,Switzerland,Europe & Central Asia,1975,1.61
CHE,Switzerland,Europe & Central Asia,1976,1.55
CHE,Switzerland,Europe & Central Asia,1977,1.53
CHE,Switzerland,Europe & Central Asia,1978,1.51
CHE,Switzerland,Europe & Central Asia,1979,1.52
CHE,Switzerland,Europe & Central Asia,1980,1.55
CHE,Switzerland,Europe & Central Asia,1981,1.55
CHE,Switzerland,Europe & Central Asia,1982,1.56
CHE,Switzerland,Europe & Central Asia,1983,1.52
CHE,Switzerland,Europe & Central Asia,1984,1.53
CHE,Switzerland,Europe & Central Asia,1985,1.52
CHE,Switzerland,Europe & Central Asia,1986,1.53
CHE,Switzerland,Europe & Central Asia,1987,1.52
CHE,Switzerland,Europe & Central Asia,1988,1.57
CHE,Switzerland,Europe & Central Asia,1989,1.56
CHE,Switzerland,Europe & Central Asia,1990,1.58
CHE,Switzerland,Europe & Central Asia,1991,1.58
CHE,Switzerland,Europe & Central Asia,1992,1.58
CHE,Switzerland,Europe & Central Asia,1993,1.51
CHE,Switzerland,Europe & Central Asia,1994,1.49
CHE,Switzerland,Europe & Central Asia,1995,1.48
CHE,Switzerland,Europe & Central Asia,1996,1.5
CHE,Switzerland,Europe & Central Asia,1997,1.48
CHE,Switzerland,Europe & Central Asia,1998,1.47
CHE,Switzerland,Europe & Central Asia,1999,1.48
CHE,Switzerland,Europe & Central Asia,2000,1.5
CHE,Switzerland,Europe & Central Asia,2001,1.38
CHE,Switzerland,Europe & Central Asia,2002,1.39
CHE,Switzerland,Europe & Central Asia,2003,1.39
CHE,Switzerland,Europe & Central Asia,2004,1.42
CHE,Switzerland,Europe & Central Asia,2005,1.42
CHE,Switzerland,Europe & Central Asia,2006,1.44
CHE,Switzerland,Europe & Central Asia,2007,1.46
CHE,Switzerland,Europe & Central Asia,2008,1.48
CHE,Switzerland,Europe & Central Asia,2009,1.5
CHE,Switzerland,Europe & Central Asia,2010,1.52
CHE,Switzerland,Europe & Central Asia,2011,1.52
CHE,Switzerland,Europe & Central Asia,2012,1.52
CHE,Switzerland,Europe & Central Asia,2013,1.52
CHE,Switzerland,Europe & Central Asia,2014,1.54
CHE,Switzerland,Europe & Central Asia,2015,1.54
CHE,Switzerland,Europe & Central Asia,2016,1.54
CHE,Switzerland,Europe & Central Asia,2017,1.52
CHE,Switzerland,Europe & Central Asia,2018,1.52
CHE,Switzerland,Europe & Central Asia,2019,1.48
CHE,Switzerland,Europe & Central Asia,2020,1.46
CHE,Switzerland,Europe & Central Asia,2021,1.52
CHE,Switzerland,Europe & Central Asia,2022,1.39
CHE,Switzerland,Europe & Central Asia,2023,1.33
CHE,Switzerland,Europe & Central Asia,2024,1.29
CHI,Channel Islands,Europe & Central Asia,1960,2.34
CHI,Channel Islands,Europe & Central Asia,1961,2.41
CHI,Channel Islands,Europe & Central Asia,1962,2.52
CHI,Channel Islands,Europe & Central Asia,1963,2.63
CHI,Channel Islands,Europe & Central Asia,1964,2.66
CHI,Channel Islands,Europe & Central Asia,1965,2.57
CHI,Channel Islands,Europe & Central Asia,1966,2.42
CHI,Channel Islands,Europe & Central Asia,1967,2.28
CHI,Channel Islands,Europe & Central Asia,1968,2.21
CHI,Channel Islands,Europe & Central Asia,1969,2.13
CHI,Channel Islands,Europe & Central Asia,1970,2.01
CHI,Channel Islands,Europe & Central Asia,1971,1.95
CHI,Channel Islands,Europe & Central Asia,1972,1.76
CHI,Channel Islands,Europe & Central Asia,1973,1.66
CHI,Channel Islands,Europe & Central Asia,1974,1.58
CHI,Channel Islands,Europe & Central Asia,1975,1.51
CHI,Channel Islands,Europe & Central Asia,1976,1.44
CHI,Channel Islands,Europe & Central Asia,1977,1.47
CHI,Channel Islands,Europe & Central Asia,1978,1.46
CHI,Channel Islands,Europe & Central Asia,1979,1.47
CHI,Channel Islands,Europe & Central Asia,1980,1.45
CHI,Channel Islands,Europe & Central Asia,1981,1.42
CHI,Channel Islands,Europe & Central Asia,1982,1.39
CHI,Channel Islands,Europe & Central Asia,1983,1.44
CHI,Channel Islands,Europe & Central Asia,1984,1.4
CHI,Channel Islands,Europe & Central Asia,1985,1.4
CHI,Channel Islands,Europe & Central Asia,1986,1.43
CHI,Channel Islands,Europe & Central Asia,1987,1.46
CHI,Channel Islands,Europe & Central Asia,1988,1.48
CHI,Channel Islands,Europe & Central Asia,1989,1.49
CHI,Channel Islands,Europe & Central Asia,1990,1.51
CHI,Channel Islands,Europe & Central Asia,1991,1.47
CHI,Channel Islands,Europe & Central Asia,1992,1.47
CHI,Channel Islands,Europe & Central Asia,1993,1.42
CHI,Channel Islands,Europe & Central Asia,1994,1.47
CHI,Channel Islands,Europe & Central Asia,1995,1.45
CHI,Channel Islands,Europe & Central Asia,1996,1.49
CHI,Channel Islands,Europe & Central Asia,1997,1.51
CHI,Channel Islands,Europe & Central Asia,1998,1.51
CHI,Channel Islands,Europe & Central Asia,1999,1.51
CHI,Channel Islands,Europe & Central Asia,2000,1.49
CHI,Channel Islands,Europe & Central Asia,2001,1.48
CHI,Channel Islands,Europe & Central Asia,2002,1.47
CHI,Channel Islands,Europe & Central Asia,2003,1.51
CHI,Channel Islands,Europe & Central Asia,2004,1.5
CHI,Channel Islands,Europe & Central Asia,2005,1.46
CHI,Channel Islands,Europe & Central Asia,2006,1.47
CHI,Channel Islands,Europe & Central Asia,2007,1.53
CHI,Channel Islands,Europe & Central Asia,2008,1.56
CHI,Channel Islands,Europe & Central Asia,2009,1.57
CHI,Channel Islands,Europe & Central Asia,2010,1.58
CHI,Channel Islands,Europe & Central Asia,2011,1.59
CHI,Channel Islands,Europe & Central Asia,2012,1.58
CHI,Channel Islands,Europe & Central Asia,2013,1.56
CHI,Channel Islands,Europe & Central Asia,2014,1.54
CHI,Channel Islands,Europe & Central Asia,2015,1.5
CHI,Channel Islands,Europe & Central Asia,2016,1.46
CHI,Channel Islands,Europe & Central Asia,2017,1.41
CHI,Channel Islands,Europe & Central Asia,2018,1.37
CHI,Channel Islands,Europe & Central Asia,2019,1.35
CHI,Channel Islands,Europe & Central Asia,2020,1.33
CHI,Channel Islands,Europe & Central Asia,2021,1.36
CHI,Channel Islands,Europe & Central Asia,2022,1.37
CHI,Channel Islands,Europe & Central Asia,2023,1.37
CHI,Channel Islands,Europe & Central Asia,2024,1.37
CHL,Chile,Latin America & Caribbean,1960,4.697
CHL,Chile,Latin America & Caribbean,1961,4.655
CHL,Chile,Latin America & Caribbean,1962,4.602
CHL,Chile,Latin America & Caribbean,1963,4.536
CHL,Chile,Latin America & Caribbean,1964,4.457
CHL,Chile,Latin America & Caribbean,1965,4.364
CHL,Chile,Latin America & Caribbean,1966,4.259
CHL,Chile,Latin America & Caribbean,1967,4.144
CHL,Chile,Latin America & Caribbean,1968,4.025
CHL,Chile,Latin America & Caribbean,1969,3.902
CHL,Chile,Latin America & Caribbean,1970,3.778
CHL,Chile,Latin America & Caribbean,1971,3.654
CHL,Chile,Latin America & Caribbean,1972,3.53
CHL,Chile,Latin America & Caribbean,1973,3.409
CHL,Chile,Latin America & Caribbean,1974,3.293
CHL,Chile,Latin America & Caribbean,1975,3.182
CHL,Chile,Latin America & Caribbean,1976,3.078
CHL,Chile,Latin America & Caribbean,1977,2.981
CHL,Chile,Latin America & Caribbean,1978,2.892
CHL,Chile,Latin America & Caribbean,1979,2.812
CHL,Chile,Latin America & Caribbean,1980,2.744
CHL,Chile,Latin America & Caribbean,1981,2.689
CHL,Chile,Latin America & Caribbean,1982,2.648
CHL,Chile,Latin America & Caribbean,1983,2.619
CHL,Chile,Latin America & Caribbean,1984,2.601
CHL,Chile,Latin America & Caribbean,1985,2.592
CHL,Chile,Latin America & Caribbean,1986,2.589
CHL,Chile,Latin America & Caribbean,1987,2.59
CHL,Chile,Latin America & Caribbean,1988,2.591
CHL,Chile,Latin America & Caribbean,1989,2.589
CHL,Chile,Latin America & Caribbean,1990,2.579
CHL,Chile,Latin America & Caribbean,1991,2.558
CHL,Chile,Latin America & Caribbean,1992,2.478
CHL,Chile,Latin America & Caribbean,1993,2.43
CHL,Chile,Latin America & Caribbean,1994,2.377
CHL,Chile,Latin America & Caribbean,1995,2.353
CHL,Chile,Latin America & Caribbean,1996,2.284
CHL,Chile,Latin America & Caribbean,1997,2.202
CHL,Chile,Latin America & Caribbean,1998,2.149
CHL,Chile,Latin America & Caribbean,1999,2.074
CHL,Chile,Latin America & Caribbean,2000,2.046
CHL,Chile,Latin America & Caribbean,2001,2.007
CHL,Chile,Latin America & Caribbean,2002,1.934
CHL,Chile,Latin America & Caribbean,2003,1.885
CHL,Chile,Latin America & Caribbean,2004,1.844
CHL,Chile,Latin America & Caribbean,2005,1.825
CHL,Chile,Latin America & Caribbean,2006,1.798
CHL,Chile,Latin America & Caribbean,2007,1.826
CHL,Chile,Latin America & Caribbean,2008,1.85
CHL,Chile,Latin America & Caribbean,2009,1.855
CHL,Chile,Latin America & Caribbean,2010,1.844
CHL,Chile,Latin America & Caribbean,2011,1.823
CHL,Chile,Latin America & Caribbean,2012,1.798
CHL,Chile,Latin America & Caribbean,2013,1.786
CHL,Chile,Latin America & Caribbean,2014,1.774
CHL,Chile,Latin America & Caribbean,2015,1.737
CHL,Chile,Latin America & Caribbean,2016,1.686
CHL,Chile,Latin America & Caribbean,2017,1.563
CHL,Chile,Latin America & Caribbean,2018,1.543
CHL,Chile,Latin America & Caribbean,2019,1.43
CHL,Chile,Latin America & Caribbean,2020,1.307
CHL,Chile,Latin America & Caribbean,2021,1.176
CHL,Chile,Latin America & Caribbean,2022,1.255
CHL,Chile,Latin America & Caribbean,2023,1.167
CHL,Chile,Latin America & Caribbean,2024,1.14
CHN,China,East Asia & Pacific,1960,4.451
CHN,China,East Asia & Pacific,1961,3.863
CHN,China,East Asia & Pacific,1962,6.085
CHN,China,East Asia & Pacific,1963,7.513
CHN,China,East Asia & Pacific,1964,6.672
CHN,China,East Asia & Pacific,1965,6.605
CHN,China,East Asia & Pacific,1966,6.307
CHN,China,East Asia & Pacific,1967,5.806
CHN,China,East Asia & Pacific,1968,6.508
CHN,China,East Asia & Pacific,1969,6.175
CHN,China,East Asia & Pacific,1970,6.085
CHN,China,East Asia & Pacific,1971,5.523
CHN,China,East Asia & Pacific,1972,5.112
CHN,China,East Asia & Pacific,1973,4.726
CHN,China,East Asia & Pacific,1974,4.17
CHN,China,East Asia & Pacific,1975,3.571
CHN,China,East Asia & Pacific,1976,3.235
CHN,China,East Asia & Pacific,1977,2.844
CHN,China,East Asia & Pacific,1978,2.716
CHN,China,East Asia & Pacific,1979,2.745
CHN,China,East Asia & Pacific,1980,2.739
CHN,China,East Asia & Pacific,1981,2.792
CHN,China,East Asia & Pacific,1982,2.972
CHN,China,East Asia & Pacific,1983,2.559
CHN,China,East Asia & Pacific,1984,2.607
CHN,China,East Asia & Pacific,1985,2.633
CHN,China,East Asia & Pacific,1986,2.721
CHN,China,East Asia & Pacific,1987,2.76
CHN,China,East Asia & Pacific,1988,2.539
CHN,China,East Asia & Pacific,1989,2.52
CHN,China,East Asia & Pacific,1990,2.514
CHN,China,East Asia & Pacific,1991,1.934
CHN,China,East Asia & Pacific,1992,1.776
CHN,China,East Asia & Pacific,1993,1.691
CHN,China,East Asia & Pacific,1994,1.628
CHN,China,East Asia & Pacific,1995,1.588
CHN,China,East Asia & Pacific,1996,1.554
CHN,China,East Asia & Pacific,1997,1.527
CHN,China,East Asia & Pacific,1998,1.522
CHN,China,East Asia & Pacific,1999,1.53
CHN,China,East Asia & Pacific,2000,1.628
CHN,China,East Asia & Pacific,2001,1.563
CHN,China,East Asia & Pacific,2002,1.566
CHN,China,East Asia & Pacific,2003,1.57
CHN,China,East Asia & Pacific,2004,1.605
CHN,China,East Asia & Pacific,2005,1.624
CHN,China,East Asia & Pacific,2006,1.644
CHN,China,East Asia & Pacific,2007,1.666
CHN,China,East Asia & Pacific,2008,1.701
CHN,China,East Asia & Pacific,2009,1.714
CHN,China,East Asia & Pacific,2010,1.687
CHN,China,East Asia & Pacific,2011,1.668
CHN,China,East Asia & Pacific,2012,1.798
CHN,China,East Asia & Pacific,2013,1.714
CHN,China,East Asia & Pacific,2014,1.769
CHN,China,East Asia & Pacific,2015,1.67
CHN,China,East Asia & Pacific,2016,1.772
CHN,China,East Asia & Pacific,2017,1.795
CHN,China,East Asia & Pacific,2018,1.539
CHN,China,East Asia & Pacific,2019,1.496
CHN,China,East Asia & Pacific,2020,1.236
CHN,China,East Asia & Pacific,2021,1.117
CHN,China,East Asia & Pacific,2022,1.034
CHN,China,East Asia & Pacific,2023,0.999
CHN,China,East Asia & Pacific,2024,1.013
CIV,Cote d'Ivoire,Sub-Saharan Africa,1960,7.691
CIV,Cote d'Ivoire,Sub-Saharan Africa,1961,7.72
CIV,Cote d'Ivoire,Sub-Saharan Africa,1962,7.75
CIV,Cote d'Ivoire,Sub-Saharan Africa,1963,7.781
CIV,Cote d'Ivoire,Sub-Saharan Africa,1964,7.811
CIV,Cote d'Ivoire,Sub-Saharan Africa,1965,7.841
CIV,Cote d'Ivoire,Sub-Saharan Africa,1966,7.868
CIV,Cote d'Ivoire,Sub-Saharan Africa,1967,7.893
CIV,Cote d'Ivoire,Sub-Saharan Africa,1968,7.912
CIV,Cote d'Ivoire,Sub-Saharan Africa,1969,7.927
CIV,Cote d'Ivoire,Sub-Saharan Africa,1970,7.936
CIV,Cote d'Ivoire,Sub-Saharan Africa,1971,7.941
CIV,Cote d'Ivoire,Sub-Saharan Africa,1972,7.942
CIV,Cote d'Ivoire,Sub-Saharan Africa,1973,7.939
CIV,Cote d'Ivoire,Sub-Saharan Africa,1974,7.929
CIV,Cote d'Ivoire,Sub-Saharan Africa,1975,7.91
CIV,Cote d'Ivoire,Sub-Saharan Africa,1976,7.877
CIV,Cote d'Ivoire,Sub-Saharan Africa,1977,7.828
CIV,Cote d'Ivoire,Sub-Saharan Africa,1978,7.669
CIV,Cote d'Ivoire,Sub-Saharan Africa,1979,7.625
CIV,Cote d'Ivoire,Sub-Saharan Africa,1980,7.586
CIV,Cote d'Ivoire,Sub-Saharan Africa,1981,7.539
CIV,Cote d'Ivoire,Sub-Saharan Africa,1982,7.488
CIV,Cote d'Ivoire,Sub-Saharan Africa,1983,7.417
CIV,Cote d'Ivoire,Sub-Saharan Africa,1984,7.352
CIV,Cote d'Ivoire,Sub-Saharan Africa,1985,7.273
CIV,Cote d'Ivoire,Sub-Saharan Africa,1986,7.187
CIV,Cote d'Ivoire,Sub-Saharan Africa,1987,7.09
CIV,Cote d'Ivoire,Sub-Saharan Africa,1988,6.969
CIV,Cote d'Ivoire,Sub-Saharan Africa,1989,6.85
CIV,Cote d'Ivoire,Sub-Saharan Africa,1990,6.719
CIV,Cote d'Ivoire,Sub-Saharan Africa,1991,6.585
CIV,Cote d'Ivoire,Sub-Saharan Africa,1992,6.426
CIV,Cote d'Ivoire,Sub-Saharan Africa,1993,6.27
CIV,Cote d'Ivoire,Sub-Saharan Africa,1994,6.128
CIV,Cote d'Ivoire,Sub-Saharan Africa,1995,6.038
CIV,Cote d'Ivoire,Sub-Saharan Africa,1996,5.954
CIV,Cote d'Ivoire,Sub-Saharan Africa,1997,5.902
CIV,Cote d'Ivoire,Sub-Saharan Africa,1998,5.854
CIV,Cote d'Ivoire,Sub-Saharan Africa,1999,5.805
CIV,Cote d'Ivoire,Sub-Saharan Africa,2000,5.773
CIV,Cote d'Ivoire,Sub-Saharan Africa,2001,5.704
CIV,Cote d'Ivoire,Sub-Saharan Africa,2002,5.641
CIV,Cote d'Ivoire,Sub-Saharan Africa,2003,5.572
CIV,Cote d'Ivoire,Sub-Saharan Africa,2004,5.527
CIV,Cote d'Ivoire,Sub-Saharan Africa,2005,5.499
CIV,Cote d'Ivoire,Sub-Saharan Africa,2006,5.448
CIV,Cote d'Ivoire,Sub-Saharan Africa,2007,5.403
CIV,Cote d'Ivoire,Sub-Saharan Africa,2008,5.357
CIV,Cote d'Ivoire,Sub-Saharan Africa,2009,5.332
CIV,Cote d'Ivoire,Sub-Saharan Africa,2010,5.292
CIV,Cote d'Ivoire,Sub-Saharan Africa,2011,5.244
CIV,Cote d'Ivoire,Sub-Saharan Africa,2012,5.19
CIV,Cote d'Ivoire,Sub-Saharan Africa,2013,5.135
CIV,Cote d'Ivoire,Sub-Saharan Africa,2014,5.071
CIV,Cote d'Ivoire,Sub-Saharan Africa,2015,4.97
CIV,Cote d'Ivoire,Sub-Saharan Africa,2016,4.873
CIV,Cote d'Ivoire,Sub-Saharan Africa,2017,4.757
CIV,Cote d'Ivoire,Sub-Saharan Africa,2018,4.596
CIV,Cote d'Ivoire,Sub-Saharan Africa,2019,4.523
CIV,Cote d'Ivoire,Sub-Saharan Africa,2020,4.461
CIV,Cote d'Ivoire,Sub-Saharan Africa,2021,4.411
CIV,Cote d'Ivoire,Sub-Saharan Africa,2022,4.349
CIV,Cote d'Ivoire,Sub-Saharan Africa,2023,4.283
CIV,Cote d'Ivoire,Sub-Saharan Africa,2024,4.23
CMR,Cameroon,Sub-Saharan Africa,1960,5.725
CMR,Cameroon,Sub-Saharan Africa,1961,5.732
CMR,Cameroon,Sub-Saharan Africa,1962,5.729
CMR,Cameroon,Sub-Saharan Africa,1963,5.731
CMR,Cameroon,Sub-Saharan Africa,1964,5.739
CMR,Cameroon,Sub-Saharan Africa,1965,5.796
CMR,Cameroon,Sub-Saharan Africa,1966,5.854
CMR,Cameroon,Sub-Saharan Africa,1967,5.951
CMR,Cameroon,Sub-Saharan Africa,1968,6.043
CMR,Cameroon,Sub-Saharan Africa,1969,6.144
CMR,Cameroon,Sub-Saharan Africa,1970,6.197
CMR,Cameroon,Sub-Saharan Africa,1971,6.259
CMR,Cameroon,Sub-Saharan Africa,1972,6.293
CMR,Cameroon,Sub-Saharan Africa,1973,6.326
CMR,Cameroon,Sub-Saharan Africa,1974,6.361
CMR,Cameroon,Sub-Saharan Africa,1975,6.401
CMR,Cameroon,Sub-Saharan Africa,1976,6.447
CMR,Cameroon,Sub-Saharan Africa,1977,6.508
CMR,Cameroon,Sub-Saharan Africa,1978,6.545
CMR,Cameroon,Sub-Saharan Africa,1979,6.581
CMR,Cameroon,Sub-Saharan Africa,1980,6.613
CMR,Cameroon,Sub-Saharan Africa,1981,6.61
CMR,Cameroon,Sub-Saharan Africa,1982,6.594
CMR,Cameroon,Sub-Saharan Africa,1983,6.575
CMR,Cameroon,Sub-Saharan Africa,1984,6.563
CMR,Cameroon,Sub-Saharan Africa,1985,6.564
CMR,Cameroon,Sub-Saharan Africa,1986,6.572
CMR,Cameroon,Sub-Saharan Africa,1987,6.538
CMR,Cameroon,Sub-Saharan Africa,1988,6.481
CMR,Cameroon,Sub-Saharan Africa,1989,6.414
CMR,Cameroon,Sub-Saharan Africa,1990,6.362
CMR,Cameroon,Sub-Saharan Africa,1991,6.324
CMR,Cameroon,Sub-Saharan Africa,1992,6.256
CMR,Cameroon,Sub-Saharan Africa,1993,6.155
CMR,Cameroon,Sub-Saharan Africa,1994,6.043
CMR,Cameroon,Sub-Saharan Africa,1995,5.919
CMR,Cameroon,Sub-Saharan Africa,1996,5.795
CMR,Cameroon,Sub-Saharan Africa,1997,5.706
CMR,Cameroon,Sub-Saharan Africa,1998,5.656
CMR,Cameroon,Sub-Saharan Africa,1999,5.604
CMR,Cameroon,Sub-Saharan Africa,2000,5.514
CMR,Cameroon,Sub-Saharan Africa,2001,5.441
CMR,Cameroon,Sub-Saharan Africa,2002,5.435
CMR,Cameroon,Sub-Saharan Africa,2003,5.432
CMR,Cameroon,Sub-Saharan Africa,2004,5.436
CMR,Cameroon,Sub-Saharan Africa,2005,5.421
CMR,Cameroon,Sub-Saharan Africa,2006,5.369
CMR,Cameroon,Sub-Saharan Africa,2007,5.343
CMR,Cameroon,Sub-Saharan Africa,2008,5.294
CMR,Cameroon,Sub-Saharan Africa,2009,5.236
CMR,Cameroon,Sub-Saharan Africa,2010,5.154
CMR,Cameroon,Sub-Saharan Africa,2011,5.052
CMR,Cameroon,Sub-Saharan Africa,2012,4.982
CMR,Cameroon,Sub-Saharan Africa,2013,4.905
CMR,Cameroon,Sub-Saharan Africa,2014,4.844
CMR,Cameroon,Sub-Saharan Africa,2015,4.841
CMR,Cameroon,Sub-Saharan Africa,2016,4.842
CMR,Cameroon,Sub-Saharan Africa,2017,4.804
CMR,Cameroon,Sub-Saharan Africa,2018,4.74
CMR,Cameroon,Sub-Saharan Africa,2019,4.651
CMR,Cameroon,Sub-Saharan Africa,2020,4.557
CMR,Cameroon,Sub-Saharan Africa,2021,4.468
CMR,Cameroon,Sub-Saharan Africa,2022,4.397
CMR,Cameroon,Sub-Saharan Africa,2023,4.322
CMR,Cameroon,Sub-Saharan Africa,2024,4.261
COD,"Congo, Dem. Rep.",Sub-Saharan Africa,1960,6.105
COD,"Congo, Dem. Rep.",Sub-Saharan Africa,1961,6.124
COD,"Congo, Dem. Rep.",Sub-Saharan Africa,1962,6.141
COD,"Congo, Dem. Rep.",Sub-Saharan Africa,1963,6.158
COD,"Congo, Dem. Rep.",Sub-Saharan Africa,1964,6.188
COD,"Congo, Dem. Rep.",Sub-Saharan Africa,1965,6.21
COD,"Congo, Dem. Rep.",Sub-Saharan Africa,1966,6.242
COD,"Congo, Dem. Rep.",Sub-Saharan Africa,1967,6.267
COD,"Congo, Dem. Rep.",Sub-Saharan Africa,1968,6.286
COD,"Congo, Dem. Rep.",Sub-Saharan Africa,1969,6.304
COD,"Congo, Dem. Rep.",Sub-Saharan Africa,1970,6.329
COD,"Congo, Dem. Rep.",Sub-Saharan Africa,1971,6.344
COD,"Congo, Dem. Rep.",Sub-Saharan Africa,1972,6.369
COD,"Congo, Dem. Rep.",Sub-Saharan Africa,1973,6.385
COD,"Congo, Dem. Rep.",Sub-Saharan Africa,1974,6.404
COD,"Congo, Dem. Rep.",Sub-Saharan Africa,1975,6.419
COD,"Congo, Dem. Rep.",Sub-Saharan Africa,1976,6.437
COD,"Congo, Dem. Rep.",Sub-Saharan Africa,1977,6.45
COD,"Congo, Dem. Rep.",Sub-Saharan Africa,1978,6.463
COD,"Congo, Dem. Rep.",Sub-Saharan Africa,1979,6.479
COD,"Congo, Dem. Rep.",Sub-Saharan Africa,1980,6.495
COD,"Congo, Dem. Rep.",Sub-Saharan Africa,1981,6.519
COD,"Congo, Dem. Rep.",Sub-Saharan Africa,1982,6.54
COD,"Congo, Dem. Rep.",Sub-Saharan Africa,1983,6.564
COD,"Congo, Dem. Rep.",Sub-Saharan Africa,1984,6.586
COD,"Congo, Dem. Rep.",Sub-Saharan Africa,1985,6.612
COD,"Congo, Dem. Rep.",Sub-Saharan Africa,1986,6.634
COD,"Congo, Dem. Rep.",Sub-Saharan Africa,1987,6.651
COD,"Congo, Dem. Rep.",Sub-Saharan Africa,1988,6.656
COD,"Congo, Dem. Rep.",Sub-Saharan Africa,1989,6.65
COD,"Congo, Dem. Rep.",Sub-Saharan Africa,1990,6.649
COD,"Congo, Dem. Rep.",Sub-Saharan Africa,1991,6.645
COD,"Congo, Dem. Rep.",Sub-Saharan Africa,1992,6.639
COD,"Congo, Dem. Rep.",Sub-Saharan Africa,1993,6.641
COD,"Congo, Dem. Rep.",Sub-Saharan Africa,1994,6.643
COD,"Congo, Dem. Rep.",Sub-Saharan Africa,1995,6.676
COD,"Congo, Dem. Rep.",Sub-Saharan Africa,1996,6.672
COD,"Congo, Dem. Rep.",Sub-Saharan Africa,1997,6.69
COD,"Congo, Dem. Rep.",Sub-Saharan Africa,1998,6.7
COD,"Congo, Dem. Rep.",Sub-Saharan Africa,1999,6.692
COD,"Congo, Dem. Rep.",Sub-Saharan Africa,2000,6.702
COD,"Congo, Dem. Rep.",Sub-Saharan Africa,2001,6.663
COD,"Congo, Dem. Rep.",Sub-Saharan Africa,2002,6.606
COD,"Congo, Dem. Rep.",Sub-Saharan Africa,2003,6.549
COD,"Congo, Dem. Rep.",Sub-Saharan Africa,2004,6.53
COD,"Congo, Dem. Rep.",Sub-Saharan Africa,2005,6.526
COD,"Congo, Dem. Rep.",Sub-Saharan Africa,2006,6.547
COD,"Congo, Dem. Rep.",Sub-Saharan Africa,2007,6.559
COD,"Congo, Dem. Rep.",Sub-Saharan Africa,2008,6.58
COD,"Congo, Dem. Rep.",Sub-Saharan Africa,2009,6.591
COD,"Congo, Dem. Rep.",Sub-Saharan Africa,2010,6.587
COD,"Congo, Dem. Rep.",Sub-Saharan Africa,2011,6.582
COD,"Congo, Dem. Rep.",Sub-Saharan Africa,2012,6.559
COD,"Congo, Dem. Rep.",Sub-Saharan Africa,2013,6.527
COD,"Congo, Dem. Rep.",Sub-Saharan Africa,2014,6.483
COD,"Congo, Dem. Rep.",Sub-Saharan Africa,2015,6.437
COD,"Congo, Dem. Rep.",Sub-Saharan Africa,2016,6.392
COD,"Congo, Dem. Rep.",Sub-Saharan Africa,2017,6.349
COD,"Congo, Dem. Rep.",Sub-Saharan Africa,2018,6.302
COD,"Congo, Dem. Rep.",Sub-Saharan Africa,2019,6.253
COD,"Congo, Dem. Rep.",Sub-Saharan Africa,2020,6.206
COD,"Congo, Dem. Rep.",Sub-Saharan Africa,2021,6.156
COD,"Congo, Dem. Rep.",Sub-Saharan Africa,2022,6.106
COD,"Congo, Dem. Rep.",Sub-Saharan Africa,2023,6.051
COD,"Congo, Dem. Rep.",Sub-Saharan Africa,2024,5.981
COG,"Congo, Rep.",Sub-Saharan Africa,1960,6.085
COG,"Congo, Rep.",Sub-Saharan Africa,1961,6.093
COG,"Congo, Rep.",Sub-Saharan Africa,1962,6.099
COG,"Congo, Rep.",Sub-Saharan Africa,1963,6.147
COG,"Congo, Rep.",Sub-Saharan Africa,1964,6.183
COG,"Congo, Rep.",Sub-Saharan Africa,1965,6.229
COG,"Congo, Rep.",Sub-Saharan Africa,1966,6.267
COG,"Congo, Rep.",Sub-Saharan Africa,1967,6.29
COG,"Congo, Rep.",Sub-Saharan Africa,1968,6.327
COG,"Congo, Rep.",Sub-Saharan Africa,1969,6.35
COG,"Congo, Rep.",Sub-Saharan Africa,1970,6.376
COG,"Congo, Rep.",Sub-Saharan Africa,1971,6.416
COG,"Congo, Rep.",Sub-Saharan Africa,1972,6.444
COG,"Congo, Rep.",Sub-Saharan Africa,1973,6.42
COG,"Congo, Rep.",Sub-Saharan Africa,1974,6.39
COG,"Congo, Rep.",Sub-Saharan Africa,1975,6.356
COG,"Congo, Rep.",Sub-Saharan Africa,1976,6.317
COG,"Congo, Rep.",Sub-Saharan Africa,1977,6.271
COG,"Congo, Rep.",Sub-Saharan Africa,1978,6.21
COG,"Congo, Rep.",Sub-Saharan Africa,1979,6.143
COG,"Congo, Rep.",Sub-Saharan Africa,1980,6.065
COG,"Congo, Rep.",Sub-Saharan Africa,1981,5.984
COG,"Congo, Rep.",Sub-Saharan Africa,1982,5.85
COG,"Congo, Rep.",Sub-Saharan Africa,1983,5.758
COG,"Congo, Rep.",Sub-Saharan Africa,1984,5.658
COG,"Congo, Rep.",Sub-Saharan Africa,1985,5.587
COG,"Congo, Rep.",Sub-Saharan Africa,1986,5.514
COG,"Congo, Rep.",Sub-Saharan Africa,1987,5.458
COG,"Congo, Rep.",Sub-Saharan Africa,1988,5.392
COG,"Congo, Rep.",Sub-Saharan Africa,1989,5.327
COG,"Congo, Rep.",Sub-Saharan Africa,1990,5.266
COG,"Congo, Rep.",Sub-Saharan Africa,1991,5.221
COG,"Congo, Rep.",Sub-Saharan Africa,1992,5.177
COG,"Congo, Rep.",Sub-Saharan Africa,1993,5.134
COG,"Congo, Rep.",Sub-Saharan Africa,1994,5.103
COG,"Congo, Rep.",Sub-Saharan Africa,1995,5.068
COG,"Congo, Rep.",Sub-Saharan Africa,1996,5.033
COG,"Congo, Rep.",Sub-Saharan Africa,1997,4.997
COG,"Congo, Rep.",Sub-Saharan Africa,1998,4.909
COG,"Congo, Rep.",Sub-Saharan Africa,1999,4.805
COG,"Congo, Rep.",Sub-Saharan Africa,2000,4.724
COG,"Congo, Rep.",Sub-Saharan Africa,2001,4.67
COG,"Congo, Rep.",Sub-Saharan Africa,2002,4.697
COG,"Congo, Rep.",Sub-Saharan Africa,2003,4.696
COG,"Congo, Rep.",Sub-Saharan Africa,2004,4.69
COG,"Congo, Rep.",Sub-Saharan Africa,2005,4.669
COG,"Congo, Rep.",Sub-Saharan Africa,2006,4.651
COG,"Congo, Rep.",Sub-Saharan Africa,2007,4.649
COG,"Congo, Rep.",Sub-Saharan Africa,2008,4.726
COG,"Congo, Rep.",Sub-Saharan Africa,2009,4.808
COG,"Congo, Rep.",Sub-Saharan Africa,2010,4.851
COG,"Congo, Rep.",Sub-Saharan Africa,2011,4.826
COG,"Congo, Rep.",Sub-Saharan Africa,2012,4.785
COG,"Congo, Rep.",Sub-Saharan Africa,2013,4.731
COG,"Congo, Rep.",Sub-Saharan Africa,2014,4.665
COG,"Congo, Rep.",Sub-Saharan Africa,2015,4.607
COG,"Congo, Rep.",Sub-Saharan Africa,2016,4.546
COG,"Congo, Rep.",Sub-Saharan Africa,2017,4.496
COG,"Congo, Rep.",Sub-Saharan Africa,2018,4.442
COG,"Congo, Rep.",Sub-Saharan Africa,2019,4.38
COG,"Congo, Rep.",Sub-Saharan Africa,2020,4.329
COG,"Congo, Rep.",Sub-Saharan Africa,2021,4.28
COG,"Congo, Rep.",Sub-Saharan Africa,2022,4.215
COG,"Congo, Rep.",Sub-Saharan Africa,2023,4.157
COG,"Congo, Rep.",Sub-Saharan Africa,2024,4.109
COL,Colombia,Latin America & Caribbean,1960,6.735
COL,Colombia,Latin America & Caribbean,1961,6.712
COL,Colombia,Latin America & Caribbean,1962,6.663
COL,Colombia,Latin America & Caribbean,1963,6.584
COL,Colombia,Latin America & Caribbean,1964,6.475
COL,Colombia,Latin America & Caribbean,1965,6.333
COL,Colombia,Latin America & Caribbean,1966,6.159
COL,Colombia,Latin America & Caribbean,1967,5.957
COL,Colombia,Latin America & Caribbean,1968,5.737
COL,Colombia,Latin America & Caribbean,1969,5.506
COL,Colombia,Latin America & Caribbean,1970,5.276
COL,Colombia,Latin America & Caribbean,1971,5.057
COL,Colombia,Latin America & Caribbean,1972,4.857
COL,Colombia,Latin America & Caribbean,1973,4.68
COL,Colombia,Latin America & Caribbean,1974,4.527
COL,Colombia,Latin America & Caribbean,1975,4.398
COL,Colombia,Latin America & Caribbean,1976,4.285
COL,Colombia,Latin America & Caribbean,1977,4.163
COL,Colombia,Latin America & Caribbean,1978,3.998
COL,Colombia,Latin America & Caribbean,1979,3.888
COL,Colombia,Latin America & Caribbean,1980,3.798
COL,Colombia,Latin America & Caribbean,1981,3.706
COL,Colombia,Latin America & Caribbean,1982,3.618
COL,Colombia,Latin America & Caribbean,1983,3.501
COL,Colombia,Latin America & Caribbean,1984,3.35
COL,Colombia,Latin America & Caribbean,1985,3.225
COL,Colombia,Latin America & Caribbean,1986,3.147
COL,Colombia,Latin America & Caribbean,1987,3.087
COL,Colombia,Latin America & Caribbean,1988,3.039
COL,Colombia,Latin America & Caribbean,1989,3.012
COL,Colombia,Latin America & Caribbean,1990,2.995
COL,Colombia,Latin America & Caribbean,1991,2.982
COL,Colombia,Latin America & Caribbean,1992,2.983
COL,Colombia,Latin America & Caribbean,1993,2.978
COL,Colombia,Latin America & Caribbean,1994,2.937
COL,Colombia,Latin America & Caribbean,1995,2.85
COL,Colombia,Latin America & Caribbean,1996,2.768
COL,Colombia,Latin America & Caribbean,1997,2.743
COL,Colombia,Latin America & Caribbean,1998,2.717
COL,Colombia,Latin America & Caribbean,1999,2.637
COL,Colombia,Latin America & Caribbean,2000,2.574
COL,Colombia,Latin America & Caribbean,2001,2.522
COL,Colombia,Latin America & Caribbean,2002,2.489
COL,Colombia,Latin America & Caribbean,2003,2.45
COL,Colombia,Latin America & Caribbean,2004,2.384
COL,Colombia,Latin America & Caribbean,2005,2.309
COL,Colombia,Latin America & Caribbean,2006,2.241
COL,Colombia,Latin America & Caribbean,2007,2.195
COL,Colombia,Latin America & Caribbean,2008,2.155
COL,Colombia,Latin America & Caribbean,2009,2.096
COL,Colombia,Latin America & Caribbean,2010,2.01
COL,Colombia,Latin America & Caribbean,2011,1.938
COL,Colombia,Latin America & Caribbean,2012,1.899
COL,Colombia,Latin America & Caribbean,2013,1.86
COL,Colombia,Latin America & Caribbean,2014,1.822
COL,Colombia,Latin America & Caribbean,2015,1.771
COL,Colombia,Latin America & Caribbean,2016,1.719
COL,Colombia,Latin America & Caribbean,2017,1.717
COL,Colombia,Latin America & Caribbean,2018,1.715
COL,Colombia,Latin America & Caribbean,2019,1.71
COL,Colombia,Latin America & Caribbean,2020,1.694
COL,Colombia,Latin America & Caribbean,2021,1.68
COL,Colombia,Latin America & Caribbean,2022,1.663
COL,Colombia,Latin America & Caribbean,2023,1.645
COL,Colombia,Latin America & Caribbean,2024,1.634
COM,Comoros,Sub-Saharan Africa,1960,6.792
COM,Comoros,Sub-Saharan Africa,1961,6.849
COM,Comoros,Sub-Saharan Africa,1962,6.897
COM,Comoros,Sub-Saharan Africa,1963,6.916
COM,Comoros,Sub-Saharan Africa,1964,6.938
COM,Comoros,Sub-Saharan Africa,1965,6.967
COM,Comoros,Sub-Saharan Africa,1966,7.001
COM,Comoros,Sub-Saharan Africa,1967,7.02
COM,Comoros,Sub-Saharan Africa,1968,7.051
COM,Comoros,Sub-Saharan Africa,1969,7.073
COM,Comoros,Sub-Saharan Africa,1970,7.099
COM,Comoros,Sub-Saharan Africa,1971,7.116
COM,Comoros,Sub-Saharan Africa,1972,7.142
COM,Comoros,Sub-Saharan Africa,1973,7.165
COM,Comoros,Sub-Saharan Africa,1974,7.163
COM,Comoros,Sub-Saharan Africa,1975,7.162
COM,Comoros,Sub-Saharan Africa,1976,7.159
COM,Comoros,Sub-Saharan Africa,1977,7.15
COM,Comoros,Sub-Saharan Africa,1978,7.155
COM,Comoros,Sub-Saharan Africa,1979,7.162
COM,Comoros,Sub-Saharan Africa,1980,7.154
COM,Comoros,Sub-Saharan Africa,1981,7.143
COM,Comoros,Sub-Saharan Africa,1982,7.134
COM,Comoros,Sub-Saharan Africa,1983,7.11
COM,Comoros,Sub-Saharan Africa,1984,7.072
COM,Comoros,Sub-Saharan Africa,1985,7.021
COM,Comoros,Sub-Saharan Africa,1986,6.953
COM,Comoros,Sub-Saharan Africa,1987,6.87
COM,Comoros,Sub-Saharan Africa,1988,6.764
COM,Comoros,Sub-Saharan Africa,1989,6.646
COM,Comoros,Sub-Saharan Africa,1990,6.505
COM,Comoros,Sub-Saharan Africa,1991,6.354
COM,Comoros,Sub-Saharan Africa,1992,6.186
COM,Comoros,Sub-Saharan Africa,1993,6.022
COM,Comoros,Sub-Saharan Africa,1994,5.864
COM,Comoros,Sub-Saharan Africa,1995,5.73
COM,Comoros,Sub-Saharan Africa,1996,5.627
COM,Comoros,Sub-Saharan Africa,1997,5.513
COM,Comoros,Sub-Saharan Africa,1998,5.392
COM,Comoros,Sub-Saharan Africa,1999,5.28
COM,Comoros,Sub-Saharan Africa,2000,5.227
COM,Comoros,Sub-Saharan Africa,2001,5.195
COM,Comoros,Sub-Saharan Africa,2002,5.155
COM,Comoros,Sub-Saharan Africa,2003,5.115
COM,Comoros,Sub-Saharan Africa,2004,5.065
COM,Comoros,Sub-Saharan Africa,2005,5.012
COM,Comoros,Sub-Saharan Africa,2006,4.934
COM,Comoros,Sub-Saharan Africa,2007,4.859
COM,Comoros,Sub-Saharan Africa,2008,4.805
COM,Comoros,Sub-Saharan Africa,2009,4.778
COM,Comoros,Sub-Saharan Africa,2010,4.755
COM,Comoros,Sub-Saharan Africa,2011,4.722
COM,Comoros,Sub-Saharan Africa,2012,4.652
COM,Comoros,Sub-Saharan Africa,2013,4.572
COM,Comoros,Sub-Saharan Africa,2014,4.489
COM,Comoros,Sub-Saharan Africa,2015,4.42
COM,Comoros,Sub-Saharan Africa,2016,4.348
COM,Comoros,Sub-Saharan Africa,2017,4.278
COM,Comoros,Sub-Saharan Africa,2018,4.208
COM,Comoros,Sub-Saharan Africa,2019,4.138
COM,Comoros,Sub-Saharan Africa,2020,4.071
COM,Comoros,Sub-Saharan Africa,2021,3.999
COM,Comoros,Sub-Saharan Africa,2022,3.935
COM,Comoros,Sub-Saharan Africa,2023,3.878
COM,Comoros,Sub-Saharan Africa,2024,3.822
CPV,Cabo Verde,Sub-Saharan Africa,1960,6.885
CPV,Cabo Verde,Sub-Saharan Africa,1961,6.922
CPV,Cabo Verde,Sub-Saharan Africa,1962,6.953
CPV,Cabo Verde,Sub-Saharan Africa,1963,6.976
CPV,Cabo Verde,Sub-Saharan Africa,1964,6.989
CPV,Cabo Verde,Sub-Saharan Africa,1965,6.993
CPV,Cabo Verde,Sub-Saharan Africa,1966,6.99
CPV,Cabo Verde,Sub-Saharan Africa,1967,6.982
CPV,Cabo Verde,Sub-Saharan Africa,1968,6.97
CPV,Cabo Verde,Sub-Saharan Africa,1969,6.954
CPV,Cabo Verde,Sub-Saharan Africa,1970,6.935
CPV,Cabo Verde,Sub-Saharan Africa,1971,6.913
CPV,Cabo Verde,Sub-Saharan Africa,1972,6.887
CPV,Cabo Verde,Sub-Saharan Africa,1973,6.855
CPV,Cabo Verde,Sub-Saharan Africa,1974,6.818
CPV,Cabo Verde,Sub-Saharan Africa,1975,6.771
CPV,Cabo Verde,Sub-Saharan Africa,1976,6.714
CPV,Cabo Verde,Sub-Saharan Africa,1977,6.645
CPV,Cabo Verde,Sub-Saharan Africa,1978,6.564
CPV,Cabo Verde,Sub-Saharan Africa,1979,6.473
CPV,Cabo Verde,Sub-Saharan Africa,1980,6.375
CPV,Cabo Verde,Sub-Saharan Africa,1981,6.273
CPV,Cabo Verde,Sub-Saharan Africa,1982,6.17
CPV,Cabo Verde,Sub-Saharan Africa,1983,6.068
CPV,Cabo Verde,Sub-Saharan Africa,1984,5.97
CPV,Cabo Verde,Sub-Saharan Africa,1985,5.921
CPV,Cabo Verde,Sub-Saharan Africa,1986,5.81
CPV,Cabo Verde,Sub-Saharan Africa,1987,5.681
CPV,Cabo Verde,Sub-Saharan Africa,1988,5.552
CPV,Cabo Verde,Sub-Saharan Africa,1989,5.452
CPV,Cabo Verde,Sub-Saharan Africa,1990,5.36
CPV,Cabo Verde,Sub-Saharan Africa,1991,5.262
CPV,Cabo Verde,Sub-Saharan Africa,1992,5.123
CPV,Cabo Verde,Sub-Saharan Africa,1993,4.953
CPV,Cabo Verde,Sub-Saharan Africa,1994,4.723
CPV,Cabo Verde,Sub-Saharan Africa,1995,4.494
CPV,Cabo Verde,Sub-Saharan Africa,1996,4.257
CPV,Cabo Verde,Sub-Saharan Africa,1997,4.052
CPV,Cabo Verde,Sub-Saharan Africa,1998,3.898
CPV,Cabo Verde,Sub-Saharan Africa,1999,3.727
CPV,Cabo Verde,Sub-Saharan Africa,2000,3.545
CPV,Cabo Verde,Sub-Saharan Africa,2001,3.366
CPV,Cabo Verde,Sub-Saharan Africa,2002,3.192
CPV,Cabo Verde,Sub-Saharan Africa,2003,3.033
CPV,Cabo Verde,Sub-Saharan Africa,2004,2.9
CPV,Cabo Verde,Sub-Saharan Africa,2005,2.726
CPV,Cabo Verde,Sub-Saharan Africa,2006,2.555
CPV,Cabo Verde,Sub-Saharan Africa,2007,2.409
CPV,Cabo Verde,Sub-Saharan Africa,2008,2.298
CPV,Cabo Verde,Sub-Saharan Africa,2009,2.246
CPV,Cabo Verde,Sub-Saharan Africa,2010,2.329
CPV,Cabo Verde,Sub-Saharan Africa,2011,2.329
CPV,Cabo Verde,Sub-Saharan Africa,2012,2.153
CPV,Cabo Verde,Sub-Saharan Africa,2013,2.067
CPV,Cabo Verde,Sub-Saharan Africa,2014,2.031
CPV,Cabo Verde,Sub-Saharan Africa,2015,1.968
CPV,Cabo Verde,Sub-Saharan Africa,2016,1.966
CPV,Cabo Verde,Sub-Saharan Africa,2017,1.93
CPV,Cabo Verde,Sub-Saharan Africa,2018,1.804
CPV,Cabo Verde,Sub-Saharan Africa,2019,1.698
CPV,Cabo Verde,Sub-Saharan Africa,2020,1.591
CPV,Cabo Verde,Sub-Saharan Africa,2021,1.554
CPV,Cabo Verde,Sub-Saharan Africa,2022,1.533
CPV,Cabo Verde,Sub-Saharan Africa,2023,1.522
CPV,Cabo Verde,Sub-Saharan Africa,2024,1.511
CRI,Costa Rica,Latin America & Caribbean,1960,6.712
CRI,Costa Rica,Latin America & Caribbean,1961,6.651
CRI,Costa Rica,Latin America & Caribbean,1962,6.543
CRI,Costa Rica,Latin America & Caribbean,1963,6.389
CRI,Costa Rica,Latin America & Caribbean,1964,6.193
CRI,Costa Rica,Latin America & Caribbean,1965,5.96
CRI,Costa Rica,Latin America & Caribbean,1966,5.697
CRI,Costa Rica,Latin America & Caribbean,1967,5.416
CRI,Costa Rica,Latin America & Caribbean,1968,5.028
CRI,Costa Rica,Latin America & Caribbean,1969,4.835
CRI,Costa Rica,Latin America & Caribbean,1970,4.585
CRI,Costa Rica,Latin America & Caribbean,1971,4.362
CRI,Costa Rica,Latin America & Caribbean,1972,4.158
CRI,Costa Rica,Latin America & Caribbean,1973,3.991
CRI,Costa Rica,Latin America & Caribbean,1974,3.893
CRI,Costa Rica,Latin America & Caribbean,1975,3.804
CRI,Costa Rica,Latin America & Caribbean,1976,3.747
CRI,Costa Rica,Latin America & Caribbean,1977,3.701
CRI,Costa Rica,Latin America & Caribbean,1978,3.662
CRI,Costa Rica,Latin America & Caribbean,1979,3.651
CRI,Costa Rica,Latin America & Caribbean,1980,3.583
CRI,Costa Rica,Latin America & Caribbean,1981,3.556
CRI,Costa Rica,Latin America & Caribbean,1982,3.54
CRI,Costa Rica,Latin America & Caribbean,1983,3.525
CRI,Costa Rica,Latin America & Caribbean,1984,3.519
CRI,Costa Rica,Latin America & Caribbean,1985,3.511
CRI,Costa Rica,Latin America & Caribbean,1986,3.454
CRI,Costa Rica,Latin America & Caribbean,1987,3.384
CRI,Costa Rica,Latin America & Caribbean,1988,3.314
CRI,Costa Rica,Latin America & Caribbean,1989,3.238
CRI,Costa Rica,Latin America & Caribbean,1990,3.167
CRI,Costa Rica,Latin America & Caribbean,1991,3.075
CRI,Costa Rica,Latin America & Caribbean,1992,3.001
CRI,Costa Rica,Latin America & Caribbean,1993,2.928
CRI,Costa Rica,Latin America & Caribbean,1994,2.857
CRI,Costa Rica,Latin America & Caribbean,1995,2.779
CRI,Costa Rica,Latin America & Caribbean,1996,2.681
CRI,Costa Rica,Latin America & Caribbean,1997,2.589
CRI,Costa Rica,Latin America & Caribbean,1998,2.527
CRI,Costa Rica,Latin America & Caribbean,1999,2.481
CRI,Costa Rica,Latin America & Caribbean,2000,2.413
CRI,Costa Rica,Latin America & Caribbean,2001,2.312
CRI,Costa Rica,Latin America & Caribbean,2002,2.162
CRI,Costa Rica,Latin America & Caribbean,2003,2.084
CRI,Costa Rica,Latin America & Caribbean,2004,2.028
CRI,Costa Rica,Latin America & Caribbean,2005,2.038
CRI,Costa Rica,Latin America & Caribbean,2006,1.937
CRI,Costa Rica,Latin America & Caribbean,2007,1.954
CRI,Costa Rica,Latin America & Caribbean,2008,1.98
CRI,Costa Rica,Latin America & Caribbean,2009,1.953
CRI,Costa Rica,Latin America & Caribbean,2010,1.827
CRI,Costa Rica,Latin America & Caribbean,2011,1.877
CRI,Costa Rica,Latin America & Caribbean,2012,1.851
CRI,Costa Rica,Latin America & Caribbean,2013,1.779
CRI,Costa Rica,Latin America & Caribbean,2014,1.8
CRI,Costa Rica,Latin America & Caribbean,2015,1.797
CRI,Costa Rica,Latin America & Caribbean,2016,1.746
CRI,Costa Rica,Latin America & Caribbean,2017,1.714
CRI,Costa Rica,Latin America & Caribbean,2018,1.706
CRI,Costa Rica,Latin America & Caribbean,2019,1.6
CRI,Costa Rica,Latin America & Caribbean,2020,1.448
CRI,Costa Rica,Latin America & Caribbean,2021,1.353
CRI,Costa Rica,Latin America & Caribbean,2022,1.335
CRI,Costa Rica,Latin America & Caribbean,2023,1.33
CRI,Costa Rica,Latin America & Caribbean,2024,1.318
CUB,Cuba,Latin America & Caribbean,1960,4.129
CUB,Cuba,Latin America & Caribbean,1961,4.265
CUB,Cuba,Latin America & Caribbean,1962,4.421
CUB,Cuba,Latin America & Caribbean,1963,4.559
CUB,Cuba,Latin America & Caribbean,1964,4.528
CUB,Cuba,Latin America & Caribbean,1965,4.504
CUB,Cuba,Latin America & Caribbean,1966,4.398
CUB,Cuba,Latin America & Caribbean,1967,4.294
CUB,Cuba,Latin America & Caribbean,1968,4.194
CUB,Cuba,Latin America & Caribbean,1969,4.124
CUB,Cuba,Latin America & Caribbean,1970,3.981
CUB,Cuba,Latin America & Caribbean,1971,3.799
CUB,Cuba,Latin America & Caribbean,1972,3.612
CUB,Cuba,Latin America & Caribbean,1973,3.402
CUB,Cuba,Latin America & Caribbean,1974,3.164
CUB,Cuba,Latin America & Caribbean,1975,2.824
CUB,Cuba,Latin America & Caribbean,1976,2.506
CUB,Cuba,Latin America & Caribbean,1977,2.209
CUB,Cuba,Latin America & Caribbean,1978,1.884
CUB,Cuba,Latin America & Caribbean,1979,1.771
CUB,Cuba,Latin America & Caribbean,1980,1.637
CUB,Cuba,Latin America & Caribbean,1981,1.591
CUB,Cuba,Latin America & Caribbean,1982,1.776
CUB,Cuba,Latin America & Caribbean,1983,1.801
CUB,Cuba,Latin America & Caribbean,1984,1.774
CUB,Cuba,Latin America & Caribbean,1985,1.772
CUB,Cuba,Latin America & Caribbean,1986,1.779
CUB,Cuba,Latin America & Caribbean,1987,1.8
CUB,Cuba,Latin America & Caribbean,1988,1.853
CUB,Cuba,Latin America & Caribbean,1989,1.832
CUB,Cuba,Latin America & Caribbean,1990,1.806
CUB,Cuba,Latin America & Caribbean,1991,1.663
CUB,Cuba,Latin America & Caribbean,1992,1.562
CUB,Cuba,Latin America & Caribbean,1993,1.489
CUB,Cuba,Latin America & Caribbean,1994,1.467
CUB,Cuba,Latin America & Caribbean,1995,1.481
CUB,Cuba,Latin America & Caribbean,1996,1.457
CUB,Cuba,Latin America & Caribbean,1997,1.59
CUB,Cuba,Latin America & Caribbean,1998,1.617
CUB,Cuba,Latin America & Caribbean,1999,1.64
CUB,Cuba,Latin America & Caribbean,2000,1.608
CUB,Cuba,Latin America & Caribbean,2001,1.595
CUB,Cuba,Latin America & Caribbean,2002,1.645
CUB,Cuba,Latin America & Caribbean,2003,1.627
CUB,Cuba,Latin America & Caribbean,2004,1.546
CUB,Cuba,Latin America & Caribbean,2005,1.486
CUB,Cuba,Latin America & Caribbean,2006,1.402
CUB,Cuba,Latin America & Caribbean,2007,1.436
CUB,Cuba,Latin America & Caribbean,2008,1.576
CUB,Cuba,Latin America & Caribbean,2009,1.678
CUB,Cuba,Latin America & Caribbean,2010,1.673
CUB,Cuba,Latin America & Caribbean,2011,1.734
CUB,Cuba,Latin America & Caribbean,2012,1.668
CUB,Cuba,Latin America & Caribbean,2013,1.678
CUB,Cuba,Latin America & Caribbean,2014,1.655
CUB,Cuba,Latin America & Caribbean,2015,1.685
CUB,Cuba,Latin America & Caribbean,2016,1.6
CUB,Cuba,Latin America & Caribbean,2017,1.585
CUB,Cuba,Latin America & Caribbean,2018,1.607
CUB,Cuba,Latin America & Caribbean,2019,1.54
CUB,Cuba,Latin America & Caribbean,2020,1.489
CUB,Cuba,Latin America & Caribbean,2021,1.427
CUB,Cuba,Latin America & Caribbean,2022,1.412
CUB,Cuba,Latin America & Caribbean,2023,1.439
CUB,Cuba,Latin America & Caribbean,2024,1.445
CUW,Curacao,Latin America & Caribbean,1960,5.13
CUW,Curacao,Latin America & Caribbean,1961,5.042
CUW,Curacao,Latin America & Caribbean,1962,4.927
CUW,Curacao,Latin America & Caribbean,1963,4.798
CUW,Curacao,Latin America & Caribbean,1964,4.641
CUW,Curacao,Latin America & Caribbean,1965,4.475
CUW,Curacao,Latin America & Caribbean,1966,4.265
CUW,Curacao,Latin America & Caribbean,1967,4.059
CUW,Curacao,Latin America & Caribbean,1968,3.827
CUW,Curacao,Latin America & Caribbean,1969,3.608
CUW,Curacao,Latin America & Caribbean,1970,3.397
CUW,Curacao,Latin America & Caribbean,1971,3.18
CUW,Curacao,Latin America & Caribbean,1972,2.992
CUW,Curacao,Latin America & Caribbean,1973,2.872
CUW,Curacao,Latin America & Caribbean,1974,2.773
CUW,Curacao,Latin America & Caribbean,1975,2.662
CUW,Curacao,Latin America & Caribbean,1976,2.554
CUW,Curacao,Latin America & Caribbean,1977,2.463
CUW,Curacao,Latin America & Caribbean,1978,2.38
CUW,Curacao,Latin America & Caribbean,1979,2.312
CUW,Curacao,Latin America & Caribbean,1980,2.272
CUW,Curacao,Latin America & Caribbean,1981,2.249
CUW,Curacao,Latin America & Caribbean,1982,2.236
CUW,Curacao,Latin America & Caribbean,1983,2.238
CUW,Curacao,Latin America & Caribbean,1984,2.237
CUW,Curacao,Latin America & Caribbean,1985,2.242
CUW,Curacao,Latin America & Caribbean,1986,2.241
CUW,Curacao,Latin America & Caribbean,1987,2.242
CUW,Curacao,Latin America & Caribbean,1988,2.253
CUW,Curacao,Latin America & Caribbean,1989,2.269
CUW,Curacao,Latin America & Caribbean,1990,2.303
CUW,Curacao,Latin America & Caribbean,1991,2.372
CUW,Curacao,Latin America & Caribbean,1992,2.433
CUW,Curacao,Latin America & Caribbean,1993,2.438
CUW,Curacao,Latin America & Caribbean,1994,2.43
CUW,Curacao,Latin America & Caribbean,1995,2.419
CUW,Curacao,Latin America & Caribbean,1996,2.403
CUW,Curacao,Latin America & Caribbean,1997,2.367
CUW,Curacao,Latin America & Caribbean,1998,2.315
CUW,Curacao,Latin America & Caribbean,1999,2.285
CUW,Curacao,Latin America & Caribbean,2000,2.342
CUW,Curacao,Latin America & Caribbean,2001,2.405
CUW,Curacao,Latin America & Caribbean,2002,2.3
CUW,Curacao,Latin America & Caribbean,2003,2.191
CUW,Curacao,Latin America & Caribbean,2004,2.099
CUW,Curacao,Latin America & Caribbean,2005,2.037
CUW,Curacao,Latin America & Caribbean,2006,2.1
CUW,Curacao,Latin America & Caribbean,2007,2.0
CUW,Curacao,Latin America & Caribbean,2008,2.2
CUW,Curacao,Latin America & Caribbean,2009,2.1
CUW,Curacao,Latin America & Caribbean,2010,2.2
CUW,Curacao,Latin America & Caribbean,2011,2.1
CUW,Curacao,Latin America & Caribbean,2012,2.2
CUW,Curacao,Latin America & Caribbean,2013,2.1
CUW,Curacao,Latin America & Caribbean,2014,2.0
CUW,Curacao,Latin America & Caribbean,2015,1.9
CUW,Curacao,Latin America & Caribbean,2016,1.7
CUW,Curacao,Latin America & Caribbean,2017,1.5
CUW,Curacao,Latin America & Caribbean,2018,1.7
CUW,Curacao,Latin America & Caribbean,2019,1.6
CUW,Curacao,Latin America & Caribbean,2020,1.4
CUW,Curacao,Latin America & Caribbean,2021,1.4
CUW,Curacao,Latin America & Caribbean,2022,1.4
CUW,Curacao,Latin America & Caribbean,2023,1.3
CUW,Curacao,Latin America & Caribbean,2024,1.4
CYM,Cayman Islands,Latin America & Caribbean,1960,4.713
CYM,Cayman Islands,Latin America & Caribbean,1961,4.781
CYM,Cayman Islands,Latin America & Caribbean,1962,4.793
CYM,Cayman Islands,Latin America & Caribbean,1963,4.686
CYM,Cayman Islands,Latin America & Caribbean,1964,4.411
CYM,Cayman Islands,Latin America & Caribbean,1965,4.159
CYM,Cayman Islands,Latin America & Caribbean,1966,4.078
CYM,Cayman Islands,Latin America & Caribbean,1967,4.045
CYM,Cayman Islands,Latin America & Caribbean,1968,3.992
CYM,Cayman Islands,Latin America & Caribbean,1969,3.522
CYM,Cayman Islands,Latin America & Caribbean,1970,4.662
CYM,Cayman Islands,Latin America & Caribbean,1971,3.465
CYM,Cayman Islands,Latin America & Caribbean,1972,4.887
CYM,Cayman Islands,Latin America & Caribbean,1973,3.562
CYM,Cayman Islands,Latin America & Caribbean,1974,2.958
CYM,Cayman Islands,Latin America & Caribbean,1975,2.715
CYM,Cayman Islands,Latin America & Caribbean,1976,2.529
CYM,Cayman Islands,Latin America & Caribbean,1977,2.413
CYM,Cayman Islands,Latin America & Caribbean,1978,2.366
CYM,Cayman Islands,Latin America & Caribbean,1979,2.368
CYM,Cayman Islands,Latin America & Caribbean,1980,2.405
CYM,Cayman Islands,Latin America & Caribbean,1981,2.384
CYM,Cayman Islands,Latin America & Caribbean,1982,2.008
CYM,Cayman Islands,Latin America & Caribbean,1983,1.832
CYM,Cayman Islands,Latin America & Caribbean,1984,1.79
CYM,Cayman Islands,Latin America & Caribbean,1985,1.752
CYM,Cayman Islands,Latin America & Caribbean,1986,1.691
CYM,Cayman Islands,Latin America & Caribbean,1987,1.582
CYM,Cayman Islands,Latin America & Caribbean,1988,1.63
CYM,Cayman Islands,Latin America & Caribbean,1989,1.755
CYM,Cayman Islands,Latin America & Caribbean,1990,1.783
CYM,Cayman Islands,Latin America & Caribbean,1991,1.846
CYM,Cayman Islands,Latin America & Caribbean,1992,1.726
CYM,Cayman Islands,Latin America & Caribbean,1993,1.669
CYM,Cayman Islands,Latin America & Caribbean,1994,1.66
CYM,Cayman Islands,Latin America & Caribbean,1995,1.674
CYM,Cayman Islands,Latin America & Caribbean,1996,1.691
CYM,Cayman Islands,Latin America & Caribbean,1997,1.701
CYM,Cayman Islands,Latin America & Caribbean,1998,1.702
CYM,Cayman Islands,Latin America & Caribbean,1999,1.708
CYM,Cayman Islands,Latin America & Caribbean,2000,1.707
CYM,Cayman Islands,Latin America & Caribbean,2001,1.697
CYM,Cayman Islands,Latin America & Caribbean,2002,1.681
CYM,Cayman Islands,Latin America & Caribbean,2003,1.672
CYM,Cayman Islands,Latin America & Caribbean,2004,1.671
CYM,Cayman Islands,Latin America & Caribbean,2005,1.665
CYM,Cayman Islands,Latin America & Caribbean,2006,1.665
CYM,Cayman Islands,Latin America & Caribbean,2007,1.681
CYM,Cayman Islands,Latin America & Caribbean,2008,1.703
CYM,Cayman Islands,Latin America & Caribbean,2009,1.723
CYM,Cayman Islands,Latin America & Caribbean,2010,1.694
CYM,Cayman Islands,Latin America & Caribbean,2011,1.637
CYM,Cayman Islands,Latin America & Caribbean,2012,1.531
CYM,Cayman Islands,Latin America & Caribbean,2013,1.445
CYM,Cayman Islands,Latin America & Caribbean,2014,1.334
CYM,Cayman Islands,Latin America & Caribbean,2015,1.269
CYM,Cayman Islands,Latin America & Caribbean,2016,1.231
CYM,Cayman Islands,Latin America & Caribbean,2017,1.222
CYM,Cayman Islands,Latin America & Caribbean,2018,1.277
CYM,Cayman Islands,Latin America & Caribbean,2019,1.508
CYM,Cayman Islands,Latin America & Caribbean,2020,1.554
CYM,Cayman Islands,Latin America & Caribbean,2021,1.551
CYM,Cayman Islands,Latin America & Caribbean,2022,1.541
CYM,Cayman Islands,Latin America & Caribbean,2023,1.531
CYM,Cayman Islands,Latin America & Caribbean,2024,1.525
CYP,Cyprus,Europe & Central Asia,1960,3.393
CYP,Cyprus,Europe & Central Asia,1961,3.619
CYP,Cyprus,Europe & Central Asia,1962,3.51
CYP,Cyprus,Europe & Central Asia,1963,3.494
CYP,Cyprus,Europe & Central Asia,1964,3.409
CYP,Cyprus,Europe & Central Asia,1965,3.47
CYP,Cyprus,Europe & Central Asia,1966,3.395
CYP,Cyprus,Europe & Central Asia,1967,3.324
CYP,Cyprus,Europe & Central Asia,1968,3.267
CYP,Cyprus,Europe & Central Asia,1969,3.188
CYP,Cyprus,Europe & Central Asia,1970,3.065
CYP,Cyprus,Europe & Central Asia,1971,3.036
CYP,Cyprus,Europe & Central Asia,1972,2.988
CYP,Cyprus,Europe & Central Asia,1973,2.403
CYP,Cyprus,Europe & Central Asia,1974,2.28
CYP,Cyprus,Europe & Central Asia,1975,2.107
CYP,Cyprus,Europe & Central Asia,1976,2.327
CYP,Cyprus,Europe & Central Asia,1977,2.089
CYP,Cyprus,Europe & Central Asia,1978,2.079
CYP,Cyprus,Europe & Central Asia,1979,2.136
CYP,Cyprus,Europe & Central Asia,1980,2.298
CYP,Cyprus,Europe & Central Asia,1981,2.154
CYP,Cyprus,Europe & Central Asia,1982,2.487
CYP,Cyprus,Europe & Central Asia,1983,2.493
CYP,Cyprus,Europe & Central Asia,1984,2.512
CYP,Cyprus,Europe & Central Asia,1985,2.432
CYP,Cyprus,Europe & Central Asia,1986,2.452
CYP,Cyprus,Europe & Central Asia,1987,2.388
CYP,Cyprus,Europe & Central Asia,1988,2.47
CYP,Cyprus,Europe & Central Asia,1989,2.369
CYP,Cyprus,Europe & Central Asia,1990,2.402
CYP,Cyprus,Europe & Central Asia,1991,2.34
CYP,Cyprus,Europe & Central Asia,1992,2.459
CYP,Cyprus,Europe & Central Asia,1993,2.247
CYP,Cyprus,Europe & Central Asia,1994,2.163
CYP,Cyprus,Europe & Central Asia,1995,2.032
CYP,Cyprus,Europe & Central Asia,1996,1.953
CYP,Cyprus,Europe & Central Asia,1997,1.86
CYP,Cyprus,Europe & Central Asia,1998,1.761
CYP,Cyprus,Europe & Central Asia,1999,1.672
CYP,Cyprus,Europe & Central Asia,2000,1.638
CYP,Cyprus,Europe & Central Asia,2001,1.566
CYP,Cyprus,Europe & Central Asia,2002,1.497
CYP,Cyprus,Europe & Central Asia,2003,1.505
CYP,Cyprus,Europe & Central Asia,2004,1.512
CYP,Cyprus,Europe & Central Asia,2005,1.479
CYP,Cyprus,Europe & Central Asia,2006,1.509
CYP,Cyprus,Europe & Central Asia,2007,1.449
CYP,Cyprus,Europe & Central Asia,2008,1.479
CYP,Cyprus,Europe & Central Asia,2009,1.475
CYP,Cyprus,Europe & Central Asia,2010,1.434
CYP,Cyprus,Europe & Central Asia,2011,1.36
CYP,Cyprus,Europe & Central Asia,2012,1.382
CYP,Cyprus,Europe & Central Asia,2013,1.304
CYP,Cyprus,Europe & Central Asia,2014,1.312
CYP,Cyprus,Europe & Central Asia,2015,1.323
CYP,Cyprus,Europe & Central Asia,2016,1.357
CYP,Cyprus,Europe & Central Asia,2017,1.323
CYP,Cyprus,Europe & Central Asia,2018,1.319
CYP,Cyprus,Europe & Central Asia,2019,1.33
CYP,Cyprus,Europe & Central Asia,2020,1.361
CYP,Cyprus,Europe & Central Asia,2021,1.392
CYP,Cyprus,Europe & Central Asia,2022,1.393
CYP,Cyprus,Europe & Central Asia,2023,1.389
CYP,Cyprus,Europe & Central Asia,2024,1.38
CZE,Czechia,Europe & Central Asia,1960,2.09
CZE,Czechia,Europe & Central Asia,1961,2.11
CZE,Czechia,Europe & Central Asia,1962,2.12
CZE,Czechia,Europe & Central Asia,1963,2.31
CZE,Czechia,Europe & Central Asia,1964,2.34
CZE,Czechia,Europe & Central Asia,1965,2.18
CZE,Czechia,Europe & Central Asia,1966,2.02
CZE,Czechia,Europe & Central Asia,1967,1.91
CZE,Czechia,Europe & Central Asia,1968,1.84
CZE,Czechia,Europe & Central Asia,1969,1.87
CZE,Czechia,Europe & Central Asia,1970,1.92
CZE,Czechia,Europe & Central Asia,1971,2.0
CZE,Czechia,Europe & Central Asia,1972,2.09
CZE,Czechia,Europe & Central Asia,1973,2.31
CZE,Czechia,Europe & Central Asia,1974,2.46
CZE,Czechia,Europe & Central Asia,1975,2.43
CZE,Czechia,Europe & Central Asia,1976,2.39
CZE,Czechia,Europe & Central Asia,1977,2.34
CZE,Czechia,Europe & Central Asia,1978,2.33
CZE,Czechia,Europe & Central Asia,1979,2.27
CZE,Czechia,Europe & Central Asia,1980,2.08
CZE,Czechia,Europe & Central Asia,1981,2.0
CZE,Czechia,Europe & Central Asia,1982,2.0
CZE,Czechia,Europe & Central Asia,1983,1.97
CZE,Czechia,Europe & Central Asia,1984,1.97
CZE,Czechia,Europe & Central Asia,1985,1.95
CZE,Czechia,Europe & Central Asia,1986,1.92
CZE,Czechia,Europe & Central Asia,1987,1.91
CZE,Czechia,Europe & Central Asia,1988,1.94
CZE,Czechia,Europe & Central Asia,1989,1.87
CZE,Czechia,Europe & Central Asia,1990,1.9
CZE,Czechia,Europe & Central Asia,1991,1.86
CZE,Czechia,Europe & Central Asia,1992,1.71
CZE,Czechia,Europe & Central Asia,1993,1.67
CZE,Czechia,Europe & Central Asia,1994,1.44
CZE,Czechia,Europe & Central Asia,1995,1.28
CZE,Czechia,Europe & Central Asia,1996,1.18
CZE,Czechia,Europe & Central Asia,1997,1.17
CZE,Czechia,Europe & Central Asia,1998,1.16
CZE,Czechia,Europe & Central Asia,1999,1.13
CZE,Czechia,Europe & Central Asia,2000,1.15
CZE,Czechia,Europe & Central Asia,2001,1.15
CZE,Czechia,Europe & Central Asia,2002,1.17
CZE,Czechia,Europe & Central Asia,2003,1.18
CZE,Czechia,Europe & Central Asia,2004,1.23
CZE,Czechia,Europe & Central Asia,2005,1.29
CZE,Czechia,Europe & Central Asia,2006,1.34
CZE,Czechia,Europe & Central Asia,2007,1.45
CZE,Czechia,Europe & Central Asia,2008,1.51
CZE,Czechia,Europe & Central Asia,2009,1.51
CZE,Czechia,Europe & Central Asia,2010,1.51
CZE,Czechia,Europe & Central Asia,2011,1.43
CZE,Czechia,Europe & Central Asia,2012,1.45
CZE,Czechia,Europe & Central Asia,2013,1.46
CZE,Czechia,Europe & Central Asia,2014,1.53
CZE,Czechia,Europe & Central Asia,2015,1.57
CZE,Czechia,Europe & Central Asia,2016,1.63
CZE,Czechia,Europe & Central Asia,2017,1.69
CZE,Czechia,Europe & Central Asia,2018,1.71
CZE,Czechia,Europe & Central Asia,2019,1.71
CZE,Czechia,Europe & Central Asia,2020,1.74
CZE,Czechia,Europe & Central Asia,2021,1.83
CZE,Czechia,Europe & Central Asia,2022,1.64
CZE,Czechia,Europe & Central Asia,2023,1.46
CZE,Czechia,Europe & Central Asia,2024,1.36
DEU,Germany,Europe & Central Asia,1960,2.37
DEU,Germany,Europe & Central Asia,1961,2.45
DEU,Germany,Europe & Central Asia,1962,2.44
DEU,Germany,Europe & Central Asia,1963,2.51
DEU,Germany,Europe & Central Asia,1964,2.54
DEU,Germany,Europe & Central Asia,1965,2.5
DEU,Germany,Europe & Central Asia,1966,2.53
DEU,Germany,Europe & Central Asia,1967,2.48
DEU,Germany,Europe & Central Asia,1968,2.38
DEU,Germany,Europe & Central Asia,1969,2.21
DEU,Germany,Europe & Central Asia,1970,2.03
DEU,Germany,Europe & Central Asia,1971,1.92
DEU,Germany,Europe & Central Asia,1972,1.71
DEU,Germany,Europe & Central Asia,1973,1.54
DEU,Germany,Europe & Central Asia,1974,1.51
DEU,Germany,Europe & Central Asia,1975,1.45
DEU,Germany,Europe & Central Asia,1976,1.45
DEU,Germany,Europe & Central Asia,1977,1.4
DEU,Germany,Europe & Central Asia,1978,1.38
DEU,Germany,Europe & Central Asia,1979,1.38
DEU,Germany,Europe & Central Asia,1980,1.44
DEU,Germany,Europe & Central Asia,1981,1.43
DEU,Germany,Europe & Central Asia,1982,1.41
DEU,Germany,Europe & Central Asia,1983,1.33
DEU,Germany,Europe & Central Asia,1984,1.29
DEU,Germany,Europe & Central Asia,1985,1.37
DEU,Germany,Europe & Central Asia,1986,1.43
DEU,Germany,Europe & Central Asia,1987,1.43
DEU,Germany,Europe & Central Asia,1988,1.46
DEU,Germany,Europe & Central Asia,1989,1.42
DEU,Germany,Europe & Central Asia,1990,1.45
DEU,Germany,Europe & Central Asia,1991,1.33
DEU,Germany,Europe & Central Asia,1992,1.29
DEU,Germany,Europe & Central Asia,1993,1.28
DEU,Germany,Europe & Central Asia,1994,1.24
DEU,Germany,Europe & Central Asia,1995,1.25
DEU,Germany,Europe & Central Asia,1996,1.3
DEU,Germany,Europe & Central Asia,1997,1.35
DEU,Germany,Europe & Central Asia,1998,1.36
DEU,Germany,Europe & Central Asia,1999,1.36
DEU,Germany,Europe & Central Asia,2000,1.38
DEU,Germany,Europe & Central Asia,2001,1.35
DEU,Germany,Europe & Central Asia,2002,1.34
DEU,Germany,Europe & Central Asia,2003,1.34
DEU,Germany,Europe & Central Asia,2004,1.36
DEU,Germany,Europe & Central Asia,2005,1.34
DEU,Germany,Europe & Central Asia,2006,1.33
DEU,Germany,Europe & Central Asia,2007,1.37
DEU,Germany,Europe & Central Asia,2008,1.38
DEU,Germany,Europe & Central Asia,2009,1.36
DEU,Germany,Europe & Central Asia,2010,1.39
DEU,Germany,Europe & Central Asia,2011,1.39
DEU,Germany,Europe & Central Asia,2012,1.41
DEU,Germany,Europe & Central Asia,2013,1.42
DEU,Germany,Europe & Central Asia,2014,1.47
DEU,Germany,Europe & Central Asia,2015,1.5
DEU,Germany,Europe & Central Asia,2016,1.6
DEU,Germany,Europe & Central Asia,2017,1.57
DEU,Germany,Europe & Central Asia,2018,1.57
DEU,Germany,Europe & Central Asia,2019,1.54
DEU,Germany,Europe & Central Asia,2020,1.53
DEU,Germany,Europe & Central Asia,2021,1.58
DEU,Germany,Europe & Central Asia,2022,1.455
DEU,Germany,Europe & Central Asia,2023,1.39
DEU,Germany,Europe & Central Asia,2024,1.36
DJI,Djibouti,Middle East & North Africa,1960,6.847
DJI,Djibouti,Middle East & North Africa,1961,6.848
DJI,Djibouti,Middle East & North Africa,1962,6.854
DJI,Djibouti,Middle East & North Africa,1963,6.86
DJI,Djibouti,Middle East & North Africa,1964,6.872
DJI,Djibouti,Middle East & North Africa,1965,6.864
DJI,Djibouti,Middle East & North Africa,1966,6.875
DJI,Djibouti,Middle East & North Africa,1967,6.87
DJI,Djibouti,Middle East & North Africa,1968,6.876
DJI,Djibouti,Middle East & North Africa,1969,6.878
DJI,Djibouti,Middle East & North Africa,1970,6.879
DJI,Djibouti,Middle East & North Africa,1971,6.882
DJI,Djibouti,Middle East & North Africa,1972,6.851
DJI,Djibouti,Middle East & North Africa,1973,6.817
DJI,Djibouti,Middle East & North Africa,1974,6.78
DJI,Djibouti,Middle East & North Africa,1975,6.737
DJI,Djibouti,Middle East & North Africa,1976,6.691
DJI,Djibouti,Middle East & North Africa,1977,6.64
DJI,Djibouti,Middle East & North Africa,1978,6.586
DJI,Djibouti,Middle East & North Africa,1979,6.523
DJI,Djibouti,Middle East & North Africa,1980,6.46
DJI,Djibouti,Middle East & North Africa,1981,6.397
DJI,Djibouti,Middle East & North Africa,1982,6.342
DJI,Djibouti,Middle East & North Africa,1983,6.298
DJI,Djibouti,Middle East & North Africa,1984,6.247
DJI,Djibouti,Middle East & North Africa,1985,6.192
DJI,Djibouti,Middle East & North Africa,1986,6.139
DJI,Djibouti,Middle East & North Africa,1987,6.086
DJI,Djibouti,Middle East & North Africa,1988,6.03
DJI,Djibouti,Middle East & North Africa,1989,5.973
DJI,Djibouti,Middle East & North Africa,1990,5.931
DJI,Djibouti,Middle East & North Africa,1991,5.856
DJI,Djibouti,Middle East & North Africa,1992,5.751
DJI,Djibouti,Middle East & North Africa,1993,5.638
DJI,Djibouti,Middle East & North Africa,1994,5.507
DJI,Djibouti,Middle East & North Africa,1995,5.331
DJI,Djibouti,Middle East & North Africa,1996,5.149
DJI,Djibouti,Middle East & North Africa,1997,4.966
DJI,Djibouti,Middle East & North Africa,1998,4.795
DJI,Djibouti,Middle East & North Africa,1999,4.687
DJI,Djibouti,Middle East & North Africa,2000,4.601
DJI,Djibouti,Middle East & North Africa,2001,4.518
DJI,Djibouti,Middle East & North Africa,2002,4.41
DJI,Djibouti,Middle East & North Africa,2003,4.296
DJI,Djibouti,Middle East & North Africa,2004,4.162
DJI,Djibouti,Middle East & North Africa,2005,4.035
DJI,Djibouti,Middle East & North Africa,2006,3.899
DJI,Djibouti,Middle East & North Africa,2007,3.756
DJI,Djibouti,Middle East & North Africa,2008,3.621
DJI,Djibouti,Middle East & North Africa,2009,3.521
DJI,Djibouti,Middle East & North Africa,2010,3.431
DJI,Djibouti,Middle East & North Africa,2011,3.341
DJI,Djibouti,Middle East & North Africa,2012,3.255
DJI,Djibouti,Middle East & North Africa,2013,3.187
DJI,Djibouti,Middle East & North Africa,2014,3.116
DJI,Djibouti,Middle East & North Africa,2015,3.041
DJI,Djibouti,Middle East & North Africa,2016,2.969
DJI,Djibouti,Middle East & North Africa,2017,2.916
DJI,Djibouti,Middle East & North Africa,2018,2.858
DJI,Djibouti,Middle East & North Africa,2019,2.798
DJI,Djibouti,Middle East & North Africa,2020,2.745
DJI,Djibouti,Middle East & North Africa,2021,2.699
DJI,Djibouti,Middle East & North Africa,2022,2.653
DJI,Djibouti,Middle East & North Africa,2023,2.609
DJI,Djibouti,Middle East & North Africa,2024,2.618
DMA,Dominica,Latin America & Caribbean,1960,6.178
DMA,Dominica,Latin America & Caribbean,1961,6.156
DMA,Dominica,Latin America & Caribbean,1962,6.122
DMA,Dominica,Latin America & Caribbean,1963,6.084
DMA,Dominica,Latin America & Caribbean,1964,6.027
DMA,Dominica,Latin America & Caribbean,1965,5.952
DMA,Dominica,Latin America & Caribbean,1966,5.856
DMA,Dominica,Latin America & Caribbean,1967,5.737
DMA,Dominica,Latin America & Caribbean,1968,5.587
DMA,Dominica,Latin America & Caribbean,1969,5.412
DMA,Dominica,Latin America & Caribbean,1970,5.215
DMA,Dominica,Latin America & Caribbean,1971,4.985
DMA,Dominica,Latin America & Caribbean,1972,4.671
DMA,Dominica,Latin America & Caribbean,1973,4.275
DMA,Dominica,Latin America & Caribbean,1974,3.842
DMA,Dominica,Latin America & Caribbean,1975,3.461
DMA,Dominica,Latin America & Caribbean,1976,3.191
DMA,Dominica,Latin America & Caribbean,1977,3.02
DMA,Dominica,Latin America & Caribbean,1978,2.955
DMA,Dominica,Latin America & Caribbean,1979,2.96
DMA,Dominica,Latin America & Caribbean,1980,3.035
DMA,Dominica,Latin America & Caribbean,1981,3.114
DMA,Dominica,Latin America & Caribbean,1982,3.166
DMA,Dominica,Latin America & Caribbean,1983,3.178
DMA,Dominica,Latin America & Caribbean,1984,3.151
DMA,Dominica,Latin America & Caribbean,1985,3.116
DMA,Dominica,Latin America & Caribbean,1986,3.084
DMA,Dominica,Latin America & Caribbean,1987,3.063
DMA,Dominica,Latin America & Caribbean,1988,3.056
DMA,Dominica,Latin America & Caribbean,1989,3.059
DMA,Dominica,Latin America & Caribbean,1990,3.092
DMA,Dominica,Latin America & Caribbean,1991,3.145
DMA,Dominica,Latin America & Caribbean,1992,3.177
DMA,Dominica,Latin America & Caribbean,1993,3.201
DMA,Dominica,Latin America & Caribbean,1994,2.964
DMA,Dominica,Latin America & Caribbean,1995,2.708
DMA,Dominica,Latin America & Caribbean,1996,2.546
DMA,Dominica,Latin America & Caribbean,1997,2.406
DMA,Dominica,Latin America & Caribbean,1998,2.315
DMA,Dominica,Latin America & Caribbean,1999,2.458
DMA,Dominica,Latin America & Caribbean,2000,2.346
DMA,Dominica,Latin America & Caribbean,2001,2.399
DMA,Dominica,Latin America & Caribbean,2002,2.16
DMA,Dominica,Latin America & Caribbean,2003,2.075
DMA,Dominica,Latin America & Caribbean,2004,2.023
DMA,Dominica,Latin America & Caribbean,2005,1.998
DMA,Dominica,Latin America & Caribbean,2006,2.074
DMA,Dominica,Latin America & Caribbean,2007,2.022
DMA,Dominica,Latin America & Caribbean,2008,1.968
DMA,Dominica,Latin America & Caribbean,2009,1.918
DMA,Dominica,Latin America & Caribbean,2010,1.887
DMA,Dominica,Latin America & Caribbean,2011,1.861
DMA,Dominica,Latin America & Caribbean,2012,1.827
DMA,Dominica,Latin America & Caribbean,2013,1.778
DMA,Dominica,Latin America & Caribbean,2014,1.713
DMA,Dominica,Latin America & Caribbean,2015,1.648
DMA,Dominica,Latin America & Caribbean,2016,1.581
DMA,Dominica,Latin America & Caribbean,2017,1.54
DMA,Dominica,Latin America & Caribbean,2018,1.517
DMA,Dominica,Latin America & Caribbean,2019,1.504
DMA,Dominica,Latin America & Caribbean,2020,1.495
DMA,Dominica,Latin America & Caribbean,2021,1.484
DMA,Dominica,Latin America & Caribbean,2022,1.482
DMA,Dominica,Latin America & Caribbean,2023,1.484
DMA,Dominica,Latin America & Caribbean,2024,1.48
DNK,Denmark,Europe & Central Asia,1960,2.57
DNK,Denmark,Europe & Central Asia,1961,2.55
DNK,Denmark,Europe & Central Asia,1962,2.55
DNK,Denmark,Europe & Central Asia,1963,2.67
DNK,Denmark,Europe & Central Asia,1964,2.6
DNK,Denmark,Europe & Central Asia,1965,2.61
DNK,Denmark,Europe & Central Asia,1966,2.62
DNK,Denmark,Europe & Central Asia,1967,2.35
DNK,Denmark,Europe & Central Asia,1968,2.12
DNK,Denmark,Europe & Central Asia,1969,2.0
DNK,Denmark,Europe & Central Asia,1970,1.95
DNK,Denmark,Europe & Central Asia,1971,2.04
DNK,Denmark,Europe & Central Asia,1972,2.03
DNK,Denmark,Europe & Central Asia,1973,1.92
DNK,Denmark,Europe & Central Asia,1974,1.9
DNK,Denmark,Europe & Central Asia,1975,1.92
DNK,Denmark,Europe & Central Asia,1976,1.75
DNK,Denmark,Europe & Central Asia,1977,1.66
DNK,Denmark,Europe & Central Asia,1978,1.67
DNK,Denmark,Europe & Central Asia,1979,1.6
DNK,Denmark,Europe & Central Asia,1980,1.55
DNK,Denmark,Europe & Central Asia,1981,1.44
DNK,Denmark,Europe & Central Asia,1982,1.43
DNK,Denmark,Europe & Central Asia,1983,1.38
DNK,Denmark,Europe & Central Asia,1984,1.4
DNK,Denmark,Europe & Central Asia,1985,1.45
DNK,Denmark,Europe & Central Asia,1986,1.48
DNK,Denmark,Europe & Central Asia,1987,1.5
DNK,Denmark,Europe & Central Asia,1988,1.56
DNK,Denmark,Europe & Central Asia,1989,1.62
DNK,Denmark,Europe & Central Asia,1990,1.67
DNK,Denmark,Europe & Central Asia,1991,1.68
DNK,Denmark,Europe & Central Asia,1992,1.76
DNK,Denmark,Europe & Central Asia,1993,1.75
DNK,Denmark,Europe & Central Asia,1994,1.81
DNK,Denmark,Europe & Central Asia,1995,1.8
DNK,Denmark,Europe & Central Asia,1996,1.75
DNK,Denmark,Europe & Central Asia,1997,1.75
DNK,Denmark,Europe & Central Asia,1998,1.72
DNK,Denmark,Europe & Central Asia,1999,1.73
DNK,Denmark,Europe & Central Asia,2000,1.77
DNK,Denmark,Europe & Central Asia,2001,1.74
DNK,Denmark,Europe & Central Asia,2002,1.72
DNK,Denmark,Europe & Central Asia,2003,1.76
DNK,Denmark,Europe & Central Asia,2004,1.78
DNK,Denmark,Europe & Central Asia,2005,1.8
DNK,Denmark,Europe & Central Asia,2006,1.85
DNK,Denmark,Europe & Central Asia,2007,1.84
DNK,Denmark,Europe & Central Asia,2008,1.89
DNK,Denmark,Europe & Central Asia,2009,1.84
DNK,Denmark,Europe & Central Asia,2010,1.87
DNK,Denmark,Europe & Central Asia,2011,1.75
DNK,Denmark,Europe & Central Asia,2012,1.73
DNK,Denmark,Europe & Central Asia,2013,1.67
DNK,Denmark,Europe & Central Asia,2014,1.69
DNK,Denmark,Europe & Central Asia,2015,1.71
DNK,Denmark,Europe & Central Asia,2016,1.79
DNK,Denmark,Europe & Central Asia,2017,1.75
DNK,Denmark,Europe & Central Asia,2018,1.73
DNK,Denmark,Europe & Central Asia,2019,1.7
DNK,Denmark,Europe & Central Asia,2020,1.68
DNK,Denmark,Europe & Central Asia,2021,1.72
DNK,Denmark,Europe & Central Asia,2022,1.55
DNK,Denmark,Europe & Central Asia,2023,1.5
DNK,Denmark,Europe & Central Asia,2024,1.47
DOM,Dominican Republic,Latin America & Caribbean,1960,7.555
DOM,Dominican Republic,Latin America & Caribbean,1961,7.487
DOM,Dominican Republic,Latin America & Caribbean,1962,7.404
DOM,Dominican Republic,Latin America & Caribbean,1963,7.303
DOM,Dominican Republic,Latin America & Caribbean,1964,7.186
DOM,Dominican Republic,Latin America & Caribbean,1965,7.053
DOM,Dominican Republic,Latin America & Caribbean,1966,6.949
DOM,Dominican Republic,Latin America & Caribbean,1967,6.755
DOM,Dominican Republic,Latin America & Caribbean,1968,6.548
DOM,Dominican Republic,Latin America & Caribbean,1969,6.366
DOM,Dominican Republic,Latin America & Caribbean,1970,6.184
DOM,Dominican Republic,Latin America & Caribbean,1971,6.009
DOM,Dominican Republic,Latin America & Caribbean,1972,5.841
DOM,Dominican Republic,Latin America & Caribbean,1973,5.667
DOM,Dominican Republic,Latin America & Caribbean,1974,5.44
DOM,Dominican Republic,Latin America & Caribbean,1975,5.235
DOM,Dominican Republic,Latin America & Caribbean,1976,5.046
DOM,Dominican Republic,Latin America & Caribbean,1977,4.842
DOM,Dominican Republic,Latin America & Caribbean,1978,4.644
DOM,Dominican Republic,Latin America & Caribbean,1979,4.473
DOM,Dominican Republic,Latin America & Caribbean,1980,4.302
DOM,Dominican Republic,Latin America & Caribbean,1981,4.149
DOM,Dominican Republic,Latin America & Caribbean,1982,4.014
DOM,Dominican Republic,Latin America & Caribbean,1983,3.947
DOM,Dominican Republic,Latin America & Caribbean,1984,3.822
DOM,Dominican Republic,Latin America & Caribbean,1985,3.686
DOM,Dominican Republic,Latin America & Caribbean,1986,3.603
DOM,Dominican Republic,Latin America & Caribbean,1987,3.528
DOM,Dominican Republic,Latin America & Caribbean,1988,3.5
DOM,Dominican Republic,Latin America & Caribbean,1989,3.475
DOM,Dominican Republic,Latin America & Caribbean,1990,3.411
DOM,Dominican Republic,Latin America & Caribbean,1991,3.349
DOM,Dominican Republic,Latin America & Caribbean,1992,3.287
DOM,Dominican Republic,Latin America & Caribbean,1993,3.226
DOM,Dominican Republic,Latin America & Caribbean,1994,3.163
DOM,Dominican Republic,Latin America & Caribbean,1995,3.101
DOM,Dominican Republic,Latin America & Caribbean,1996,3.04
DOM,Dominican Republic,Latin America & Caribbean,1997,2.922
DOM,Dominican Republic,Latin America & Caribbean,1998,2.835
DOM,Dominican Republic,Latin America & Caribbean,1999,2.846
DOM,Dominican Republic,Latin America & Caribbean,2000,2.869
DOM,Dominican Republic,Latin America & Caribbean,2001,2.827
DOM,Dominican Republic,Latin America & Caribbean,2002,2.764
DOM,Dominican Republic,Latin America & Caribbean,2003,2.703
DOM,Dominican Republic,Latin America & Caribbean,2004,2.641
DOM,Dominican Republic,Latin America & Caribbean,2005,2.574
DOM,Dominican Republic,Latin America & Caribbean,2006,2.508
DOM,Dominican Republic,Latin America & Caribbean,2007,2.51
DOM,Dominican Republic,Latin America & Caribbean,2008,2.546
DOM,Dominican Republic,Latin America & Caribbean,2009,2.574
DOM,Dominican Republic,Latin America & Caribbean,2010,2.556
DOM,Dominican Republic,Latin America & Caribbean,2011,2.527
DOM,Dominican Republic,Latin America & Caribbean,2012,2.497
DOM,Dominican Republic,Latin America & Caribbean,2013,2.474
DOM,Dominican Republic,Latin America & Caribbean,2014,2.451
DOM,Dominican Republic,Latin America & Caribbean,2015,2.43
DOM,Dominican Republic,Latin America & Caribbean,2016,2.41
DOM,Dominican Republic,Latin America & Caribbean,2017,2.398
DOM,Dominican Republic,Latin America & Caribbean,2018,2.397
DOM,Dominican Republic,Latin America & Caribbean,2019,2.366
DOM,Dominican Republic,Latin America & Caribbean,2020,2.329
DOM,Dominican Republic,Latin America & Caribbean,2021,2.294
DOM,Dominican Republic,Latin America & Caribbean,2022,2.267
DOM,Dominican Republic,Latin America & Caribbean,2023,2.243
DOM,Dominican Republic,Latin America & Caribbean,2024,2.222
DZA,Algeria,Middle East & North Africa,1960,7.503
DZA,Algeria,Middle East & North Africa,1961,7.564
DZA,Algeria,Middle East & North Africa,1962,7.607
DZA,Algeria,Middle East & North Africa,1963,7.649
DZA,Algeria,Middle East & North Africa,1964,7.672
DZA,Algeria,Middle East & North Africa,1965,7.711
DZA,Algeria,Middle East & North Africa,1966,7.71
DZA,Algeria,Middle East & North Africa,1967,7.712
DZA,Algeria,Middle East & North Africa,1968,7.711
DZA,Algeria,Middle East & North Africa,1969,7.709
DZA,Algeria,Middle East & North Africa,1970,7.704
DZA,Algeria,Middle East & North Africa,1971,7.671
DZA,Algeria,Middle East & North Africa,1972,7.634
DZA,Algeria,Middle East & North Africa,1973,7.592
DZA,Algeria,Middle East & North Africa,1974,7.545
DZA,Algeria,Middle East & North Africa,1975,7.485
DZA,Algeria,Middle East & North Africa,1976,7.405
DZA,Algeria,Middle East & North Africa,1977,7.312
DZA,Algeria,Middle East & North Africa,1978,7.211
DZA,Algeria,Middle East & North Africa,1979,7.119
DZA,Algeria,Middle East & North Africa,1980,6.994
DZA,Algeria,Middle East & North Africa,1981,6.845
DZA,Algeria,Middle East & North Africa,1982,6.675
DZA,Algeria,Middle East & North Africa,1983,6.496
DZA,Algeria,Middle East & North Africa,1984,6.283
DZA,Algeria,Middle East & North Africa,1985,6.035
DZA,Algeria,Middle East & North Africa,1986,5.645
DZA,Algeria,Middle East & North Africa,1987,5.298
DZA,Algeria,Middle East & North Africa,1988,5.023
DZA,Algeria,Middle East & North Africa,1989,4.761
DZA,Algeria,Middle East & North Africa,1990,4.509
DZA,Algeria,Middle East & North Africa,1991,4.366
DZA,Algeria,Middle East & North Africa,1992,4.274
DZA,Algeria,Middle East & North Africa,1993,4.076
DZA,Algeria,Middle East & North Africa,1994,3.914
DZA,Algeria,Middle East & North Africa,1995,3.487
DZA,Algeria,Middle East & North Africa,1996,3.139
DZA,Algeria,Middle East & North Africa,1997,2.886
DZA,Algeria,Middle East & North Africa,1998,2.691
DZA,Algeria,Middle East & North Africa,1999,2.62
DZA,Algeria,Middle East & North Africa,2000,2.59
DZA,Algeria,Middle East & North Africa,2001,2.519
DZA,Algeria,Middle East & North Africa,2002,2.429
DZA,Algeria,Middle East & North Africa,2003,2.451
DZA,Algeria,Middle East & North Africa,2004,2.5
DZA,Algeria,Middle East & North Africa,2005,2.562
DZA,Algeria,Middle East & North Africa,2006,2.628
DZA,Algeria,Middle East & North Africa,2007,2.704
DZA,Algeria,Middle East & North Africa,2008,2.785
DZA,Algeria,Middle East & North Africa,2009,2.825
DZA,Algeria,Middle East & North Africa,2010,2.875
DZA,Algeria,Middle East & North Africa,2011,2.899
DZA,Algeria,Middle East & North Africa,2012,2.996
DZA,Algeria,Middle East & North Africa,2013,2.997
DZA,Algeria,Middle East & North Africa,2014,3.084
DZA,Algeria,Middle East & North Africa,2015,3.091
DZA,Algeria,Middle East & North Africa,2016,3.091
DZA,Algeria,Middle East & North Africa,2017,3.09
DZA,Algeria,Middle East & North Africa,2018,3.019
DZA,Algeria,Middle East & North Africa,2019,2.997
DZA,Algeria,Middle East & North Africa,2020,2.94
DZA,Algeria,Middle East & North Africa,2021,2.87
DZA,Algeria,Middle East & North Africa,2022,2.817
DZA,Algeria,Middle East & North Africa,2023,2.766
DZA,Algeria,Middle East & North Africa,2024,2.723
ECU,Ecuador,Latin America & Caribbean,1960,6.721
ECU,Ecuador,Latin America & Caribbean,1961,6.7
ECU,Ecuador,Latin America & Caribbean,1962,6.676
ECU,Ecuador,Latin America & Caribbean,1963,6.646
ECU,Ecuador,Latin America & Caribbean,1964,6.61
ECU,Ecuador,Latin America & Caribbean,1965,6.564
ECU,Ecuador,Latin America & Caribbean,1966,6.507
ECU,Ecuador,Latin America & Caribbean,1967,6.436
ECU,Ecuador,Latin America & Caribbean,1968,6.351
ECU,Ecuador,Latin America & Caribbean,1969,6.252
ECU,Ecuador,Latin America & Caribbean,1970,6.138
ECU,Ecuador,Latin America & Caribbean,1971,6.011
ECU,Ecuador,Latin America & Caribbean,1972,5.873
ECU,Ecuador,Latin America & Caribbean,1973,5.727
ECU,Ecuador,Latin America & Caribbean,1974,5.577
ECU,Ecuador,Latin America & Caribbean,1975,5.426
ECU,Ecuador,Latin America & Caribbean,1976,5.276
ECU,Ecuador,Latin America & Caribbean,1977,5.13
ECU,Ecuador,Latin America & Caribbean,1978,4.989
ECU,Ecuador,Latin America & Caribbean,1979,4.855
ECU,Ecuador,Latin America & Caribbean,1980,4.73
ECU,Ecuador,Latin America & Caribbean,1981,4.612
ECU,Ecuador,Latin America & Caribbean,1982,4.501
ECU,Ecuador,Latin America & Caribbean,1983,4.395
ECU,Ecuador,Latin America & Caribbean,1984,4.305
ECU,Ecuador,Latin America & Caribbean,1985,4.145
ECU,Ecuador,Latin America & Caribbean,1986,4.0
ECU,Ecuador,Latin America & Caribbean,1987,3.87
ECU,Ecuador,Latin America & Caribbean,1988,3.787
ECU,Ecuador,Latin America & Caribbean,1989,3.736
ECU,Ecuador,Latin America & Caribbean,1990,3.68
ECU,Ecuador,Latin America & Caribbean,1991,3.633
ECU,Ecuador,Latin America & Caribbean,1992,3.575
ECU,Ecuador,Latin America & Caribbean,1993,3.491
ECU,Ecuador,Latin America & Caribbean,1994,3.42
ECU,Ecuador,Latin America & Caribbean,1995,3.381
ECU,Ecuador,Latin America & Caribbean,1996,3.351
ECU,Ecuador,Latin America & Caribbean,1997,3.288
ECU,Ecuador,Latin America & Caribbean,1998,3.228
ECU,Ecuador,Latin America & Caribbean,1999,3.166
ECU,Ecuador,Latin America & Caribbean,2000,3.102
ECU,Ecuador,Latin America & Caribbean,2001,3.037
ECU,Ecuador,Latin America & Caribbean,2002,2.972
ECU,Ecuador,Latin America & Caribbean,2003,2.911
ECU,Ecuador,Latin America & Caribbean,2004,2.853
ECU,Ecuador,Latin America & Caribbean,2005,2.8
ECU,Ecuador,Latin America & Caribbean,2006,2.753
ECU,Ecuador,Latin America & Caribbean,2007,2.704
ECU,Ecuador,Latin America & Caribbean,2008,2.688
ECU,Ecuador,Latin America & Caribbean,2009,2.678
ECU,Ecuador,Latin America & Caribbean,2010,2.615
ECU,Ecuador,Latin America & Caribbean,2011,2.605
ECU,Ecuador,Latin America & Caribbean,2012,2.509
ECU,Ecuador,Latin America & Caribbean,2013,2.362
ECU,Ecuador,Latin America & Caribbean,2014,2.274
ECU,Ecuador,Latin America & Caribbean,2015,2.209
ECU,Ecuador,Latin America & Caribbean,2016,2.122
ECU,Ecuador,Latin America & Caribbean,2017,2.128
ECU,Ecuador,Latin America & Caribbean,2018,2.111
ECU,Ecuador,Latin America & Caribbean,2019,2.035
ECU,Ecuador,Latin America & Caribbean,2020,1.967
ECU,Ecuador,Latin America & Caribbean,2021,1.909
ECU,Ecuador,Latin America & Caribbean,2022,1.861
ECU,Ecuador,Latin America & Caribbean,2023,1.823
ECU,Ecuador,Latin America & Caribbean,2024,1.806
EGY,"Egypt, Arab Rep.",Middle East & North Africa,1960,6.793
EGY,"Egypt, Arab Rep.",Middle East & North Africa,1961,6.758
EGY,"Egypt, Arab Rep.",Middle East & North Africa,1962,6.709
EGY,"Egypt, Arab Rep.",Middle East & North Africa,1963,6.648
EGY,"Egypt, Arab Rep.",Middle East & North Africa,1964,6.541
EGY,"Egypt, Arab Rep.",Middle East & North Africa,1965,6.387
EGY,"Egypt, Arab Rep.",Middle East & North Africa,1966,6.308
EGY,"Egypt, Arab Rep.",Middle East & North Africa,1967,6.252
EGY,"Egypt, Arab Rep.",Middle East & North Africa,1968,6.193
EGY,"Egypt, Arab Rep.",Middle East & North Africa,1969,6.12
EGY,"Egypt, Arab Rep.",Middle East & North Africa,1970,6.059
EGY,"Egypt, Arab Rep.",Middle East & North Africa,1971,5.99
EGY,"Egypt, Arab Rep.",Middle East & North Africa,1972,5.929
EGY,"Egypt, Arab Rep.",Middle East & North Africa,1973,5.843
EGY,"Egypt, Arab Rep.",Middle East & North Africa,1974,5.784
EGY,"Egypt, Arab Rep.",Middle East & North Africa,1975,5.749
EGY,"Egypt, Arab Rep.",Middle East & North Africa,1976,5.727
EGY,"Egypt, Arab Rep.",Middle East & North Africa,1977,5.678
EGY,"Egypt, Arab Rep.",Middle East & North Africa,1978,5.629
EGY,"Egypt, Arab Rep.",Middle East & North Africa,1979,5.569
EGY,"Egypt, Arab Rep.",Middle East & North Africa,1980,5.494
EGY,"Egypt, Arab Rep.",Middle East & North Africa,1981,5.368
EGY,"Egypt, Arab Rep.",Middle East & North Africa,1982,5.329
EGY,"Egypt, Arab Rep.",Middle East & North Africa,1983,5.308
EGY,"Egypt, Arab Rep.",Middle East & North Africa,1984,5.207
EGY,"Egypt, Arab Rep.",Middle East & North Africa,1985,5.116
EGY,"Egypt, Arab Rep.",Middle East & North Africa,1986,4.998
EGY,"Egypt, Arab Rep.",Middle East & North Africa,1987,4.911
EGY,"Egypt, Arab Rep.",Middle East & North Africa,1988,4.833
EGY,"Egypt, Arab Rep.",Middle East & North Africa,1989,4.676
EGY,"Egypt, Arab Rep.",Middle East & North Africa,1990,4.512
EGY,"Egypt, Arab Rep.",Middle East & North Africa,1991,4.315
EGY,"Egypt, Arab Rep.",Middle East & North Africa,1992,4.149
EGY,"Egypt, Arab Rep.",Middle East & North Africa,1993,3.993
EGY,"Egypt, Arab Rep.",Middle East & North Africa,1994,3.865
EGY,"Egypt, Arab Rep.",Middle East & North Africa,1995,3.764
EGY,"Egypt, Arab Rep.",Middle East & North Africa,1996,3.7
EGY,"Egypt, Arab Rep.",Middle East & North Africa,1997,3.682
EGY,"Egypt, Arab Rep.",Middle East & North Africa,1998,3.681
EGY,"Egypt, Arab Rep.",Middle East & North Africa,1999,3.599
EGY,"Egypt, Arab Rep.",Middle East & North Africa,2000,3.505
EGY,"Egypt, Arab Rep.",Middle East & North Africa,2001,3.46
EGY,"Egypt, Arab Rep.",Middle East & North Africa,2002,3.412
EGY,"Egypt, Arab Rep.",Middle East & North Africa,2003,3.352
EGY,"Egypt, Arab Rep.",Middle East & North Africa,2004,3.283
EGY,"Egypt, Arab Rep.",Middle East & North Africa,2005,3.254
EGY,"Egypt, Arab Rep.",Middle East & North Africa,2006,3.223
EGY,"Egypt, Arab Rep.",Middle East & North Africa,2007,3.237
EGY,"Egypt, Arab Rep.",Middle East & North Africa,2008,3.238
EGY,"Egypt, Arab Rep.",Middle East & North Africa,2009,3.259
EGY,"Egypt, Arab Rep.",Middle East & North Africa,2010,3.296
EGY,"Egypt, Arab Rep.",Middle East & North Africa,2011,3.311
EGY,"Egypt, Arab Rep.",Middle East & North Africa,2012,3.4
EGY,"Egypt, Arab Rep.",Middle East & North Africa,2013,3.49
EGY,"Egypt, Arab Rep.",Middle East & North Africa,2014,3.49
EGY,"Egypt, Arab Rep.",Middle East & North Africa,2015,3.5
EGY,"Egypt, Arab Rep.",Middle East & North Africa,2016,3.35
EGY,"Egypt, Arab Rep.",Middle East & North Africa,2017,3.31
EGY,"Egypt, Arab Rep.",Middle East & North Africa,2018,3.02
EGY,"Egypt, Arab Rep.",Middle East & North Africa,2019,2.87
EGY,"Egypt, Arab Rep.",Middle East & North Africa,2020,2.85
EGY,"Egypt, Arab Rep.",Middle East & North Africa,2021,2.75
EGY,"Egypt, Arab Rep.",Middle East & North Africa,2022,2.75
EGY,"Egypt, Arab Rep.",Middle East & North Africa,2023,2.75
EGY,"Egypt, Arab Rep.",Middle East & North Africa,2024,2.735
ERI,Eritrea,Sub-Saharan Africa,1960,6.483
ERI,Eritrea,Sub-Saharan Africa,1961,6.474
ERI,Eritrea,Sub-Saharan Africa,1962,6.496
ERI,Eritrea,Sub-Saharan Africa,1963,6.481
ERI,Eritrea,Sub-Saharan Africa,1964,6.487
ERI,Eritrea,Sub-Saharan Africa,1965,6.494
ERI,Eritrea,Sub-Saharan Africa,1966,6.497
ERI,Eritrea,Sub-Saharan Africa,1967,6.504
ERI,Eritrea,Sub-Saharan Africa,1968,6.503
ERI,Eritrea,Sub-Saharan Africa,1969,6.503
ERI,Eritrea,Sub-Saharan Africa,1970,6.541
ERI,Eritrea,Sub-Saharan Africa,1971,6.541
ERI,Eritrea,Sub-Saharan Africa,1972,6.538
ERI,Eritrea,Sub-Saharan Africa,1973,6.548
ERI,Eritrea,Sub-Saharan Africa,1974,6.567
ERI,Eritrea,Sub-Saharan Africa,1975,6.586
ERI,Eritrea,Sub-Saharan Africa,1976,6.603
ERI,Eritrea,Sub-Saharan Africa,1977,6.608
ERI,Eritrea,Sub-Saharan Africa,1978,6.607
ERI,Eritrea,Sub-Saharan Africa,1979,6.621
ERI,Eritrea,Sub-Saharan Africa,1980,6.614
ERI,Eritrea,Sub-Saharan Africa,1981,6.622
ERI,Eritrea,Sub-Saharan Africa,1982,6.634
ERI,Eritrea,Sub-Saharan Africa,1983,6.646
ERI,Eritrea,Sub-Saharan Africa,1984,6.623
ERI,Eritrea,Sub-Saharan Africa,1985,6.587
ERI,Eritrea,Sub-Saharan Africa,1986,6.555
ERI,Eritrea,Sub-Saharan Africa,1987,6.52
ERI,Eritrea,Sub-Saharan Africa,1988,6.467
ERI,Eritrea,Sub-Saharan Africa,1989,6.413
ERI,Eritrea,Sub-Saharan Africa,1990,6.338
ERI,Eritrea,Sub-Saharan Africa,1991,6.242
ERI,Eritrea,Sub-Saharan Africa,1992,6.156
ERI,Eritrea,Sub-Saharan Africa,1993,6.069
ERI,Eritrea,Sub-Saharan Africa,1994,6.005
ERI,Eritrea,Sub-Saharan Africa,1995,5.939
ERI,Eritrea,Sub-Saharan Africa,1996,5.841
ERI,Eritrea,Sub-Saharan Africa,1997,5.743
ERI,Eritrea,Sub-Saharan Africa,1998,5.633
ERI,Eritrea,Sub-Saharan Africa,1999,5.516
ERI,Eritrea,Sub-Saharan Africa,2000,5.397
ERI,Eritrea,Sub-Saharan Africa,2001,5.306
ERI,Eritrea,Sub-Saharan Africa,2002,5.233
ERI,Eritrea,Sub-Saharan Africa,2003,5.143
ERI,Eritrea,Sub-Saharan Africa,2004,5.036
ERI,Eritrea,Sub-Saharan Africa,2005,4.934
ERI,Eritrea,Sub-Saharan Africa,2006,4.881
ERI,Eritrea,Sub-Saharan Africa,2007,4.812
ERI,Eritrea,Sub-Saharan Africa,2008,4.737
ERI,Eritrea,Sub-Saharan Africa,2009,4.656
ERI,Eritrea,Sub-Saharan Africa,2010,4.571
ERI,Eritrea,Sub-Saharan Africa,2011,4.486
ERI,Eritrea,Sub-Saharan Africa,2012,4.407
ERI,Eritrea,Sub-Saharan Africa,2013,4.335
ERI,Eritrea,Sub-Saharan Africa,2014,4.273
ERI,Eritrea,Sub-Saharan Africa,2015,4.217
ERI,Eritrea,Sub-Saharan Africa,2016,4.164
ERI,Eritrea,Sub-Saharan Africa,2017,4.112
ERI,Eritrea,Sub-Saharan Africa,2018,4.056
ERI,Eritrea,Sub-Saharan Africa,2019,3.997
ERI,Eritrea,Sub-Saharan Africa,2020,3.933
ERI,Eritrea,Sub-Saharan Africa,2021,3.867
ERI,Eritrea,Sub-Saharan Africa,2022,3.786
ERI,Eritrea,Sub-Saharan Africa,2023,3.713
ERI,Eritrea,Sub-Saharan Africa,2024,3.68
ESP,Spain,Europe & Central Asia,1960,2.86
ESP,Spain,Europe & Central Asia,1961,2.77
ESP,Spain,Europe & Central Asia,1962,2.8
ESP,Spain,Europe & Central Asia,1963,2.88
ESP,Spain,Europe & Central Asia,1964,3.01
ESP,Spain,Europe & Central Asia,1965,2.94
ESP,Spain,Europe & Central Asia,1966,2.91
ESP,Spain,Europe & Central Asia,1967,2.94
ESP,Spain,Europe & Central Asia,1968,2.87
ESP,Spain,Europe & Central Asia,1969,2.86
ESP,Spain,Europe & Central Asia,1970,2.84
ESP,Spain,Europe & Central Asia,1971,2.9
ESP,Spain,Europe & Central Asia,1972,2.87
ESP,Spain,Europe & Central Asia,1973,2.84
ESP,Spain,Europe & Central Asia,1974,2.88
ESP,Spain,Europe & Central Asia,1975,2.77
ESP,Spain,Europe & Central Asia,1976,2.77
ESP,Spain,Europe & Central Asia,1977,2.65
ESP,Spain,Europe & Central Asia,1978,2.54
ESP,Spain,Europe & Central Asia,1979,2.37
ESP,Spain,Europe & Central Asia,1980,2.22
ESP,Spain,Europe & Central Asia,1981,2.04
ESP,Spain,Europe & Central Asia,1982,1.94
ESP,Spain,Europe & Central Asia,1983,1.8
ESP,Spain,Europe & Central Asia,1984,1.73
ESP,Spain,Europe & Central Asia,1985,1.64
ESP,Spain,Europe & Central Asia,1986,1.56
ESP,Spain,Europe & Central Asia,1987,1.49
ESP,Spain,Europe & Central Asia,1988,1.45
ESP,Spain,Europe & Central Asia,1989,1.4
ESP,Spain,Europe & Central Asia,1990,1.36
ESP,Spain,Europe & Central Asia,1991,1.33
ESP,Spain,Europe & Central Asia,1992,1.31
ESP,Spain,Europe & Central Asia,1993,1.26
ESP,Spain,Europe & Central Asia,1994,1.19
ESP,Spain,Europe & Central Asia,1995,1.16
ESP,Spain,Europe & Central Asia,1996,1.14
ESP,Spain,Europe & Central Asia,1997,1.15
ESP,Spain,Europe & Central Asia,1998,1.13
ESP,Spain,Europe & Central Asia,1999,1.17
ESP,Spain,Europe & Central Asia,2000,1.22
ESP,Spain,Europe & Central Asia,2001,1.23
ESP,Spain,Europe & Central Asia,2002,1.25
ESP,Spain,Europe & Central Asia,2003,1.3
ESP,Spain,Europe & Central Asia,2004,1.31
ESP,Spain,Europe & Central Asia,2005,1.33
ESP,Spain,Europe & Central Asia,2006,1.36
ESP,Spain,Europe & Central Asia,2007,1.38
ESP,Spain,Europe & Central Asia,2008,1.45
ESP,Spain,Europe & Central Asia,2009,1.38
ESP,Spain,Europe & Central Asia,2010,1.37
ESP,Spain,Europe & Central Asia,2011,1.34
ESP,Spain,Europe & Central Asia,2012,1.32
ESP,Spain,Europe & Central Asia,2013,1.27
ESP,Spain,Europe & Central Asia,2014,1.32
ESP,Spain,Europe & Central Asia,2015,1.33
ESP,Spain,Europe & Central Asia,2016,1.33
ESP,Spain,Europe & Central Asia,2017,1.31
ESP,Spain,Europe & Central Asia,2018,1.26
ESP,Spain,Europe & Central Asia,2019,1.23
ESP,Spain,Europe & Central Asia,2020,1.18
ESP,Spain,Europe & Central Asia,2021,1.18
ESP,Spain,Europe & Central Asia,2022,1.16
ESP,Spain,Europe & Central Asia,2023,1.12
ESP,Spain,Europe & Central Asia,2024,1.1
EST,Estonia,Europe & Central Asia,1960,1.98
EST,Estonia,Europe & Central Asia,1961,1.98
EST,Estonia,Europe & Central Asia,1962,1.95
EST,Estonia,Europe & Central Asia,1963,1.89
EST,Estonia,Europe & Central Asia,1964,1.94
EST,Estonia,Europe & Central Asia,1965,1.88
EST,Estonia,Europe & Central Asia,1966,1.87
EST,Estonia,Europe & Central Asia,1967,1.9
EST,Estonia,Europe & Central Asia,1968,2.03
EST,Estonia,Europe & Central Asia,1969,2.13
EST,Estonia,Europe & Central Asia,1970,2.17
EST,Estonia,Europe & Central Asia,1971,2.19
EST,Estonia,Europe & Central Asia,1972,2.13
EST,Estonia,Europe & Central Asia,1973,2.06
EST,Estonia,Europe & Central Asia,1974,2.07
EST,Estonia,Europe & Central Asia,1975,2.04
EST,Estonia,Europe & Central Asia,1976,2.07
EST,Estonia,Europe & Central Asia,1977,2.06
EST,Estonia,Europe & Central Asia,1978,2.02
EST,Estonia,Europe & Central Asia,1979,2.0
EST,Estonia,Europe & Central Asia,1980,2.02
EST,Estonia,Europe & Central Asia,1981,2.07
EST,Estonia,Europe & Central Asia,1982,2.07
EST,Estonia,Europe & Central Asia,1983,2.16
EST,Estonia,Europe & Central Asia,1984,2.17
EST,Estonia,Europe & Central Asia,1985,2.13
EST,Estonia,Europe & Central Asia,1986,2.18
EST,Estonia,Europe & Central Asia,1987,2.27
EST,Estonia,Europe & Central Asia,1988,2.27
EST,Estonia,Europe & Central Asia,1989,2.22
EST,Estonia,Europe & Central Asia,1990,2.05
EST,Estonia,Europe & Central Asia,1991,1.8
EST,Estonia,Europe & Central Asia,1992,1.71
EST,Estonia,Europe & Central Asia,1993,1.49
EST,Estonia,Europe & Central Asia,1994,1.42
EST,Estonia,Europe & Central Asia,1995,1.38
EST,Estonia,Europe & Central Asia,1996,1.37
EST,Estonia,Europe & Central Asia,1997,1.32
EST,Estonia,Europe & Central Asia,1998,1.28
EST,Estonia,Europe & Central Asia,1999,1.3
EST,Estonia,Europe & Central Asia,2000,1.36
EST,Estonia,Europe & Central Asia,2001,1.32
EST,Estonia,Europe & Central Asia,2002,1.36
EST,Estonia,Europe & Central Asia,2003,1.37
EST,Estonia,Europe & Central Asia,2004,1.47
EST,Estonia,Europe & Central Asia,2005,1.52
EST,Estonia,Europe & Central Asia,2006,1.58
EST,Estonia,Europe & Central Asia,2007,1.69
EST,Estonia,Europe & Central Asia,2008,1.72
EST,Estonia,Europe & Central Asia,2009,1.7
EST,Estonia,Europe & Central Asia,2010,1.72
EST,Estonia,Europe & Central Asia,2011,1.61
EST,Estonia,Europe & Central Asia,2012,1.56
EST,Estonia,Europe & Central Asia,2013,1.52
EST,Estonia,Europe & Central Asia,2014,1.54
EST,Estonia,Europe & Central Asia,2015,1.58
EST,Estonia,Europe & Central Asia,2016,1.6
EST,Estonia,Europe & Central Asia,2017,1.59
EST,Estonia,Europe & Central Asia,2018,1.67
EST,Estonia,Europe & Central Asia,2019,1.66
EST,Estonia,Europe & Central Asia,2020,1.58
EST,Estonia,Europe & Central Asia,2021,1.61
EST,Estonia,Europe & Central Asia,2022,1.41
EST,Estonia,Europe & Central Asia,2023,1.31
EST,Estonia,Europe & Central Asia,2024,1.18
ETH,Ethiopia,Sub-Saharan Africa,1960,6.514
ETH,Ethiopia,Sub-Saharan Africa,1961,6.533
ETH,Ethiopia,Sub-Saharan Africa,1962,6.561
ETH,Ethiopia,Sub-Saharan Africa,1963,6.586
ETH,Ethiopia,Sub-Saharan Africa,1964,6.612
ETH,Ethiopia,Sub-Saharan Africa,1965,6.63
ETH,Ethiopia,Sub-Saharan Africa,1966,6.661
ETH,Ethiopia,Sub-Saharan Africa,1967,6.684
ETH,Ethiopia,Sub-Saharan Africa,1968,6.7
ETH,Ethiopia,Sub-Saharan Africa,1969,6.719
ETH,Ethiopia,Sub-Saharan Africa,1970,6.782
ETH,Ethiopia,Sub-Saharan Africa,1971,6.838
ETH,Ethiopia,Sub-Saharan Africa,1972,6.895
ETH,Ethiopia,Sub-Saharan Africa,1973,6.962
ETH,Ethiopia,Sub-Saharan Africa,1974,7.018
ETH,Ethiopia,Sub-Saharan Africa,1975,7.079
ETH,Ethiopia,Sub-Saharan Africa,1976,7.129
ETH,Ethiopia,Sub-Saharan Africa,1977,7.189
ETH,Ethiopia,Sub-Saharan Africa,1978,7.229
ETH,Ethiopia,Sub-Saharan Africa,1979,7.248
ETH,Ethiopia,Sub-Saharan Africa,1980,7.287
ETH,Ethiopia,Sub-Saharan Africa,1981,7.313
ETH,Ethiopia,Sub-Saharan Africa,1982,7.337
ETH,Ethiopia,Sub-Saharan Africa,1983,7.351
ETH,Ethiopia,Sub-Saharan Africa,1984,7.356
ETH,Ethiopia,Sub-Saharan Africa,1985,7.338
ETH,Ethiopia,Sub-Saharan Africa,1986,7.318
ETH,Ethiopia,Sub-Saharan Africa,1987,7.293
ETH,Ethiopia,Sub-Saharan Africa,1988,7.262
ETH,Ethiopia,Sub-Saharan Africa,1989,7.229
ETH,Ethiopia,Sub-Saharan Africa,1990,7.196
ETH,Ethiopia,Sub-Saharan Africa,1991,7.161
ETH,Ethiopia,Sub-Saharan Africa,1992,7.125
ETH,Ethiopia,Sub-Saharan Africa,1993,7.088
ETH,Ethiopia,Sub-Saharan Africa,1994,7.051
ETH,Ethiopia,Sub-Saharan Africa,1995,6.998
ETH,Ethiopia,Sub-Saharan Africa,1996,6.928
ETH,Ethiopia,Sub-Saharan Africa,1997,6.869
ETH,Ethiopia,Sub-Saharan Africa,1998,6.792
ETH,Ethiopia,Sub-Saharan Africa,1999,6.721
ETH,Ethiopia,Sub-Saharan Africa,2000,6.654
ETH,Ethiopia,Sub-Saharan Africa,2001,6.579
ETH,Ethiopia,Sub-Saharan Africa,2002,6.499
ETH,Ethiopia,Sub-Saharan Africa,2003,6.4
ETH,Ethiopia,Sub-Saharan Africa,2004,6.301
ETH,Ethiopia,Sub-Saharan Africa,2005,6.194
ETH,Ethiopia,Sub-Saharan Africa,2006,6.047
ETH,Ethiopia,Sub-Saharan Africa,2007,5.887
ETH,Ethiopia,Sub-Saharan Africa,2008,5.695
ETH,Ethiopia,Sub-Saharan Africa,2009,5.488
ETH,Ethiopia,Sub-Saharan Africa,2010,5.282
ETH,Ethiopia,Sub-Saharan Africa,2011,5.08
ETH,Ethiopia,Sub-Saharan Africa,2012,4.887
ETH,Ethiopia,Sub-Saharan Africa,2013,4.708
ETH,Ethiopia,Sub-Saharan Africa,2014,4.605
ETH,Ethiopia,Sub-Saharan Africa,2015,4.529
ETH,Ethiopia,Sub-Saharan Africa,2016,4.473
ETH,Ethiopia,Sub-Saharan Africa,2017,4.401
ETH,Ethiopia,Sub-Saharan Africa,2018,4.371
ETH,Ethiopia,Sub-Saharan Africa,2019,4.347
ETH,Ethiopia,Sub-Saharan Africa,2020,4.274
ETH,Ethiopia,Sub-Saharan Africa,2021,4.177
ETH,Ethiopia,Sub-Saharan Africa,2022,4.082
ETH,Ethiopia,Sub-Saharan Africa,2023,3.989
ETH,Ethiopia,Sub-Saharan Africa,2024,3.909
FIN,Finland,Europe & Central Asia,1960,2.72
FIN,Finland,Europe & Central Asia,1961,2.72
FIN,Finland,Europe & Central Asia,1962,2.68
FIN,Finland,Europe & Central Asia,1963,2.68
FIN,Finland,Europe & Central Asia,1964,2.59
FIN,Finland,Europe & Central Asia,1965,2.48
FIN,Finland,Europe & Central Asia,1966,2.41
FIN,Finland,Europe & Central Asia,1967,2.32
FIN,Finland,Europe & Central Asia,1968,2.14
FIN,Finland,Europe & Central Asia,1969,1.93
FIN,Finland,Europe & Central Asia,1970,1.83
FIN,Finland,Europe & Central Asia,1971,1.68
FIN,Finland,Europe & Central Asia,1972,1.58
FIN,Finland,Europe & Central Asia,1973,1.49
FIN,Finland,Europe & Central Asia,1974,1.61
FIN,Finland,Europe & Central Asia,1975,1.68
FIN,Finland,Europe & Central Asia,1976,1.7
FIN,Finland,Europe & Central Asia,1977,1.68
FIN,Finland,Europe & Central Asia,1978,1.64
FIN,Finland,Europe & Central Asia,1979,1.64
FIN,Finland,Europe & Central Asia,1980,1.63
FIN,Finland,Europe & Central Asia,1981,1.64
FIN,Finland,Europe & Central Asia,1982,1.71
FIN,Finland,Europe & Central Asia,1983,1.74
FIN,Finland,Europe & Central Asia,1984,1.69
FIN,Finland,Europe & Central Asia,1985,1.64
FIN,Finland,Europe & Central Asia,1986,1.6
FIN,Finland,Europe & Central Asia,1987,1.59
FIN,Finland,Europe & Central Asia,1988,1.69
FIN,Finland,Europe & Central Asia,1989,1.71
FIN,Finland,Europe & Central Asia,1990,1.78
FIN,Finland,Europe & Central Asia,1991,1.79
FIN,Finland,Europe & Central Asia,1992,1.85
FIN,Finland,Europe & Central Asia,1993,1.81
FIN,Finland,Europe & Central Asia,1994,1.85
FIN,Finland,Europe & Central Asia,1995,1.81
FIN,Finland,Europe & Central Asia,1996,1.78
FIN,Finland,Europe & Central Asia,1997,1.75
FIN,Finland,Europe & Central Asia,1998,1.7
FIN,Finland,Europe & Central Asia,1999,1.73
FIN,Finland,Europe & Central Asia,2000,1.73
FIN,Finland,Europe & Central Asia,2001,1.73
FIN,Finland,Europe & Central Asia,2002,1.72
FIN,Finland,Europe & Central Asia,2003,1.76
FIN,Finland,Europe & Central Asia,2004,1.8
FIN,Finland,Europe & Central Asia,2005,1.8
FIN,Finland,Europe & Central Asia,2006,1.84
FIN,Finland,Europe & Central Asia,2007,1.83
FIN,Finland,Europe & Central Asia,2008,1.85
FIN,Finland,Europe & Central Asia,2009,1.86
FIN,Finland,Europe & Central Asia,2010,1.87
FIN,Finland,Europe & Central Asia,2011,1.83
FIN,Finland,Europe & Central Asia,2012,1.8
FIN,Finland,Europe & Central Asia,2013,1.75
FIN,Finland,Europe & Central Asia,2014,1.71
FIN,Finland,Europe & Central Asia,2015,1.65
FIN,Finland,Europe & Central Asia,2016,1.57
FIN,Finland,Europe & Central Asia,2017,1.49
FIN,Finland,Europe & Central Asia,2018,1.41
FIN,Finland,Europe & Central Asia,2019,1.35
FIN,Finland,Europe & Central Asia,2020,1.37
FIN,Finland,Europe & Central Asia,2021,1.46
FIN,Finland,Europe & Central Asia,2022,1.32
FIN,Finland,Europe & Central Asia,2023,1.26
FIN,Finland,Europe & Central Asia,2024,1.25
FJI,Fiji,East Asia & Pacific,1960,6.364
FJI,Fiji,East Asia & Pacific,1961,6.284
FJI,Fiji,East Asia & Pacific,1962,6.198
FJI,Fiji,East Asia & Pacific,1963,6.088
FJI,Fiji,East Asia & Pacific,1964,5.96
FJI,Fiji,East Asia & Pacific,1965,5.763
FJI,Fiji,East Asia & Pacific,1966,5.546
FJI,Fiji,East Asia & Pacific,1967,5.333
FJI,Fiji,East Asia & Pacific,1968,5.113
FJI,Fiji,East Asia & Pacific,1969,4.905
FJI,Fiji,East Asia & Pacific,1970,4.708
FJI,Fiji,East Asia & Pacific,1971,4.51
FJI,Fiji,East Asia & Pacific,1972,4.316
FJI,Fiji,East Asia & Pacific,1973,4.158
FJI,Fiji,East Asia & Pacific,1974,4.068
FJI,Fiji,East Asia & Pacific,1975,4.104
FJI,Fiji,East Asia & Pacific,1976,4.123
FJI,Fiji,East Asia & Pacific,1977,4.108
FJI,Fiji,East Asia & Pacific,1978,4.098
FJI,Fiji,East Asia & Pacific,1979,4.078
FJI,Fiji,East Asia & Pacific,1980,4.038
FJI,Fiji,East Asia & Pacific,1981,3.991
FJI,Fiji,East Asia & Pacific,1982,3.941
FJI,Fiji,East Asia & Pacific,1983,3.877
FJI,Fiji,East Asia & Pacific,1984,3.796
FJI,Fiji,East Asia & Pacific,1985,3.663
FJI,Fiji,East Asia & Pacific,1986,3.535
FJI,Fiji,East Asia & Pacific,1987,3.478
FJI,Fiji,East Asia & Pacific,1988,3.432
FJI,Fiji,East Asia & Pacific,1989,3.398
FJI,Fiji,East Asia & Pacific,1990,3.386
FJI,Fiji,East Asia & Pacific,1991,3.365
FJI,Fiji,East Asia & Pacific,1992,3.331
FJI,Fiji,East Asia & Pacific,1993,3.293
FJI,Fiji,East Asia & Pacific,1994,3.258
FJI,Fiji,East Asia & Pacific,1995,3.251
FJI,Fiji,East Asia & Pacific,1996,3.248
FJI,Fiji,East Asia & Pacific,1997,3.188
FJI,Fiji,East Asia & Pacific,1998,3.118
FJI,Fiji,East Asia & Pacific,1999,3.051
FJI,Fiji,East Asia & Pacific,2000,2.992
FJI,Fiji,East Asia & Pacific,2001,2.973
FJI,Fiji,East Asia & Pacific,2002,2.968
FJI,Fiji,East Asia & Pacific,2003,2.957
FJI,Fiji,East Asia & Pacific,2004,2.941
FJI,Fiji,East Asia & Pacific,2005,2.917
FJI,Fiji,East Asia & Pacific,2006,2.905
FJI,Fiji,East Asia & Pacific,2007,2.872
FJI,Fiji,East Asia & Pacific,2008,2.819
FJI,Fiji,East Asia & Pacific,2009,2.76
FJI,Fiji,East Asia & Pacific,2010,2.696
FJI,Fiji,East Asia & Pacific,2011,2.631
FJI,Fiji,East Asia & Pacific,2012,2.612
FJI,Fiji,East Asia & Pacific,2013,2.604
FJI,Fiji,East Asia & Pacific,2014,2.591
FJI,Fiji,East Asia & Pacific,2015,2.567
FJI,Fiji,East Asia & Pacific,2016,2.518
FJI,Fiji,East Asia & Pacific,2017,2.461
FJI,Fiji,East Asia & Pacific,2018,2.419
FJI,Fiji,East Asia & Pacific,2019,2.385
FJI,Fiji,East Asia & Pacific,2020,2.357
FJI,Fiji,East Asia & Pacific,2021,2.332
FJI,Fiji,East Asia & Pacific,2022,2.305
FJI,Fiji,East Asia & Pacific,2023,2.281
FJI,Fiji,East Asia & Pacific,2024,2.27
FRA,France,Europe & Central Asia,1960,2.85
FRA,France,Europe & Central Asia,1961,2.87
FRA,France,Europe & Central Asia,1962,2.89
FRA,France,Europe & Central Asia,1963,2.89
FRA,France,Europe & Central Asia,1964,2.87
FRA,France,Europe & Central Asia,1965,2.84
FRA,France,Europe & Central Asia,1966,2.8
FRA,France,Europe & Central Asia,1967,2.75
FRA,France,Europe & Central Asia,1968,2.69
FRA,France,Europe & Central Asia,1969,2.62
FRA,France,Europe & Central Asia,1970,2.55
FRA,France,Europe & Central Asia,1971,2.47
FRA,France,Europe & Central Asia,1972,2.38
FRA,France,Europe & Central Asia,1973,2.28
FRA,France,Europe & Central Asia,1974,2.18
FRA,France,Europe & Central Asia,1975,2.09
FRA,France,Europe & Central Asia,1976,2.01
FRA,France,Europe & Central Asia,1977,1.94
FRA,France,Europe & Central Asia,1978,1.89
FRA,France,Europe & Central Asia,1979,1.87
FRA,France,Europe & Central Asia,1980,1.85
FRA,France,Europe & Central Asia,1981,1.85
FRA,France,Europe & Central Asia,1982,1.86
FRA,France,Europe & Central Asia,1983,1.86
FRA,France,Europe & Central Asia,1984,1.86
FRA,France,Europe & Central Asia,1985,1.86
FRA,France,Europe & Central Asia,1986,1.85
FRA,France,Europe & Central Asia,1987,1.83
FRA,France,Europe & Central Asia,1988,1.81
FRA,France,Europe & Central Asia,1989,1.79
FRA,France,Europe & Central Asia,1990,1.77
FRA,France,Europe & Central Asia,1991,1.75
FRA,France,Europe & Central Asia,1992,1.74
FRA,France,Europe & Central Asia,1993,1.73
FRA,France,Europe & Central Asia,1994,1.73
FRA,France,Europe & Central Asia,1995,1.74
FRA,France,Europe & Central Asia,1996,1.75
FRA,France,Europe & Central Asia,1997,1.77
FRA,France,Europe & Central Asia,1998,1.78
FRA,France,Europe & Central Asia,1999,1.81
FRA,France,Europe & Central Asia,2000,1.89
FRA,France,Europe & Central Asia,2001,1.9
FRA,France,Europe & Central Asia,2002,1.88
FRA,France,Europe & Central Asia,2003,1.89
FRA,France,Europe & Central Asia,2004,1.92
FRA,France,Europe & Central Asia,2005,1.94
FRA,France,Europe & Central Asia,2006,2.0
FRA,France,Europe & Central Asia,2007,1.98
FRA,France,Europe & Central Asia,2008,2.01
FRA,France,Europe & Central Asia,2009,2.0
FRA,France,Europe & Central Asia,2010,2.03
FRA,France,Europe & Central Asia,2011,2.01
FRA,France,Europe & Central Asia,2012,2.01
FRA,France,Europe & Central Asia,2013,1.99
FRA,France,Europe & Central Asia,2014,2.0
FRA,France,Europe & Central Asia,2015,1.96
FRA,France,Europe & Central Asia,2016,1.92
FRA,France,Europe & Central Asia,2017,1.89
FRA,France,Europe & Central Asia,2018,1.87
FRA,France,Europe & Central Asia,2019,1.86
FRA,France,Europe & Central Asia,2020,1.82
FRA,France,Europe & Central Asia,2021,1.83
FRA,France,Europe & Central Asia,2022,1.78
FRA,France,Europe & Central Asia,2023,1.66
FRA,France,Europe & Central Asia,2024,1.61
FRO,Faroe Islands,Europe & Central Asia,1960,3.854
FRO,Faroe Islands,Europe & Central Asia,1961,3.757
FRO,Faroe Islands,Europe & Central Asia,1962,3.835
FRO,Faroe Islands,Europe & Central Asia,1963,3.896
FRO,Faroe Islands,Europe & Central Asia,1964,3.975
FRO,Faroe Islands,Europe & Central Asia,1965,4.086
FRO,Faroe Islands,Europe & Central Asia,1966,4.044
FRO,Faroe Islands,Europe & Central Asia,1967,3.978
FRO,Faroe Islands,Europe & Central Asia,1968,3.856
FRO,Faroe Islands,Europe & Central Asia,1969,3.564
FRO,Faroe Islands,Europe & Central Asia,1970,3.418
FRO,Faroe Islands,Europe & Central Asia,1971,3.215
FRO,Faroe Islands,Europe & Central Asia,1972,3.256
FRO,Faroe Islands,Europe & Central Asia,1973,3.22
FRO,Faroe Islands,Europe & Central Asia,1974,3.065
FRO,Faroe Islands,Europe & Central Asia,1975,2.902
FRO,Faroe Islands,Europe & Central Asia,1976,2.738
FRO,Faroe Islands,Europe & Central Asia,1977,2.684
FRO,Faroe Islands,Europe & Central Asia,1978,2.597
FRO,Faroe Islands,Europe & Central Asia,1979,2.696
FRO,Faroe Islands,Europe & Central Asia,1980,2.463
FRO,Faroe Islands,Europe & Central Asia,1981,2.467
FRO,Faroe Islands,Europe & Central Asia,1982,2.348
FRO,Faroe Islands,Europe & Central Asia,1983,2.161
FRO,Faroe Islands,Europe & Central Asia,1984,2.167
FRO,Faroe Islands,Europe & Central Asia,1985,2.305
FRO,Faroe Islands,Europe & Central Asia,1986,2.424
FRO,Faroe Islands,Europe & Central Asia,1987,2.351
FRO,Faroe Islands,Europe & Central Asia,1988,2.558
FRO,Faroe Islands,Europe & Central Asia,1989,2.713
FRO,Faroe Islands,Europe & Central Asia,1990,2.809
FRO,Faroe Islands,Europe & Central Asia,1991,2.634
FRO,Faroe Islands,Europe & Central Asia,1992,2.524
FRO,Faroe Islands,Europe & Central Asia,1993,2.514
FRO,Faroe Islands,Europe & Central Asia,1994,2.39
FRO,Faroe Islands,Europe & Central Asia,1995,2.418
FRO,Faroe Islands,Europe & Central Asia,1996,2.569
FRO,Faroe Islands,Europe & Central Asia,1997,2.492
FRO,Faroe Islands,Europe & Central Asia,1998,2.316
FRO,Faroe Islands,Europe & Central Asia,1999,2.308
FRO,Faroe Islands,Europe & Central Asia,2000,2.56
FRO,Faroe Islands,Europe & Central Asia,2001,2.297
FRO,Faroe Islands,Europe & Central Asia,2002,2.544
FRO,Faroe Islands,Europe & Central Asia,2003,2.527
FRO,Faroe Islands,Europe & Central Asia,2004,2.578
FRO,Faroe Islands,Europe & Central Asia,2005,2.612
FRO,Faroe Islands,Europe & Central Asia,2006,2.476
FRO,Faroe Islands,Europe & Central Asia,2007,2.54
FRO,Faroe Islands,Europe & Central Asia,2008,2.529
FRO,Faroe Islands,Europe & Central Asia,2009,2.344
FRO,Faroe Islands,Europe & Central Asia,2010,2.503
FRO,Faroe Islands,Europe & Central Asia,2011,2.283
FRO,Faroe Islands,Europe & Central Asia,2012,2.531
FRO,Faroe Islands,Europe & Central Asia,2013,2.51
FRO,Faroe Islands,Europe & Central Asia,2014,2.548
FRO,Faroe Islands,Europe & Central Asia,2015,2.411
FRO,Faroe Islands,Europe & Central Asia,2016,2.608
FRO,Faroe Islands,Europe & Central Asia,2017,2.468
FRO,Faroe Islands,Europe & Central Asia,2018,2.502
FRO,Faroe Islands,Europe & Central Asia,2019,2.419
FRO,Faroe Islands,Europe & Central Asia,2020,2.33
FRO,Faroe Islands,Europe & Central Asia,2021,2.311
FRO,Faroe Islands,Europe & Central Asia,2022,2.079
FRO,Faroe Islands,Europe & Central Asia,2023,1.868
FRO,Faroe Islands,Europe & Central Asia,2024,1.913
FSM,"Micronesia, Fed. Sts.",East Asia & Pacific,1960,6.742
FSM,"Micronesia, Fed. Sts.",East Asia & Pacific,1961,6.74
FSM,"Micronesia, Fed. Sts.",East Asia & Pacific,1962,6.729
FSM,"Micronesia, Fed. Sts.",East Asia & Pacific,1963,6.713
FSM,"Micronesia, Fed. Sts.",East Asia & Pacific,1964,6.737
FSM,"Micronesia, Fed. Sts.",East Asia & Pacific,1965,6.743
FSM,"Micronesia, Fed. Sts.",East Asia & Pacific,1966,6.781
FSM,"Micronesia, Fed. Sts.",East Asia & Pacific,1967,6.81
FSM,"Micronesia, Fed. Sts.",East Asia & Pacific,1968,6.84
FSM,"Micronesia, Fed. Sts.",East Asia & Pacific,1969,6.877
FSM,"Micronesia, Fed. Sts.",East Asia & Pacific,1970,6.928
FSM,"Micronesia, Fed. Sts.",East Asia & Pacific,1971,6.938
FSM,"Micronesia, Fed. Sts.",East Asia & Pacific,1972,6.961
FSM,"Micronesia, Fed. Sts.",East Asia & Pacific,1973,6.971
FSM,"Micronesia, Fed. Sts.",East Asia & Pacific,1974,6.928
FSM,"Micronesia, Fed. Sts.",East Asia & Pacific,1975,6.879
FSM,"Micronesia, Fed. Sts.",East Asia & Pacific,1976,6.818
FSM,"Micronesia, Fed. Sts.",East Asia & Pacific,1977,6.742
FSM,"Micronesia, Fed. Sts.",East Asia & Pacific,1978,6.65
FSM,"Micronesia, Fed. Sts.",East Asia & Pacific,1979,6.545
FSM,"Micronesia, Fed. Sts.",East Asia & Pacific,1980,6.423
FSM,"Micronesia, Fed. Sts.",East Asia & Pacific,1981,6.291
FSM,"Micronesia, Fed. Sts.",East Asia & Pacific,1982,6.164
FSM,"Micronesia, Fed. Sts.",East Asia & Pacific,1983,6.032
FSM,"Micronesia, Fed. Sts.",East Asia & Pacific,1984,5.888
FSM,"Micronesia, Fed. Sts.",East Asia & Pacific,1985,5.749
FSM,"Micronesia, Fed. Sts.",East Asia & Pacific,1986,5.612
FSM,"Micronesia, Fed. Sts.",East Asia & Pacific,1987,5.466
FSM,"Micronesia, Fed. Sts.",East Asia & Pacific,1988,5.323
FSM,"Micronesia, Fed. Sts.",East Asia & Pacific,1989,5.183
FSM,"Micronesia, Fed. Sts.",East Asia & Pacific,1990,5.049
FSM,"Micronesia, Fed. Sts.",East Asia & Pacific,1991,4.92
FSM,"Micronesia, Fed. Sts.",East Asia & Pacific,1992,4.802
FSM,"Micronesia, Fed. Sts.",East Asia & Pacific,1993,4.678
FSM,"Micronesia, Fed. Sts.",East Asia & Pacific,1994,4.575
FSM,"Micronesia, Fed. Sts.",East Asia & Pacific,1995,4.494
FSM,"Micronesia, Fed. Sts.",East Asia & Pacific,1996,4.427
FSM,"Micronesia, Fed. Sts.",East Asia & Pacific,1997,4.355
FSM,"Micronesia, Fed. Sts.",East Asia & Pacific,1998,4.301
FSM,"Micronesia, Fed. Sts.",East Asia & Pacific,1999,4.27
FSM,"Micronesia, Fed. Sts.",East Asia & Pacific,2000,4.217
FSM,"Micronesia, Fed. Sts.",East Asia & Pacific,2001,4.084
FSM,"Micronesia, Fed. Sts.",East Asia & Pacific,2002,3.934
FSM,"Micronesia, Fed. Sts.",East Asia & Pacific,2003,3.785
FSM,"Micronesia, Fed. Sts.",East Asia & Pacific,2004,3.681
FSM,"Micronesia, Fed. Sts.",East Asia & Pacific,2005,3.595
FSM,"Micronesia, Fed. Sts.",East Asia & Pacific,2006,3.514
FSM,"Micronesia, Fed. Sts.",East Asia & Pacific,2007,3.439
FSM,"Micronesia, Fed. Sts.",East Asia & Pacific,2008,3.368
FSM,"Micronesia, Fed. Sts.",East Asia & Pacific,2009,3.313
FSM,"Micronesia, Fed. Sts.",East Asia & Pacific,2010,3.271
FSM,"Micronesia, Fed. Sts.",East Asia & Pacific,2011,3.223
FSM,"Micronesia, Fed. Sts.",East Asia & Pacific,2012,3.18
FSM,"Micronesia, Fed. Sts.",East Asia & Pacific,2013,3.133
FSM,"Micronesia, Fed. Sts.",East Asia & Pacific,2014,3.091
FSM,"Micronesia, Fed. Sts.",East Asia & Pacific,2015,3.049
FSM,"Micronesia, Fed. Sts.",East Asia & Pacific,2016,3.001
FSM,"Micronesia, Fed. Sts.",East Asia & Pacific,2017,2.957
FSM,"Micronesia, Fed. Sts.",East Asia & Pacific,2018,2.922
FSM,"Micronesia, Fed. Sts.",East Asia & Pacific,2019,2.883
FSM,"Micronesia, Fed. Sts.",East Asia & Pacific,2020,2.852
FSM,"Micronesia, Fed. Sts.",East Asia & Pacific,2021,2.818
FSM,"Micronesia, Fed. Sts.",East Asia & Pacific,2022,2.785
FSM,"Micronesia, Fed. Sts.",East Asia & Pacific,2023,2.748
FSM,"Micronesia, Fed. Sts.",East Asia & Pacific,2024,2.743
GAB,Gabon,Sub-Saharan Africa,1960,4.422
GAB,Gabon,Sub-Saharan Africa,1961,4.504
GAB,Gabon,Sub-Saharan Africa,1962,4.587
GAB,Gabon,Sub-Saharan Africa,1963,4.649
GAB,Gabon,Sub-Saharan Africa,1964,4.713
GAB,Gabon,Sub-Saharan Africa,1965,4.785
GAB,Gabon,Sub-Saharan Africa,1966,4.861
GAB,Gabon,Sub-Saharan Africa,1967,4.919
GAB,Gabon,Sub-Saharan Africa,1968,4.984
GAB,Gabon,Sub-Saharan Africa,1969,5.049
GAB,Gabon,Sub-Saharan Africa,1970,5.097
GAB,Gabon,Sub-Saharan Africa,1971,5.163
GAB,Gabon,Sub-Saharan Africa,1972,5.237
GAB,Gabon,Sub-Saharan Africa,1973,5.287
GAB,Gabon,Sub-Saharan Africa,1974,5.327
GAB,Gabon,Sub-Saharan Africa,1975,5.391
GAB,Gabon,Sub-Saharan Africa,1976,5.457
GAB,Gabon,Sub-Saharan Africa,1977,5.516
GAB,Gabon,Sub-Saharan Africa,1978,5.568
GAB,Gabon,Sub-Saharan Africa,1979,5.608
GAB,Gabon,Sub-Saharan Africa,1980,5.664
GAB,Gabon,Sub-Saharan Africa,1981,5.726
GAB,Gabon,Sub-Saharan Africa,1982,5.74
GAB,Gabon,Sub-Saharan Africa,1983,5.759
GAB,Gabon,Sub-Saharan Africa,1984,5.733
GAB,Gabon,Sub-Saharan Africa,1985,5.713
GAB,Gabon,Sub-Saharan Africa,1986,5.688
GAB,Gabon,Sub-Saharan Africa,1987,5.667
GAB,Gabon,Sub-Saharan Africa,1988,5.623
GAB,Gabon,Sub-Saharan Africa,1989,5.55
GAB,Gabon,Sub-Saharan Africa,1990,5.459
GAB,Gabon,Sub-Saharan Africa,1991,5.373
GAB,Gabon,Sub-Saharan Africa,1992,5.289
GAB,Gabon,Sub-Saharan Africa,1993,5.186
GAB,Gabon,Sub-Saharan Africa,1994,5.044
GAB,Gabon,Sub-Saharan Africa,1995,4.884
GAB,Gabon,Sub-Saharan Africa,1996,4.742
GAB,Gabon,Sub-Saharan Africa,1997,4.657
GAB,Gabon,Sub-Saharan Africa,1998,4.576
GAB,Gabon,Sub-Saharan Africa,1999,4.502
GAB,Gabon,Sub-Saharan Africa,2000,4.469
GAB,Gabon,Sub-Saharan Africa,2001,4.417
GAB,Gabon,Sub-Saharan Africa,2002,4.36
GAB,Gabon,Sub-Saharan Africa,2003,4.299
GAB,Gabon,Sub-Saharan Africa,2004,4.252
GAB,Gabon,Sub-Saharan Africa,2005,4.21
GAB,Gabon,Sub-Saharan Africa,2006,4.17
GAB,Gabon,Sub-Saharan Africa,2007,4.142
GAB,Gabon,Sub-Saharan Africa,2008,4.118
GAB,Gabon,Sub-Saharan Africa,2009,4.138
GAB,Gabon,Sub-Saharan Africa,2010,4.153
GAB,Gabon,Sub-Saharan Africa,2011,4.151
GAB,Gabon,Sub-Saharan Africa,2012,4.086
GAB,Gabon,Sub-Saharan Africa,2013,4.019
GAB,Gabon,Sub-Saharan Africa,2014,3.953
GAB,Gabon,Sub-Saharan Africa,2015,3.921
GAB,Gabon,Sub-Saharan Africa,2016,3.921
GAB,Gabon,Sub-Saharan Africa,2017,3.913
GAB,Gabon,Sub-Saharan Africa,2018,3.908
GAB,Gabon,Sub-Saharan Africa,2019,3.884
GAB,Gabon,Sub-Saharan Africa,2020,3.831
GAB,Gabon,Sub-Saharan Africa,2021,3.776
GAB,Gabon,Sub-Saharan Africa,2022,3.712
GAB,Gabon,Sub-Saharan Africa,2023,3.647
GAB,Gabon,Sub-Saharan Africa,2024,3.592
GBR,United Kingdom,Europe & Central Asia,1960,2.69
GBR,United Kingdom,Europe & Central Asia,1961,2.78
GBR,United Kingdom,Europe & Central Asia,1962,2.86
GBR,United Kingdom,Europe & Central Asia,1963,2.88
GBR,United Kingdom,Europe & Central Asia,1964,2.93
GBR,United Kingdom,Europe & Central Asia,1965,2.86
GBR,United Kingdom,Europe & Central Asia,1966,2.78
GBR,United Kingdom,Europe & Central Asia,1967,2.68
GBR,United Kingdom,Europe & Central Asia,1968,2.6
GBR,United Kingdom,Europe & Central Asia,1969,2.51
GBR,United Kingdom,Europe & Central Asia,1970,2.44
GBR,United Kingdom,Europe & Central Asia,1971,2.41
GBR,United Kingdom,Europe & Central Asia,1972,2.2
GBR,United Kingdom,Europe & Central Asia,1973,2.04
GBR,United Kingdom,Europe & Central Asia,1974,1.92
GBR,United Kingdom,Europe & Central Asia,1975,1.81
GBR,United Kingdom,Europe & Central Asia,1976,1.74
GBR,United Kingdom,Europe & Central Asia,1977,1.69
GBR,United Kingdom,Europe & Central Asia,1978,1.75
GBR,United Kingdom,Europe & Central Asia,1979,1.86
GBR,United Kingdom,Europe & Central Asia,1980,1.9
GBR,United Kingdom,Europe & Central Asia,1981,1.82
GBR,United Kingdom,Europe & Central Asia,1982,1.78
GBR,United Kingdom,Europe & Central Asia,1983,1.77
GBR,United Kingdom,Europe & Central Asia,1984,1.77
GBR,United Kingdom,Europe & Central Asia,1985,1.79
GBR,United Kingdom,Europe & Central Asia,1986,1.78
GBR,United Kingdom,Europe & Central Asia,1987,1.81
GBR,United Kingdom,Europe & Central Asia,1988,1.82
GBR,United Kingdom,Europe & Central Asia,1989,1.79
GBR,United Kingdom,Europe & Central Asia,1990,1.83
GBR,United Kingdom,Europe & Central Asia,1991,1.82
GBR,United Kingdom,Europe & Central Asia,1992,1.79
GBR,United Kingdom,Europe & Central Asia,1993,1.76
GBR,United Kingdom,Europe & Central Asia,1994,1.74
GBR,United Kingdom,Europe & Central Asia,1995,1.71
GBR,United Kingdom,Europe & Central Asia,1996,1.73
GBR,United Kingdom,Europe & Central Asia,1997,1.72
GBR,United Kingdom,Europe & Central Asia,1998,1.71
GBR,United Kingdom,Europe & Central Asia,1999,1.68
GBR,United Kingdom,Europe & Central Asia,2000,1.64
GBR,United Kingdom,Europe & Central Asia,2001,1.63
GBR,United Kingdom,Europe & Central Asia,2002,1.63
GBR,United Kingdom,Europe & Central Asia,2003,1.7
GBR,United Kingdom,Europe & Central Asia,2004,1.75
GBR,United Kingdom,Europe & Central Asia,2005,1.76
GBR,United Kingdom,Europe & Central Asia,2006,1.82
GBR,United Kingdom,Europe & Central Asia,2007,1.86
GBR,United Kingdom,Europe & Central Asia,2008,1.91
GBR,United Kingdom,Europe & Central Asia,2009,1.89
GBR,United Kingdom,Europe & Central Asia,2010,1.92
GBR,United Kingdom,Europe & Central Asia,2011,1.91
GBR,United Kingdom,Europe & Central Asia,2012,1.92
GBR,United Kingdom,Europe & Central Asia,2013,1.83
GBR,United Kingdom,Europe & Central Asia,2014,1.81
GBR,United Kingdom,Europe & Central Asia,2015,1.8
GBR,United Kingdom,Europe & Central Asia,2016,1.79
GBR,United Kingdom,Europe & Central Asia,2017,1.74
GBR,United Kingdom,Europe & Central Asia,2018,1.68
GBR,United Kingdom,Europe & Central Asia,2019,1.632
GBR,United Kingdom,Europe & Central Asia,2020,1.571
GBR,United Kingdom,Europe & Central Asia,2021,1.583
GBR,United Kingdom,Europe & Central Asia,2022,1.56
GBR,United Kingdom,Europe & Central Asia,2023,1.56
GBR,United Kingdom,Europe & Central Asia,2024,1.551
GEO,Georgia,Europe & Central Asia,1960,2.942
GEO,Georgia,Europe & Central Asia,1961,2.943
GEO,Georgia,Europe & Central Asia,1962,2.937
GEO,Georgia,Europe & Central Asia,1963,2.949
GEO,Georgia,Europe & Central Asia,1964,2.891
GEO,Georgia,Europe & Central Asia,1965,2.774
GEO,Georgia,Europe & Central Asia,1966,2.728
GEO,Georgia,Europe & Central Asia,1967,2.743
GEO,Georgia,Europe & Central Asia,1968,2.689
GEO,Georgia,Europe & Central Asia,1969,2.687
GEO,Georgia,Europe & Central Asia,1970,2.695
GEO,Georgia,Europe & Central Asia,1971,2.707
GEO,Georgia,Europe & Central Asia,1972,2.674
GEO,Georgia,Europe & Central Asia,1973,2.617
GEO,Georgia,Europe & Central Asia,1974,2.565
GEO,Georgia,Europe & Central Asia,1975,2.552
GEO,Georgia,Europe & Central Asia,1976,2.51
GEO,Georgia,Europe & Central Asia,1977,2.441
GEO,Georgia,Europe & Central Asia,1978,2.417
GEO,Georgia,Europe & Central Asia,1979,2.382
GEO,Georgia,Europe & Central Asia,1980,2.347
GEO,Georgia,Europe & Central Asia,1981,2.33
GEO,Georgia,Europe & Central Asia,1982,2.312
GEO,Georgia,Europe & Central Asia,1983,2.339
GEO,Georgia,Europe & Central Asia,1984,2.378
GEO,Georgia,Europe & Central Asia,1985,2.399
GEO,Georgia,Europe & Central Asia,1986,2.38
GEO,Georgia,Europe & Central Asia,1987,2.319
GEO,Georgia,Europe & Central Asia,1988,2.318
GEO,Georgia,Europe & Central Asia,1989,2.322
GEO,Georgia,Europe & Central Asia,1990,2.306
GEO,Georgia,Europe & Central Asia,1991,2.208
GEO,Georgia,Europe & Central Asia,1992,2.045
GEO,Georgia,Europe & Central Asia,1993,1.912
GEO,Georgia,Europe & Central Asia,1994,1.835
GEO,Georgia,Europe & Central Asia,1995,1.807
GEO,Georgia,Europe & Central Asia,1996,1.759
GEO,Georgia,Europe & Central Asia,1997,1.728
GEO,Georgia,Europe & Central Asia,1998,1.703
GEO,Georgia,Europe & Central Asia,1999,1.643
GEO,Georgia,Europe & Central Asia,2000,1.609
GEO,Georgia,Europe & Central Asia,2001,1.579
GEO,Georgia,Europe & Central Asia,2002,1.571
GEO,Georgia,Europe & Central Asia,2003,1.552
GEO,Georgia,Europe & Central Asia,2004,1.566
GEO,Georgia,Europe & Central Asia,2005,1.583
GEO,Georgia,Europe & Central Asia,2006,1.617
GEO,Georgia,Europe & Central Asia,2007,1.697
GEO,Georgia,Europe & Central Asia,2008,1.832
GEO,Georgia,Europe & Central Asia,2009,1.993
GEO,Georgia,Europe & Central Asia,2010,1.973
GEO,Georgia,Europe & Central Asia,2011,1.915
GEO,Georgia,Europe & Central Asia,2012,1.929
GEO,Georgia,Europe & Central Asia,2013,1.993
GEO,Georgia,Europe & Central Asia,2014,2.18
GEO,Georgia,Europe & Central Asia,2015,2.214
GEO,Georgia,Europe & Central Asia,2016,2.228
GEO,Georgia,Europe & Central Asia,2017,2.136
GEO,Georgia,Europe & Central Asia,2018,2.093
GEO,Georgia,Europe & Central Asia,2019,2.021
GEO,Georgia,Europe & Central Asia,2020,1.976
GEO,Georgia,Europe & Central Asia,2021,1.98
GEO,Georgia,Europe & Central Asia,2022,1.82
GEO,Georgia,Europe & Central Asia,2023,1.81
GEO,Georgia,Europe & Central Asia,2024,1.802
GHA,Ghana,Sub-Saharan Africa,1960,6.89
GHA,Ghana,Sub-Saharan Africa,1961,6.912
GHA,Ghana,Sub-Saharan Africa,1962,6.942
GHA,Ghana,Sub-Saharan Africa,1963,6.936
GHA,Ghana,Sub-Saharan Africa,1964,6.902
GHA,Ghana,Sub-Saharan Africa,1965,6.88
GHA,Ghana,Sub-Saharan Africa,1966,6.862
GHA,Ghana,Sub-Saharan Africa,1967,6.893
GHA,Ghana,Sub-Saharan Africa,1968,6.892
GHA,Ghana,Sub-Saharan Africa,1969,6.954
GHA,Ghana,Sub-Saharan Africa,1970,6.952
GHA,Ghana,Sub-Saharan Africa,1971,6.946
GHA,Ghana,Sub-Saharan Africa,1972,6.916
GHA,Ghana,Sub-Saharan Africa,1973,6.872
GHA,Ghana,Sub-Saharan Africa,1974,6.822
GHA,Ghana,Sub-Saharan Africa,1975,6.762
GHA,Ghana,Sub-Saharan Africa,1976,6.703
GHA,Ghana,Sub-Saharan Africa,1977,6.637
GHA,Ghana,Sub-Saharan Africa,1978,6.564
GHA,Ghana,Sub-Saharan Africa,1979,6.513
GHA,Ghana,Sub-Saharan Africa,1980,6.474
GHA,Ghana,Sub-Saharan Africa,1981,6.415
GHA,Ghana,Sub-Saharan Africa,1982,6.312
GHA,Ghana,Sub-Saharan Africa,1983,6.227
GHA,Ghana,Sub-Saharan Africa,1984,6.153
GHA,Ghana,Sub-Saharan Africa,1985,6.119
GHA,Ghana,Sub-Saharan Africa,1986,6.084
GHA,Ghana,Sub-Saharan Africa,1987,6.022
GHA,Ghana,Sub-Saharan Africa,1988,5.922
GHA,Ghana,Sub-Saharan Africa,1989,5.818
GHA,Ghana,Sub-Saharan Africa,1990,5.737
GHA,Ghana,Sub-Saharan Africa,1991,5.63
GHA,Ghana,Sub-Saharan Africa,1992,5.517
GHA,Ghana,Sub-Saharan Africa,1993,5.414
GHA,Ghana,Sub-Saharan Africa,1994,5.254
GHA,Ghana,Sub-Saharan Africa,1995,5.106
GHA,Ghana,Sub-Saharan Africa,1996,4.959
GHA,Ghana,Sub-Saharan Africa,1997,4.884
GHA,Ghana,Sub-Saharan Africa,1998,4.829
GHA,Ghana,Sub-Saharan Africa,1999,4.822
GHA,Ghana,Sub-Saharan Africa,2000,4.827
GHA,Ghana,Sub-Saharan Africa,2001,4.768
GHA,Ghana,Sub-Saharan Africa,2002,4.687
GHA,Ghana,Sub-Saharan Africa,2003,4.597
GHA,Ghana,Sub-Saharan Africa,2004,4.504
GHA,Ghana,Sub-Saharan Africa,2005,4.496
GHA,Ghana,Sub-Saharan Africa,2006,4.399
GHA,Ghana,Sub-Saharan Africa,2007,4.288
GHA,Ghana,Sub-Saharan Africa,2008,4.217
GHA,Ghana,Sub-Saharan Africa,2009,4.179
GHA,Ghana,Sub-Saharan Africa,2010,4.181
GHA,Ghana,Sub-Saharan Africa,2011,4.177
GHA,Ghana,Sub-Saharan Africa,2012,4.154
GHA,Ghana,Sub-Saharan Africa,2013,4.114
GHA,Ghana,Sub-Saharan Africa,2014,4.029
GHA,Ghana,Sub-Saharan Africa,2015,3.982
GHA,Ghana,Sub-Saharan Africa,2016,3.873
GHA,Ghana,Sub-Saharan Africa,2017,3.715
GHA,Ghana,Sub-Saharan Africa,2018,3.65
GHA,Ghana,Sub-Saharan Africa,2019,3.593
GHA,Ghana,Sub-Saharan Africa,2020,3.541
GHA,Ghana,Sub-Saharan Africa,2021,3.492
GHA,Ghana,Sub-Saharan Africa,2022,3.434
GHA,Ghana,Sub-Saharan Africa,2023,3.397
GHA,Ghana,Sub-Saharan Africa,2024,3.344
GIB,Gibraltar,Europe & Central Asia,1960,3.102
GIB,Gibraltar,Europe & Central Asia,1961,3.26
GIB,Gibraltar,Europe & Central Asia,1962,3.528
GIB,Gibraltar,Europe & Central Asia,1963,4.061
GIB,Gibraltar,Europe & Central Asia,1964,4.26
GIB,Gibraltar,Europe & Central Asia,1965,3.989
GIB,Gibraltar,Europe & Central Asia,1966,3.604
GIB,Gibraltar,Europe & Central Asia,1967,3.183
GIB,Gibraltar,Europe & Central Asia,1968,2.98
GIB,Gibraltar,Europe & Central Asia,1969,2.949
GIB,Gibraltar,Europe & Central Asia,1970,2.948
GIB,Gibraltar,Europe & Central Asia,1971,2.944
GIB,Gibraltar,Europe & Central Asia,1972,2.788
GIB,Gibraltar,Europe & Central Asia,1973,2.671
GIB,Gibraltar,Europe & Central Asia,1974,2.596
GIB,Gibraltar,Europe & Central Asia,1975,2.527
GIB,Gibraltar,Europe & Central Asia,1976,2.479
GIB,Gibraltar,Europe & Central Asia,1977,2.468
GIB,Gibraltar,Europe & Central Asia,1978,2.486
GIB,Gibraltar,Europe & Central Asia,1979,2.523
GIB,Gibraltar,Europe & Central Asia,1980,2.567
GIB,Gibraltar,Europe & Central Asia,1981,2.534
GIB,Gibraltar,Europe & Central Asia,1982,2.491
GIB,Gibraltar,Europe & Central Asia,1983,2.436
GIB,Gibraltar,Europe & Central Asia,1984,2.398
GIB,Gibraltar,Europe & Central Asia,1985,2.371
GIB,Gibraltar,Europe & Central Asia,1986,2.356
GIB,Gibraltar,Europe & Central Asia,1987,2.35
GIB,Gibraltar,Europe & Central Asia,1988,2.345
GIB,Gibraltar,Europe & Central Asia,1989,2.353
GIB,Gibraltar,Europe & Central Asia,1990,2.39
GIB,Gibraltar,Europe & Central Asia,1991,2.431
GIB,Gibraltar,Europe & Central Asia,1992,2.443
GIB,Gibraltar,Europe & Central Asia,1993,2.42
GIB,Gibraltar,Europe & Central Asia,1994,2.38
GIB,Gibraltar,Europe & Central Asia,1995,2.334
GIB,Gibraltar,Europe & Central Asia,1996,2.251
GIB,Gibraltar,Europe & Central Asia,1997,2.233
GIB,Gibraltar,Europe & Central Asia,1998,2.204
GIB,Gibraltar,Europe & Central Asia,1999,2.189
GIB,Gibraltar,Europe & Central Asia,2000,2.185
GIB,Gibraltar,Europe & Central Asia,2001,2.104
GIB,Gibraltar,Europe & Central Asia,2002,1.683
GIB,Gibraltar,Europe & Central Asia,2003,1.634
GIB,Gibraltar,Europe & Central Asia,2004,1.689
GIB,Gibraltar,Europe & Central Asia,2005,1.754
GIB,Gibraltar,Europe & Central Asia,2006,1.802
GIB,Gibraltar,Europe & Central Asia,2007,1.852
GIB,Gibraltar,Europe & Central Asia,2008,1.903
GIB,Gibraltar,Europe & Central Asia,2009,1.926
GIB,Gibraltar,Europe & Central Asia,2010,1.954
GIB,Gibraltar,Europe & Central Asia,2011,1.974
GIB,Gibraltar,Europe & Central Asia,2012,1.999
GIB,Gibraltar,Europe & Central Asia,2013,2.099
GIB,Gibraltar,Europe & Central Asia,2014,2.084
GIB,Gibraltar,Europe & Central Asia,2015,2.074
GIB,Gibraltar,Europe & Central Asia,2016,1.94
GIB,Gibraltar,Europe & Central Asia,2017,1.93
GIB,Gibraltar,Europe & Central Asia,2018,1.921
GIB,Gibraltar,Europe & Central Asia,2019,1.912
GIB,Gibraltar,Europe & Central Asia,2020,1.907
GIB,Gibraltar,Europe & Central Asia,2021,1.899
GIB,Gibraltar,Europe & Central Asia,2022,1.895
GIB,Gibraltar,Europe & Central Asia,2023,1.888
GIB,Gibraltar,Europe & Central Asia,2024,1.885
GIN,Guinea,Sub-Saharan Africa,1960,6.112
GIN,Guinea,Sub-Saharan Africa,1961,6.126
GIN,Guinea,Sub-Saharan Africa,1962,6.14
GIN,Guinea,Sub-Saharan Africa,1963,6.153
GIN,Guinea,Sub-Saharan Africa,1964,6.166
GIN,Guinea,Sub-Saharan Africa,1965,6.178
GIN,Guinea,Sub-Saharan Africa,1966,6.19
GIN,Guinea,Sub-Saharan Africa,1967,6.202
GIN,Guinea,Sub-Saharan Africa,1968,6.214
GIN,Guinea,Sub-Saharan Africa,1969,6.228
GIN,Guinea,Sub-Saharan Africa,1970,6.243
GIN,Guinea,Sub-Saharan Africa,1971,6.262
GIN,Guinea,Sub-Saharan Africa,1972,6.283
GIN,Guinea,Sub-Saharan Africa,1973,6.308
GIN,Guinea,Sub-Saharan Africa,1974,6.336
GIN,Guinea,Sub-Saharan Africa,1975,6.367
GIN,Guinea,Sub-Saharan Africa,1976,6.4
GIN,Guinea,Sub-Saharan Africa,1977,6.434
GIN,Guinea,Sub-Saharan Africa,1978,6.44
GIN,Guinea,Sub-Saharan Africa,1979,6.45
GIN,Guinea,Sub-Saharan Africa,1980,6.459
GIN,Guinea,Sub-Saharan Africa,1981,6.459
GIN,Guinea,Sub-Saharan Africa,1982,6.487
GIN,Guinea,Sub-Saharan Africa,1983,6.487
GIN,Guinea,Sub-Saharan Africa,1984,6.512
GIN,Guinea,Sub-Saharan Africa,1985,6.527
GIN,Guinea,Sub-Saharan Africa,1986,6.548
GIN,Guinea,Sub-Saharan Africa,1987,6.571
GIN,Guinea,Sub-Saharan Africa,1988,6.561
GIN,Guinea,Sub-Saharan Africa,1989,6.548
GIN,Guinea,Sub-Saharan Africa,1990,6.515
GIN,Guinea,Sub-Saharan Africa,1991,6.484
GIN,Guinea,Sub-Saharan Africa,1992,6.453
GIN,Guinea,Sub-Saharan Africa,1993,6.409
GIN,Guinea,Sub-Saharan Africa,1994,6.358
GIN,Guinea,Sub-Saharan Africa,1995,6.288
GIN,Guinea,Sub-Saharan Africa,1996,6.205
GIN,Guinea,Sub-Saharan Africa,1997,6.123
GIN,Guinea,Sub-Saharan Africa,1998,6.051
GIN,Guinea,Sub-Saharan Africa,1999,5.985
GIN,Guinea,Sub-Saharan Africa,2000,5.918
GIN,Guinea,Sub-Saharan Africa,2001,5.834
GIN,Guinea,Sub-Saharan Africa,2002,5.781
GIN,Guinea,Sub-Saharan Africa,2003,5.744
GIN,Guinea,Sub-Saharan Africa,2004,5.733
GIN,Guinea,Sub-Saharan Africa,2005,5.727
GIN,Guinea,Sub-Saharan Africa,2006,5.704
GIN,Guinea,Sub-Saharan Africa,2007,5.664
GIN,Guinea,Sub-Saharan Africa,2008,5.596
GIN,Guinea,Sub-Saharan Africa,2009,5.528
GIN,Guinea,Sub-Saharan Africa,2010,5.435
GIN,Guinea,Sub-Saharan Africa,2011,5.337
GIN,Guinea,Sub-Saharan Africa,2012,5.232
GIN,Guinea,Sub-Saharan Africa,2013,5.151
GIN,Guinea,Sub-Saharan Africa,2014,5.07
GIN,Guinea,Sub-Saharan Africa,2015,5.002
GIN,Guinea,Sub-Saharan Africa,2016,4.915
GIN,Guinea,Sub-Saharan Africa,2017,4.793
GIN,Guinea,Sub-Saharan Africa,2018,4.669
GIN,Guinea,Sub-Saharan Africa,2019,4.576
GIN,Guinea,Sub-Saharan Africa,2020,4.489
GIN,Guinea,Sub-Saharan Africa,2021,4.399
GIN,Guinea,Sub-Saharan Africa,2022,4.303
GIN,Guinea,Sub-Saharan Africa,2023,4.217
GIN,Guinea,Sub-Saharan Africa,2024,4.131
GMB,"Gambia, The",Sub-Saharan Africa,1960,6.246
GMB,"Gambia, The",Sub-Saharan Africa,1961,6.228
GMB,"Gambia, The",Sub-Saharan Africa,1962,6.213
GMB,"Gambia, The",Sub-Saharan Africa,1963,6.202
GMB,"Gambia, The",Sub-Saharan Africa,1964,6.195
GMB,"Gambia, The",Sub-Saharan Africa,1965,6.192
GMB,"Gambia, The",Sub-Saharan Africa,1966,6.183
GMB,"Gambia, The",Sub-Saharan Africa,1967,6.206
GMB,"Gambia, The",Sub-Saharan Africa,1968,6.221
GMB,"Gambia, The",Sub-Saharan Africa,1969,6.246
GMB,"Gambia, The",Sub-Saharan Africa,1970,6.257
GMB,"Gambia, The",Sub-Saharan Africa,1971,6.33
GMB,"Gambia, The",Sub-Saharan Africa,1972,6.366
GMB,"Gambia, The",Sub-Saharan Africa,1973,6.405
GMB,"Gambia, The",Sub-Saharan Africa,1974,6.415
GMB,"Gambia, The",Sub-Saharan Africa,1975,6.428
GMB,"Gambia, The",Sub-Saharan Africa,1976,6.434
GMB,"Gambia, The",Sub-Saharan Africa,1977,6.433
GMB,"Gambia, The",Sub-Saharan Africa,1978,6.421
GMB,"Gambia, The",Sub-Saharan Africa,1979,6.411
GMB,"Gambia, The",Sub-Saharan Africa,1980,6.414
GMB,"Gambia, The",Sub-Saharan Africa,1981,6.399
GMB,"Gambia, The",Sub-Saharan Africa,1982,6.396
GMB,"Gambia, The",Sub-Saharan Africa,1983,6.393
GMB,"Gambia, The",Sub-Saharan Africa,1984,6.385
GMB,"Gambia, The",Sub-Saharan Africa,1985,6.357
GMB,"Gambia, The",Sub-Saharan Africa,1986,6.344
GMB,"Gambia, The",Sub-Saharan Africa,1987,6.3
GMB,"Gambia, The",Sub-Saharan Africa,1988,6.258
GMB,"Gambia, The",Sub-Saharan Africa,1989,6.254
GMB,"Gambia, The",Sub-Saharan Africa,1990,6.246
GMB,"Gambia, The",Sub-Saharan Africa,1991,6.191
GMB,"Gambia, The",Sub-Saharan Africa,1992,6.111
GMB,"Gambia, The",Sub-Saharan Africa,1993,6.034
GMB,"Gambia, The",Sub-Saharan Africa,1994,6.035
GMB,"Gambia, The",Sub-Saharan Africa,1995,5.994
GMB,"Gambia, The",Sub-Saharan Africa,1996,5.925
GMB,"Gambia, The",Sub-Saharan Africa,1997,5.851
GMB,"Gambia, The",Sub-Saharan Africa,1998,5.818
GMB,"Gambia, The",Sub-Saharan Africa,1999,5.772
GMB,"Gambia, The",Sub-Saharan Africa,2000,5.716
GMB,"Gambia, The",Sub-Saharan Africa,2001,5.67
GMB,"Gambia, The",Sub-Saharan Africa,2002,5.656
GMB,"Gambia, The",Sub-Saharan Africa,2003,5.656
GMB,"Gambia, The",Sub-Saharan Africa,2004,5.683
GMB,"Gambia, The",Sub-Saharan Africa,2005,5.708
GMB,"Gambia, The",Sub-Saharan Africa,2006,5.736
GMB,"Gambia, The",Sub-Saharan Africa,2007,5.685
GMB,"Gambia, The",Sub-Saharan Africa,2008,5.625
GMB,"Gambia, The",Sub-Saharan Africa,2009,5.574
GMB,"Gambia, The",Sub-Saharan Africa,2010,5.558
GMB,"Gambia, The",Sub-Saharan Africa,2011,5.542
GMB,"Gambia, The",Sub-Saharan Africa,2012,5.519
GMB,"Gambia, The",Sub-Saharan Africa,2013,5.392
GMB,"Gambia, The",Sub-Saharan Africa,2014,5.197
GMB,"Gambia, The",Sub-Saharan Africa,2015,5.003
GMB,"Gambia, The",Sub-Saharan Africa,2016,4.809
GMB,"Gambia, The",Sub-Saharan Africa,2017,4.614
GMB,"Gambia, The",Sub-Saharan Africa,2018,4.42
GMB,"Gambia, The",Sub-Saharan Africa,2019,4.33
GMB,"Gambia, The",Sub-Saharan Africa,2020,4.248
GMB,"Gambia, The",Sub-Saharan Africa,2021,4.165
GMB,"Gambia, The",Sub-Saharan Africa,2022,4.078
GMB,"Gambia, The",Sub-Saharan Africa,2023,4.006
GMB,"Gambia, The",Sub-Saharan Africa,2024,3.907
GNB,Guinea-Bissau,Sub-Saharan Africa,1960,5.921
GNB,Guinea-Bissau,Sub-Saharan Africa,1961,5.931
GNB,Guinea-Bissau,Sub-Saharan Africa,1962,5.941
GNB,Guinea-Bissau,Sub-Saharan Africa,1963,5.951
GNB,Guinea-Bissau,Sub-Saharan Africa,1964,5.961
GNB,Guinea-Bissau,Sub-Saharan Africa,1965,5.971
GNB,Guinea-Bissau,Sub-Saharan Africa,1966,5.982
GNB,Guinea-Bissau,Sub-Saharan Africa,1967,5.994
GNB,Guinea-Bissau,Sub-Saharan Africa,1968,6.008
GNB,Guinea-Bissau,Sub-Saharan Africa,1969,6.024
GNB,Guinea-Bissau,Sub-Saharan Africa,1970,6.041
GNB,Guinea-Bissau,Sub-Saharan Africa,1971,6.06
GNB,Guinea-Bissau,Sub-Saharan Africa,1972,6.078
GNB,Guinea-Bissau,Sub-Saharan Africa,1973,6.098
GNB,Guinea-Bissau,Sub-Saharan Africa,1974,6.12
GNB,Guinea-Bissau,Sub-Saharan Africa,1975,6.15
GNB,Guinea-Bissau,Sub-Saharan Africa,1976,6.192
GNB,Guinea-Bissau,Sub-Saharan Africa,1977,6.249
GNB,Guinea-Bissau,Sub-Saharan Africa,1978,6.32
GNB,Guinea-Bissau,Sub-Saharan Africa,1979,6.401
GNB,Guinea-Bissau,Sub-Saharan Africa,1980,6.487
GNB,Guinea-Bissau,Sub-Saharan Africa,1981,6.569
GNB,Guinea-Bissau,Sub-Saharan Africa,1982,6.64
GNB,Guinea-Bissau,Sub-Saharan Africa,1983,6.694
GNB,Guinea-Bissau,Sub-Saharan Africa,1984,6.727
GNB,Guinea-Bissau,Sub-Saharan Africa,1985,6.739
GNB,Guinea-Bissau,Sub-Saharan Africa,1986,6.734
GNB,Guinea-Bissau,Sub-Saharan Africa,1987,6.717
GNB,Guinea-Bissau,Sub-Saharan Africa,1988,6.693
GNB,Guinea-Bissau,Sub-Saharan Africa,1989,6.663
GNB,Guinea-Bissau,Sub-Saharan Africa,1990,6.501
GNB,Guinea-Bissau,Sub-Saharan Africa,1991,6.474
GNB,Guinea-Bissau,Sub-Saharan Africa,1992,6.435
GNB,Guinea-Bissau,Sub-Saharan Africa,1993,6.369
GNB,Guinea-Bissau,Sub-Saharan Africa,1994,6.299
GNB,Guinea-Bissau,Sub-Saharan Africa,1995,6.223
GNB,Guinea-Bissau,Sub-Saharan Africa,1996,6.141
GNB,Guinea-Bissau,Sub-Saharan Africa,1997,6.06
GNB,Guinea-Bissau,Sub-Saharan Africa,1998,5.97
GNB,Guinea-Bissau,Sub-Saharan Africa,1999,5.871
GNB,Guinea-Bissau,Sub-Saharan Africa,2000,5.786
GNB,Guinea-Bissau,Sub-Saharan Africa,2001,5.688
GNB,Guinea-Bissau,Sub-Saharan Africa,2002,5.634
GNB,Guinea-Bissau,Sub-Saharan Africa,2003,5.577
GNB,Guinea-Bissau,Sub-Saharan Africa,2004,5.5
GNB,Guinea-Bissau,Sub-Saharan Africa,2005,5.46
GNB,Guinea-Bissau,Sub-Saharan Africa,2006,5.406
GNB,Guinea-Bissau,Sub-Saharan Africa,2007,5.365
GNB,Guinea-Bissau,Sub-Saharan Africa,2008,5.266
GNB,Guinea-Bissau,Sub-Saharan Africa,2009,5.176
GNB,Guinea-Bissau,Sub-Saharan Africa,2010,5.111
GNB,Guinea-Bissau,Sub-Saharan Africa,2011,5.067
GNB,Guinea-Bissau,Sub-Saharan Africa,2012,5.003
GNB,Guinea-Bissau,Sub-Saharan Africa,2013,4.93
GNB,Guinea-Bissau,Sub-Saharan Africa,2014,4.79
GNB,Guinea-Bissau,Sub-Saharan Africa,2015,4.661
GNB,Guinea-Bissau,Sub-Saharan Africa,2016,4.519
GNB,Guinea-Bissau,Sub-Saharan Africa,2017,4.347
GNB,Guinea-Bissau,Sub-Saharan Africa,2018,4.241
GNB,Guinea-Bissau,Sub-Saharan Africa,2019,4.153
GNB,Guinea-Bissau,Sub-Saharan Africa,2020,4.075
GNB,Guinea-Bissau,Sub-Saharan Africa,2021,3.998
GNB,Guinea-Bissau,Sub-Saharan Africa,2022,3.911
GNB,Guinea-Bissau,Sub-Saharan Africa,2023,3.836
GNB,Guinea-Bissau,Sub-Saharan Africa,2024,3.757
GNQ,Equatorial Guinea,Sub-Saharan Africa,1960,5.653
GNQ,Equatorial Guinea,Sub-Saharan Africa,1961,5.661
GNQ,Equatorial Guinea,Sub-Saharan Africa,1962,5.673
GNQ,Equatorial Guinea,Sub-Saharan Africa,1963,5.69
GNQ,Equatorial Guinea,Sub-Saharan Africa,1964,5.711
GNQ,Equatorial Guinea,Sub-Saharan Africa,1965,5.734
GNQ,Equatorial Guinea,Sub-Saharan Africa,1966,5.756
GNQ,Equatorial Guinea,Sub-Saharan Africa,1967,5.776
GNQ,Equatorial Guinea,Sub-Saharan Africa,1968,5.791
GNQ,Equatorial Guinea,Sub-Saharan Africa,1969,5.802
GNQ,Equatorial Guinea,Sub-Saharan Africa,1970,5.808
GNQ,Equatorial Guinea,Sub-Saharan Africa,1971,5.808
GNQ,Equatorial Guinea,Sub-Saharan Africa,1972,5.805
GNQ,Equatorial Guinea,Sub-Saharan Africa,1973,5.8
GNQ,Equatorial Guinea,Sub-Saharan Africa,1974,5.795
GNQ,Equatorial Guinea,Sub-Saharan Africa,1975,5.791
GNQ,Equatorial Guinea,Sub-Saharan Africa,1976,5.791
GNQ,Equatorial Guinea,Sub-Saharan Africa,1977,5.795
GNQ,Equatorial Guinea,Sub-Saharan Africa,1978,5.804
GNQ,Equatorial Guinea,Sub-Saharan Africa,1979,5.817
GNQ,Equatorial Guinea,Sub-Saharan Africa,1980,5.835
GNQ,Equatorial Guinea,Sub-Saharan Africa,1981,5.856
GNQ,Equatorial Guinea,Sub-Saharan Africa,1982,5.88
GNQ,Equatorial Guinea,Sub-Saharan Africa,1983,5.903
GNQ,Equatorial Guinea,Sub-Saharan Africa,1984,5.926
GNQ,Equatorial Guinea,Sub-Saharan Africa,1985,5.946
GNQ,Equatorial Guinea,Sub-Saharan Africa,1986,5.962
GNQ,Equatorial Guinea,Sub-Saharan Africa,1987,5.974
GNQ,Equatorial Guinea,Sub-Saharan Africa,1988,5.982
GNQ,Equatorial Guinea,Sub-Saharan Africa,1989,5.986
GNQ,Equatorial Guinea,Sub-Saharan Africa,1990,5.987
GNQ,Equatorial Guinea,Sub-Saharan Africa,1991,5.985
GNQ,Equatorial Guinea,Sub-Saharan Africa,1992,5.984
GNQ,Equatorial Guinea,Sub-Saharan Africa,1993,5.981
GNQ,Equatorial Guinea,Sub-Saharan Africa,1994,5.978
GNQ,Equatorial Guinea,Sub-Saharan Africa,1995,5.971
GNQ,Equatorial Guinea,Sub-Saharan Africa,1996,5.96
GNQ,Equatorial Guinea,Sub-Saharan Africa,1997,5.941
GNQ,Equatorial Guinea,Sub-Saharan Africa,1998,5.914
GNQ,Equatorial Guinea,Sub-Saharan Africa,1999,5.878
GNQ,Equatorial Guinea,Sub-Saharan Africa,2000,5.834
GNQ,Equatorial Guinea,Sub-Saharan Africa,2001,5.785
GNQ,Equatorial Guinea,Sub-Saharan Africa,2002,5.731
GNQ,Equatorial Guinea,Sub-Saharan Africa,2003,5.675
GNQ,Equatorial Guinea,Sub-Saharan Africa,2004,5.618
GNQ,Equatorial Guinea,Sub-Saharan Africa,2005,5.559
GNQ,Equatorial Guinea,Sub-Saharan Africa,2006,5.498
GNQ,Equatorial Guinea,Sub-Saharan Africa,2007,5.433
GNQ,Equatorial Guinea,Sub-Saharan Africa,2008,5.363
GNQ,Equatorial Guinea,Sub-Saharan Africa,2009,5.288
GNQ,Equatorial Guinea,Sub-Saharan Africa,2010,5.209
GNQ,Equatorial Guinea,Sub-Saharan Africa,2011,5.126
GNQ,Equatorial Guinea,Sub-Saharan Africa,2012,5.04
GNQ,Equatorial Guinea,Sub-Saharan Africa,2013,4.952
GNQ,Equatorial Guinea,Sub-Saharan Africa,2014,4.863
GNQ,Equatorial Guinea,Sub-Saharan Africa,2015,4.774
GNQ,Equatorial Guinea,Sub-Saharan Africa,2016,4.686
GNQ,Equatorial Guinea,Sub-Saharan Africa,2017,4.599
GNQ,Equatorial Guinea,Sub-Saharan Africa,2018,4.513
GNQ,Equatorial Guinea,Sub-Saharan Africa,2019,4.429
GNQ,Equatorial Guinea,Sub-Saharan Africa,2020,4.346
GNQ,Equatorial Guinea,Sub-Saharan Africa,2021,4.266
GNQ,Equatorial Guinea,Sub-Saharan Africa,2022,4.17
GNQ,Equatorial Guinea,Sub-Saharan Africa,2023,4.081
GNQ,Equatorial Guinea,Sub-Saharan Africa,2024,4.116
GRC,Greece,Europe & Central Asia,1960,2.23
GRC,Greece,Europe & Central Asia,1961,2.13
GRC,Greece,Europe & Central Asia,1962,2.16
GRC,Greece,Europe & Central Asia,1963,2.14
GRC,Greece,Europe & Central Asia,1964,2.24
GRC,Greece,Europe & Central Asia,1965,2.25
GRC,Greece,Europe & Central Asia,1966,2.32
GRC,Greece,Europe & Central Asia,1967,2.45
GRC,Greece,Europe & Central Asia,1968,2.42
GRC,Greece,Europe & Central Asia,1969,2.36
GRC,Greece,Europe & Central Asia,1970,2.4
GRC,Greece,Europe & Central Asia,1971,2.32
GRC,Greece,Europe & Central Asia,1972,2.32
GRC,Greece,Europe & Central Asia,1973,2.27
GRC,Greece,Europe & Central Asia,1974,2.38
GRC,Greece,Europe & Central Asia,1975,2.33
GRC,Greece,Europe & Central Asia,1976,2.35
GRC,Greece,Europe & Central Asia,1977,2.27
GRC,Greece,Europe & Central Asia,1978,2.28
GRC,Greece,Europe & Central Asia,1979,2.26
GRC,Greece,Europe & Central Asia,1980,2.23
GRC,Greece,Europe & Central Asia,1981,2.09
GRC,Greece,Europe & Central Asia,1982,2.03
GRC,Greece,Europe & Central Asia,1983,1.94
GRC,Greece,Europe & Central Asia,1984,1.83
GRC,Greece,Europe & Central Asia,1985,1.67
GRC,Greece,Europe & Central Asia,1986,1.6
GRC,Greece,Europe & Central Asia,1987,1.5
GRC,Greece,Europe & Central Asia,1988,1.5
GRC,Greece,Europe & Central Asia,1989,1.4
GRC,Greece,Europe & Central Asia,1990,1.39
GRC,Greece,Europe & Central Asia,1991,1.37
GRC,Greece,Europe & Central Asia,1992,1.36
GRC,Greece,Europe & Central Asia,1993,1.32
GRC,Greece,Europe & Central Asia,1994,1.33
GRC,Greece,Europe & Central Asia,1995,1.28
GRC,Greece,Europe & Central Asia,1996,1.26
GRC,Greece,Europe & Central Asia,1997,1.27
GRC,Greece,Europe & Central Asia,1998,1.24
GRC,Greece,Europe & Central Asia,1999,1.23
GRC,Greece,Europe & Central Asia,2000,1.25
GRC,Greece,Europe & Central Asia,2001,1.25
GRC,Greece,Europe & Central Asia,2002,1.28
GRC,Greece,Europe & Central Asia,2003,1.29
GRC,Greece,Europe & Central Asia,2004,1.31
GRC,Greece,Europe & Central Asia,2005,1.34
GRC,Greece,Europe & Central Asia,2006,1.4
GRC,Greece,Europe & Central Asia,2007,1.41
GRC,Greece,Europe & Central Asia,2008,1.5
GRC,Greece,Europe & Central Asia,2009,1.5
GRC,Greece,Europe & Central Asia,2010,1.48
GRC,Greece,Europe & Central Asia,2011,1.4
GRC,Greece,Europe & Central Asia,2012,1.34
GRC,Greece,Europe & Central Asia,2013,1.29
GRC,Greece,Europe & Central Asia,2014,1.3
GRC,Greece,Europe & Central Asia,2015,1.33
GRC,Greece,Europe & Central Asia,2016,1.38
GRC,Greece,Europe & Central Asia,2017,1.35
GRC,Greece,Europe & Central Asia,2018,1.35
GRC,Greece,Europe & Central Asia,2019,1.34
GRC,Greece,Europe & Central Asia,2020,1.39
GRC,Greece,Europe & Central Asia,2021,1.43
GRC,Greece,Europe & Central Asia,2022,1.32
GRC,Greece,Europe & Central Asia,2023,1.26
GRC,Greece,Europe & Central Asia,2024,1.24
GRD,Grenada,Latin America & Caribbean,1960,6.743
GRD,Grenada,Latin America & Caribbean,1961,6.627
GRD,Grenada,Latin America & Caribbean,1962,6.442
GRD,Grenada,Latin America & Caribbean,1963,6.196
GRD,Grenada,Latin America & Caribbean,1964,5.906
GRD,Grenada,Latin America & Caribbean,1965,5.597
GRD,Grenada,Latin America & Caribbean,1966,5.3
GRD,Grenada,Latin America & Caribbean,1967,5.04
GRD,Grenada,Latin America & Caribbean,1968,4.835
GRD,Grenada,Latin America & Caribbean,1969,4.69
GRD,Grenada,Latin America & Caribbean,1970,4.46
GRD,Grenada,Latin America & Caribbean,1971,4.307
GRD,Grenada,Latin America & Caribbean,1972,4.175
GRD,Grenada,Latin America & Caribbean,1973,4.046
GRD,Grenada,Latin America & Caribbean,1974,3.92
GRD,Grenada,Latin America & Caribbean,1975,3.754
GRD,Grenada,Latin America & Caribbean,1976,3.597
GRD,Grenada,Latin America & Caribbean,1977,3.457
GRD,Grenada,Latin America & Caribbean,1978,3.351
GRD,Grenada,Latin America & Caribbean,1979,3.344
GRD,Grenada,Latin America & Caribbean,1980,3.298
GRD,Grenada,Latin America & Caribbean,1981,2.989
GRD,Grenada,Latin America & Caribbean,1982,3.154
GRD,Grenada,Latin America & Caribbean,1983,3.306
GRD,Grenada,Latin America & Caribbean,1984,3.224
GRD,Grenada,Latin America & Caribbean,1985,3.478
GRD,Grenada,Latin America & Caribbean,1986,3.584
GRD,Grenada,Latin America & Caribbean,1987,3.581
GRD,Grenada,Latin America & Caribbean,1988,3.193
GRD,Grenada,Latin America & Caribbean,1989,3.233
GRD,Grenada,Latin America & Caribbean,1990,3.058
GRD,Grenada,Latin America & Caribbean,1991,3.106
GRD,Grenada,Latin America & Caribbean,1992,2.97
GRD,Grenada,Latin America & Caribbean,1993,2.805
GRD,Grenada,Latin America & Caribbean,1994,2.794
GRD,Grenada,Latin America & Caribbean,1995,2.822
GRD,Grenada,Latin America & Caribbean,1996,2.848
GRD,Grenada,Latin America & Caribbean,1997,2.803
GRD,Grenada,Latin America & Caribbean,1998,2.494
GRD,Grenada,Latin America & Caribbean,1999,2.392
GRD,Grenada,Latin America & Caribbean,2000,2.441
GRD,Grenada,Latin America & Caribbean,2001,2.421
GRD,Grenada,Latin America & Caribbean,2002,2.378
GRD,Grenada,Latin America & Caribbean,2003,2.332
GRD,Grenada,Latin America & Caribbean,2004,2.285
GRD,Grenada,Latin America & Caribbean,2005,2.242
GRD,Grenada,Latin America & Caribbean,2006,2.195
GRD,Grenada,Latin America & Caribbean,2007,2.154
GRD,Grenada,Latin America & Caribbean,2008,2.116
GRD,Grenada,Latin America & Caribbean,2009,2.078
GRD,Grenada,Latin America & Caribbean,2010,2.038
GRD,Grenada,Latin America & Caribbean,2011,2.006
GRD,Grenada,Latin America & Caribbean,2012,1.967
GRD,Grenada,Latin America & Caribbean,2013,1.913
GRD,Grenada,Latin America & Caribbean,2014,1.799
GRD,Grenada,Latin America & Caribbean,2015,1.715
GRD,Grenada,Latin America & Caribbean,2016,1.616
GRD,Grenada,Latin America & Caribbean,2017,1.438
GRD,Grenada,Latin America & Caribbean,2018,1.53
GRD,Grenada,Latin America & Caribbean,2019,1.542
GRD,Grenada,Latin America & Caribbean,2020,1.532
GRD,Grenada,Latin America & Caribbean,2021,1.517
GRD,Grenada,Latin America & Caribbean,2022,1.502
GRD,Grenada,Latin America & Caribbean,2023,1.487
GRD,Grenada,Latin America & Caribbean,2024,1.472
GRL,Greenland,Europe & Central Asia,1960,6.686
GRL,Greenland,Europe & Central Asia,1961,6.781
GRL,Greenland,Europe & Central Asia,1962,6.785
GRL,Greenland,Europe & Central Asia,1963,6.757
GRL,Greenland,Europe & Central Asia,1964,6.654
GRL,Greenland,Europe & Central Asia,1965,6.419
GRL,Greenland,Europe & Central Asia,1966,6.031
GRL,Greenland,Europe & Central Asia,1967,5.545
GRL,Greenland,Europe & Central Asia,1968,4.928
GRL,Greenland,Europe & Central Asia,1969,4.209
GRL,Greenland,Europe & Central Asia,1970,3.541
GRL,Greenland,Europe & Central Asia,1971,3.202
GRL,Greenland,Europe & Central Asia,1972,3.012
GRL,Greenland,Europe & Central Asia,1973,2.739
GRL,Greenland,Europe & Central Asia,1974,2.45
GRL,Greenland,Europe & Central Asia,1975,2.345
GRL,Greenland,Europe & Central Asia,1976,2.255
GRL,Greenland,Europe & Central Asia,1977,2.349
GRL,Greenland,Europe & Central Asia,1978,2.197
GRL,Greenland,Europe & Central Asia,1979,2.187
GRL,Greenland,Europe & Central Asia,1980,2.435
GRL,Greenland,Europe & Central Asia,1981,2.332
GRL,Greenland,Europe & Central Asia,1982,2.236
GRL,Greenland,Europe & Central Asia,1983,2.054
GRL,Greenland,Europe & Central Asia,1984,2.107
GRL,Greenland,Europe & Central Asia,1985,2.241
GRL,Greenland,Europe & Central Asia,1986,2.044
GRL,Greenland,Europe & Central Asia,1987,2.083
GRL,Greenland,Europe & Central Asia,1988,2.317
GRL,Greenland,Europe & Central Asia,1989,2.299
GRL,Greenland,Europe & Central Asia,1990,2.444
GRL,Greenland,Europe & Central Asia,1991,2.421
GRL,Greenland,Europe & Central Asia,1992,2.607
GRL,Greenland,Europe & Central Asia,1993,2.578
GRL,Greenland,Europe & Central Asia,1994,2.524
GRL,Greenland,Europe & Central Asia,1995,2.545
GRL,Greenland,Europe & Central Asia,1996,2.521
GRL,Greenland,Europe & Central Asia,1997,2.78
GRL,Greenland,Europe & Central Asia,1998,2.491
GRL,Greenland,Europe & Central Asia,1999,2.475
GRL,Greenland,Europe & Central Asia,2000,2.406
GRL,Greenland,Europe & Central Asia,2001,2.506
GRL,Greenland,Europe & Central Asia,2002,2.613
GRL,Greenland,Europe & Central Asia,2003,2.328
GRL,Greenland,Europe & Central Asia,2004,2.442
GRL,Greenland,Europe & Central Asia,2005,2.326
GRL,Greenland,Europe & Central Asia,2006,2.28
GRL,Greenland,Europe & Central Asia,2007,2.223
GRL,Greenland,Europe & Central Asia,2008,2.249
GRL,Greenland,Europe & Central Asia,2009,2.344
GRL,Greenland,Europe & Central Asia,2010,2.184
GRL,Greenland,Europe & Central Asia,2011,2.097
GRL,Greenland,Europe & Central Asia,2012,2.006
GRL,Greenland,Europe & Central Asia,2013,2.069
GRL,Greenland,Europe & Central Asia,2014,1.987
GRL,Greenland,Europe & Central Asia,2015,2.116
GRL,Greenland,Europe & Central Asia,2016,2.066
GRL,Greenland,Europe & Central Asia,2017,2.125
GRL,Greenland,Europe & Central Asia,2018,2.024
GRL,Greenland,Europe & Central Asia,2019,2.115
GRL,Greenland,Europe & Central Asia,2020,2.109
GRL,Greenland,Europe & Central Asia,2021,1.82
GRL,Greenland,Europe & Central Asia,2022,1.818
GRL,Greenland,Europe & Central Asia,2023,1.769
GRL,Greenland,Europe & Central Asia,2024,1.706
GTM,Guatemala,Latin America & Caribbean,1960,6.999
GTM,Guatemala,Latin America & Caribbean,1961,6.979
GTM,Guatemala,Latin America & Caribbean,1962,6.934
GTM,Guatemala,Latin America & Caribbean,1963,6.899
GTM,Guatemala,Latin America & Caribbean,1964,6.871
GTM,Guatemala,Latin America & Caribbean,1965,6.839
GTM,Guatemala,Latin America & Caribbean,1966,6.802
GTM,Guatemala,Latin America & Caribbean,1967,6.755
GTM,Guatemala,Latin America & Caribbean,1968,6.699
GTM,Guatemala,Latin America & Caribbean,1969,6.646
GTM,Guatemala,Latin America & Caribbean,1970,6.6
GTM,Guatemala,Latin America & Caribbean,1971,6.546
GTM,Guatemala,Latin America & Caribbean,1972,6.511
GTM,Guatemala,Latin America & Caribbean,1973,6.487
GTM,Guatemala,Latin America & Caribbean,1974,6.458
GTM,Guatemala,Latin America & Caribbean,1975,6.41
GTM,Guatemala,Latin America & Caribbean,1976,6.368
GTM,Guatemala,Latin America & Caribbean,1977,6.319
GTM,Guatemala,Latin America & Caribbean,1978,6.261
GTM,Guatemala,Latin America & Caribbean,1979,6.216
GTM,Guatemala,Latin America & Caribbean,1980,6.171
GTM,Guatemala,Latin America & Caribbean,1981,6.121
GTM,Guatemala,Latin America & Caribbean,1982,6.057
GTM,Guatemala,Latin America & Caribbean,1983,5.976
GTM,Guatemala,Latin America & Caribbean,1984,5.855
GTM,Guatemala,Latin America & Caribbean,1985,5.729
GTM,Guatemala,Latin America & Caribbean,1986,5.663
GTM,Guatemala,Latin America & Caribbean,1987,5.639
GTM,Guatemala,Latin America & Caribbean,1988,5.621
GTM,Guatemala,Latin America & Caribbean,1989,5.559
GTM,Guatemala,Latin America & Caribbean,1990,5.48
GTM,Guatemala,Latin America & Caribbean,1991,5.377
GTM,Guatemala,Latin America & Caribbean,1992,5.314
GTM,Guatemala,Latin America & Caribbean,1993,5.254
GTM,Guatemala,Latin America & Caribbean,1994,5.191
GTM,Guatemala,Latin America & Caribbean,1995,5.105
GTM,Guatemala,Latin America & Caribbean,1996,5.008
GTM,Guatemala,Latin America & Caribbean,1997,4.906
GTM,Guatemala,Latin America & Caribbean,1998,4.8
GTM,Guatemala,Latin America & Caribbean,1999,4.687
GTM,Guatemala,Latin America & Caribbean,2000,4.583
GTM,Guatemala,Latin America & Caribbean,2001,4.502
GTM,Guatemala,Latin America & Caribbean,2002,4.371
GTM,Guatemala,Latin America & Caribbean,2003,4.25
GTM,Guatemala,Latin America & Caribbean,2004,4.134
GTM,Guatemala,Latin America & Caribbean,2005,3.974
GTM,Guatemala,Latin America & Caribbean,2006,3.845
GTM,Guatemala,Latin America & Caribbean,2007,3.716
GTM,Guatemala,Latin America & Caribbean,2008,3.571
GTM,Guatemala,Latin America & Caribbean,2009,3.465
GTM,Guatemala,Latin America & Caribbean,2010,3.375
GTM,Guatemala,Latin America & Caribbean,2011,3.292
GTM,Guatemala,Latin America & Caribbean,2012,3.219
GTM,Guatemala,Latin America & Caribbean,2013,3.151
GTM,Guatemala,Latin America & Caribbean,2014,3.088
GTM,Guatemala,Latin America & Caribbean,2015,3.029
GTM,Guatemala,Latin America & Caribbean,2016,2.973
GTM,Guatemala,Latin America & Caribbean,2017,2.857
GTM,Guatemala,Latin America & Caribbean,2018,2.743
GTM,Guatemala,Latin America & Caribbean,2019,2.593
GTM,Guatemala,Latin America & Caribbean,2020,2.47
GTM,Guatemala,Latin America & Caribbean,2021,2.388
GTM,Guatemala,Latin America & Caribbean,2022,2.343
GTM,Guatemala,Latin America & Caribbean,2023,2.311
GTM,Guatemala,Latin America & Caribbean,2024,2.287
GUM,Guam,East Asia & Pacific,1960,5.969
GUM,Guam,East Asia & Pacific,1961,5.948
GUM,Guam,East Asia & Pacific,1962,5.899
GUM,Guam,East Asia & Pacific,1963,5.571
GUM,Guam,East Asia & Pacific,1964,5.393
GUM,Guam,East Asia & Pacific,1965,5.137
GUM,Guam,East Asia & Pacific,1966,5.072
GUM,Guam,East Asia & Pacific,1967,4.646
GUM,Guam,East Asia & Pacific,1968,4.346
GUM,Guam,East Asia & Pacific,1969,4.44
GUM,Guam,East Asia & Pacific,1970,4.343
GUM,Guam,East Asia & Pacific,1971,4.202
GUM,Guam,East Asia & Pacific,1972,4.046
GUM,Guam,East Asia & Pacific,1973,3.89
GUM,Guam,East Asia & Pacific,1974,3.764
GUM,Guam,East Asia & Pacific,1975,3.658
GUM,Guam,East Asia & Pacific,1976,3.534
GUM,Guam,East Asia & Pacific,1977,3.363
GUM,Guam,East Asia & Pacific,1978,3.105
GUM,Guam,East Asia & Pacific,1979,3.033
GUM,Guam,East Asia & Pacific,1980,3.039
GUM,Guam,East Asia & Pacific,1981,2.969
GUM,Guam,East Asia & Pacific,1982,2.912
GUM,Guam,East Asia & Pacific,1983,3.029
GUM,Guam,East Asia & Pacific,1984,2.855
GUM,Guam,East Asia & Pacific,1985,2.905
GUM,Guam,East Asia & Pacific,1986,2.934
GUM,Guam,East Asia & Pacific,1987,2.966
GUM,Guam,East Asia & Pacific,1988,2.986
GUM,Guam,East Asia & Pacific,1989,3.001
GUM,Guam,East Asia & Pacific,1990,3.015
GUM,Guam,East Asia & Pacific,1991,3.028
GUM,Guam,East Asia & Pacific,1992,3.042
GUM,Guam,East Asia & Pacific,1993,3.054
GUM,Guam,East Asia & Pacific,1994,3.044
GUM,Guam,East Asia & Pacific,1995,3.04
GUM,Guam,East Asia & Pacific,1996,3.033
GUM,Guam,East Asia & Pacific,1997,3.023
GUM,Guam,East Asia & Pacific,1998,3.008
GUM,Guam,East Asia & Pacific,1999,2.969
GUM,Guam,East Asia & Pacific,2000,2.915
GUM,Guam,East Asia & Pacific,2001,2.817
GUM,Guam,East Asia & Pacific,2002,2.582
GUM,Guam,East Asia & Pacific,2003,2.657
GUM,Guam,East Asia & Pacific,2004,2.772
GUM,Guam,East Asia & Pacific,2005,2.638
GUM,Guam,East Asia & Pacific,2006,2.807
GUM,Guam,East Asia & Pacific,2007,2.905
GUM,Guam,East Asia & Pacific,2008,2.905
GUM,Guam,East Asia & Pacific,2009,2.891
GUM,Guam,East Asia & Pacific,2010,2.973
GUM,Guam,East Asia & Pacific,2011,2.876
GUM,Guam,East Asia & Pacific,2012,3.117
GUM,Guam,East Asia & Pacific,2013,2.883
GUM,Guam,East Asia & Pacific,2014,2.946
GUM,Guam,East Asia & Pacific,2015,2.933
GUM,Guam,East Asia & Pacific,2016,3.171
GUM,Guam,East Asia & Pacific,2017,3.088
GUM,Guam,East Asia & Pacific,2018,2.995
GUM,Guam,East Asia & Pacific,2019,2.938
GUM,Guam,East Asia & Pacific,2020,2.895
GUM,Guam,East Asia & Pacific,2021,2.856
GUM,Guam,East Asia & Pacific,2022,2.819
GUM,Guam,East Asia & Pacific,2023,2.781
GUM,Guam,East Asia & Pacific,2024,2.748
GUY,Guyana,Latin America & Caribbean,1960,6.331
GUY,Guyana,Latin America & Caribbean,1961,6.339
GUY,Guyana,Latin America & Caribbean,1962,6.333
GUY,Guyana,Latin America & Caribbean,1963,6.307
GUY,Guyana,Latin America & Caribbean,1964,6.232
GUY,Guyana,Latin America & Caribbean,1965,6.135
GUY,Guyana,Latin America & Caribbean,1966,6.021
GUY,Guyana,Latin America & Caribbean,1967,5.888
GUY,Guyana,Latin America & Caribbean,1968,5.751
GUY,Guyana,Latin America & Caribbean,1969,5.581
GUY,Guyana,Latin America & Caribbean,1970,5.411
GUY,Guyana,Latin America & Caribbean,1971,5.257
GUY,Guyana,Latin America & Caribbean,1972,5.077
GUY,Guyana,Latin America & Caribbean,1973,4.866
GUY,Guyana,Latin America & Caribbean,1974,4.638
GUY,Guyana,Latin America & Caribbean,1975,4.45
GUY,Guyana,Latin America & Caribbean,1976,4.28
GUY,Guyana,Latin America & Caribbean,1977,4.116
GUY,Guyana,Latin America & Caribbean,1978,3.967
GUY,Guyana,Latin America & Caribbean,1979,3.86
GUY,Guyana,Latin America & Caribbean,1980,3.77
GUY,Guyana,Latin America & Caribbean,1981,3.719
GUY,Guyana,Latin America & Caribbean,1982,3.678
GUY,Guyana,Latin America & Caribbean,1983,3.637
GUY,Guyana,Latin America & Caribbean,1984,3.541
GUY,Guyana,Latin America & Caribbean,1985,3.47
GUY,Guyana,Latin America & Caribbean,1986,3.381
GUY,Guyana,Latin America & Caribbean,1987,3.305
GUY,Guyana,Latin America & Caribbean,1988,3.228
GUY,Guyana,Latin America & Caribbean,1989,3.186
GUY,Guyana,Latin America & Caribbean,1990,3.181
GUY,Guyana,Latin America & Caribbean,1991,3.183
GUY,Guyana,Latin America & Caribbean,1992,3.188
GUY,Guyana,Latin America & Caribbean,1993,3.199
GUY,Guyana,Latin America & Caribbean,1994,3.226
GUY,Guyana,Latin America & Caribbean,1995,3.238
GUY,Guyana,Latin America & Caribbean,1996,3.23
GUY,Guyana,Latin America & Caribbean,1997,3.221
GUY,Guyana,Latin America & Caribbean,1998,3.182
GUY,Guyana,Latin America & Caribbean,1999,3.125
GUY,Guyana,Latin America & Caribbean,2000,3.057
GUY,Guyana,Latin America & Caribbean,2001,2.958
GUY,Guyana,Latin America & Caribbean,2002,2.844
GUY,Guyana,Latin America & Caribbean,2003,2.75
GUY,Guyana,Latin America & Caribbean,2004,2.681
GUY,Guyana,Latin America & Caribbean,2005,2.648
GUY,Guyana,Latin America & Caribbean,2006,2.659
GUY,Guyana,Latin America & Caribbean,2007,2.681
GUY,Guyana,Latin America & Caribbean,2008,2.697
GUY,Guyana,Latin America & Caribbean,2009,2.694
GUY,Guyana,Latin America & Caribbean,2010,2.684
GUY,Guyana,Latin America & Caribbean,2011,2.694
GUY,Guyana,Latin America & Caribbean,2012,2.701
GUY,Guyana,Latin America & Caribbean,2013,2.711
GUY,Guyana,Latin America & Caribbean,2014,2.695
GUY,Guyana,Latin America & Caribbean,2015,2.667
GUY,Guyana,Latin America & Caribbean,2016,2.634
GUY,Guyana,Latin America & Caribbean,2017,2.593
GUY,Guyana,Latin America & Caribbean,2018,2.553
GUY,Guyana,Latin America & Caribbean,2019,2.521
GUY,Guyana,Latin America & Caribbean,2020,2.491
GUY,Guyana,Latin America & Caribbean,2021,2.462
GUY,Guyana,Latin America & Caribbean,2022,2.437
GUY,Guyana,Latin America & Caribbean,2023,2.412
GUY,Guyana,Latin America & Caribbean,2024,2.395
HKG,"Hong Kong SAR, China",East Asia & Pacific,1960,5.085
HKG,"Hong Kong SAR, China",East Asia & Pacific,1961,5.169
HKG,"Hong Kong SAR, China",East Asia & Pacific,1962,5.177
HKG,"Hong Kong SAR, China",East Asia & Pacific,1963,5.152
HKG,"Hong Kong SAR, China",East Asia & Pacific,1964,5.085
HKG,"Hong Kong SAR, China",East Asia & Pacific,1965,4.923
HKG,"Hong Kong SAR, China",East Asia & Pacific,1966,4.464
HKG,"Hong Kong SAR, China",East Asia & Pacific,1967,4.123
HKG,"Hong Kong SAR, China",East Asia & Pacific,1968,3.783
HKG,"Hong Kong SAR, China",East Asia & Pacific,1969,3.599
HKG,"Hong Kong SAR, China",East Asia & Pacific,1970,3.386
HKG,"Hong Kong SAR, China",East Asia & Pacific,1971,3.459
HKG,"Hong Kong SAR, China",East Asia & Pacific,1972,3.315
HKG,"Hong Kong SAR, China",East Asia & Pacific,1973,3.177
HKG,"Hong Kong SAR, China",East Asia & Pacific,1974,2.967
HKG,"Hong Kong SAR, China",East Asia & Pacific,1975,2.666
HKG,"Hong Kong SAR, China",East Asia & Pacific,1976,2.48
HKG,"Hong Kong SAR, China",East Asia & Pacific,1977,2.376
HKG,"Hong Kong SAR, China",East Asia & Pacific,1978,2.272
HKG,"Hong Kong SAR, China",East Asia & Pacific,1979,2.12
HKG,"Hong Kong SAR, China",East Asia & Pacific,1980,2.047
HKG,"Hong Kong SAR, China",East Asia & Pacific,1981,1.933
HKG,"Hong Kong SAR, China",East Asia & Pacific,1982,1.86
HKG,"Hong Kong SAR, China",East Asia & Pacific,1983,1.722
HKG,"Hong Kong SAR, China",East Asia & Pacific,1984,1.559
HKG,"Hong Kong SAR, China",East Asia & Pacific,1985,1.491
HKG,"Hong Kong SAR, China",East Asia & Pacific,1986,1.367
HKG,"Hong Kong SAR, China",East Asia & Pacific,1987,1.311
HKG,"Hong Kong SAR, China",East Asia & Pacific,1988,1.4
HKG,"Hong Kong SAR, China",East Asia & Pacific,1989,1.296
HKG,"Hong Kong SAR, China",East Asia & Pacific,1990,1.272
HKG,"Hong Kong SAR, China",East Asia & Pacific,1991,1.281
HKG,"Hong Kong SAR, China",East Asia & Pacific,1992,1.347
HKG,"Hong Kong SAR, China",East Asia & Pacific,1993,1.342
HKG,"Hong Kong SAR, China",East Asia & Pacific,1994,1.355
HKG,"Hong Kong SAR, China",East Asia & Pacific,1995,1.295
HKG,"Hong Kong SAR, China",East Asia & Pacific,1996,1.191
HKG,"Hong Kong SAR, China",East Asia & Pacific,1997,1.127
HKG,"Hong Kong SAR, China",East Asia & Pacific,1998,1.016
HKG,"Hong Kong SAR, China",East Asia & Pacific,1999,0.981
HKG,"Hong Kong SAR, China",East Asia & Pacific,2000,1.032
HKG,"Hong Kong SAR, China",East Asia & Pacific,2001,0.931
HKG,"Hong Kong SAR, China",East Asia & Pacific,2002,0.941
HKG,"Hong Kong SAR, China",East Asia & Pacific,2003,0.901
HKG,"Hong Kong SAR, China",East Asia & Pacific,2004,0.922
HKG,"Hong Kong SAR, China",East Asia & Pacific,2005,0.959
HKG,"Hong Kong SAR, China",East Asia & Pacific,2006,0.984
HKG,"Hong Kong SAR, China",East Asia & Pacific,2007,1.028
HKG,"Hong Kong SAR, China",East Asia & Pacific,2008,1.064
HKG,"Hong Kong SAR, China",East Asia & Pacific,2009,1.055
HKG,"Hong Kong SAR, China",East Asia & Pacific,2010,1.127
HKG,"Hong Kong SAR, China",East Asia & Pacific,2011,1.204
HKG,"Hong Kong SAR, China",East Asia & Pacific,2012,1.285
HKG,"Hong Kong SAR, China",East Asia & Pacific,2013,1.125
HKG,"Hong Kong SAR, China",East Asia & Pacific,2014,1.235
HKG,"Hong Kong SAR, China",East Asia & Pacific,2015,1.196
HKG,"Hong Kong SAR, China",East Asia & Pacific,2016,1.205
HKG,"Hong Kong SAR, China",East Asia & Pacific,2017,1.128
HKG,"Hong Kong SAR, China",East Asia & Pacific,2018,1.08
HKG,"Hong Kong SAR, China",East Asia & Pacific,2019,1.064
HKG,"Hong Kong SAR, China",East Asia & Pacific,2020,0.883
HKG,"Hong Kong SAR, China",East Asia & Pacific,2021,0.772
HKG,"Hong Kong SAR, China",East Asia & Pacific,2022,0.701
HKG,"Hong Kong SAR, China",East Asia & Pacific,2023,0.751
HKG,"Hong Kong SAR, China",East Asia & Pacific,2024,0.841
HND,Honduras,Latin America & Caribbean,1960,7.458
HND,Honduras,Latin America & Caribbean,1961,7.448
HND,Honduras,Latin America & Caribbean,1962,7.443
HND,Honduras,Latin America & Caribbean,1963,7.441
HND,Honduras,Latin America & Caribbean,1964,7.443
HND,Honduras,Latin America & Caribbean,1965,7.442
HND,Honduras,Latin America & Caribbean,1966,7.41
HND,Honduras,Latin America & Caribbean,1967,7.359
HND,Honduras,Latin America & Caribbean,1968,7.295
HND,Honduras,Latin America & Caribbean,1969,7.228
HND,Honduras,Latin America & Caribbean,1970,7.172
HND,Honduras,Latin America & Caribbean,1971,7.113
HND,Honduras,Latin America & Caribbean,1972,7.058
HND,Honduras,Latin America & Caribbean,1973,6.985
HND,Honduras,Latin America & Caribbean,1974,6.913
HND,Honduras,Latin America & Caribbean,1975,6.866
HND,Honduras,Latin America & Caribbean,1976,6.814
HND,Honduras,Latin America & Caribbean,1977,6.732
HND,Honduras,Latin America & Caribbean,1978,6.634
HND,Honduras,Latin America & Caribbean,1979,6.531
HND,Honduras,Latin America & Caribbean,1980,6.418
HND,Honduras,Latin America & Caribbean,1981,6.301
HND,Honduras,Latin America & Caribbean,1982,6.179
HND,Honduras,Latin America & Caribbean,1983,6.059
HND,Honduras,Latin America & Caribbean,1984,5.935
HND,Honduras,Latin America & Caribbean,1985,5.816
HND,Honduras,Latin America & Caribbean,1986,5.7
HND,Honduras,Latin America & Caribbean,1987,5.581
HND,Honduras,Latin America & Caribbean,1988,5.468
HND,Honduras,Latin America & Caribbean,1989,5.354
HND,Honduras,Latin America & Caribbean,1990,5.271
HND,Honduras,Latin America & Caribbean,1991,5.191
HND,Honduras,Latin America & Caribbean,1992,5.113
HND,Honduras,Latin America & Caribbean,1993,5.028
HND,Honduras,Latin America & Caribbean,1994,4.935
HND,Honduras,Latin America & Caribbean,1995,4.835
HND,Honduras,Latin America & Caribbean,1996,4.713
HND,Honduras,Latin America & Caribbean,1997,4.59
HND,Honduras,Latin America & Caribbean,1998,4.473
HND,Honduras,Latin America & Caribbean,1999,4.366
HND,Honduras,Latin America & Caribbean,2000,4.289
HND,Honduras,Latin America & Caribbean,2001,4.153
HND,Honduras,Latin America & Caribbean,2002,4.0
HND,Honduras,Latin America & Caribbean,2003,3.844
HND,Honduras,Latin America & Caribbean,2004,3.71
HND,Honduras,Latin America & Caribbean,2005,3.577
HND,Honduras,Latin America & Caribbean,2006,3.449
HND,Honduras,Latin America & Caribbean,2007,3.351
HND,Honduras,Latin America & Caribbean,2008,3.26
HND,Honduras,Latin America & Caribbean,2009,3.173
HND,Honduras,Latin America & Caribbean,2010,3.078
HND,Honduras,Latin America & Caribbean,2011,2.998
HND,Honduras,Latin America & Caribbean,2012,2.927
HND,Honduras,Latin America & Caribbean,2013,2.855
HND,Honduras,Latin America & Caribbean,2014,2.793
HND,Honduras,Latin America & Caribbean,2015,2.746
HND,Honduras,Latin America & Caribbean,2016,2.704
HND,Honduras,Latin America & Caribbean,2017,2.663
HND,Honduras,Latin America & Caribbean,2018,2.645
HND,Honduras,Latin America & Caribbean,2019,2.611
HND,Honduras,Latin America & Caribbean,2020,2.577
HND,Honduras,Latin America & Caribbean,2021,2.548
HND,Honduras,Latin America & Caribbean,2022,2.522
HND,Honduras,Latin America & Caribbean,2023,2.5
HND,Honduras,Latin America & Caribbean,2024,2.476
HRV,Croatia,Europe & Central Asia,1960,2.239
HRV,Croatia,Europe & Central Asia,1961,2.219
HRV,Croatia,Europe & Central Asia,1962,2.192
HRV,Croatia,Europe & Central Asia,1963,2.145
HRV,Croatia,Europe & Central Asia,1964,2.142
HRV,Croatia,Europe & Central Asia,1965,2.224
HRV,Croatia,Europe & Central Asia,1966,2.227
HRV,Croatia,Europe & Central Asia,1967,2.102
HRV,Croatia,Europe & Central Asia,1968,2.027
HRV,Croatia,Europe & Central Asia,1969,1.951
HRV,Croatia,Europe & Central Asia,1970,1.882
HRV,Croatia,Europe & Central Asia,1971,1.974
HRV,Croatia,Europe & Central Asia,1972,2.007
HRV,Croatia,Europe & Central Asia,1973,2.013
HRV,Croatia,Europe & Central Asia,1974,1.983
HRV,Croatia,Europe & Central Asia,1975,1.951
HRV,Croatia,Europe & Central Asia,1976,1.936
HRV,Croatia,Europe & Central Asia,1977,1.947
HRV,Croatia,Europe & Central Asia,1978,1.955
HRV,Croatia,Europe & Central Asia,1979,1.947
HRV,Croatia,Europe & Central Asia,1980,1.931
HRV,Croatia,Europe & Central Asia,1981,1.926
HRV,Croatia,Europe & Central Asia,1982,1.9
HRV,Croatia,Europe & Central Asia,1983,1.88
HRV,Croatia,Europe & Central Asia,1984,1.87
HRV,Croatia,Europe & Central Asia,1985,1.82
HRV,Croatia,Europe & Central Asia,1986,1.76
HRV,Croatia,Europe & Central Asia,1987,1.64
HRV,Croatia,Europe & Central Asia,1988,1.79
HRV,Croatia,Europe & Central Asia,1989,1.63
HRV,Croatia,Europe & Central Asia,1990,1.63
HRV,Croatia,Europe & Central Asia,1991,1.53
HRV,Croatia,Europe & Central Asia,1992,1.48
HRV,Croatia,Europe & Central Asia,1993,1.52
HRV,Croatia,Europe & Central Asia,1994,1.47
HRV,Croatia,Europe & Central Asia,1995,1.58
HRV,Croatia,Europe & Central Asia,1996,1.67
HRV,Croatia,Europe & Central Asia,1997,1.69
HRV,Croatia,Europe & Central Asia,1998,1.45
HRV,Croatia,Europe & Central Asia,1999,1.38
HRV,Croatia,Europe & Central Asia,2000,1.39
HRV,Croatia,Europe & Central Asia,2001,1.46
HRV,Croatia,Europe & Central Asia,2002,1.42
HRV,Croatia,Europe & Central Asia,2003,1.41
HRV,Croatia,Europe & Central Asia,2004,1.43
HRV,Croatia,Europe & Central Asia,2005,1.5
HRV,Croatia,Europe & Central Asia,2006,1.47
HRV,Croatia,Europe & Central Asia,2007,1.48
HRV,Croatia,Europe & Central Asia,2008,1.47
HRV,Croatia,Europe & Central Asia,2009,1.5
HRV,Croatia,Europe & Central Asia,2010,1.46
HRV,Croatia,Europe & Central Asia,2011,1.41
HRV,Croatia,Europe & Central Asia,2012,1.52
HRV,Croatia,Europe & Central Asia,2013,1.46
HRV,Croatia,Europe & Central Asia,2014,1.46
HRV,Croatia,Europe & Central Asia,2015,1.41
HRV,Croatia,Europe & Central Asia,2016,1.43
HRV,Croatia,Europe & Central Asia,2017,1.42
HRV,Croatia,Europe & Central Asia,2018,1.47
HRV,Croatia,Europe & Central Asia,2019,1.47
HRV,Croatia,Europe & Central Asia,2020,1.48
HRV,Croatia,Europe & Central Asia,2021,1.62
HRV,Croatia,Europe & Central Asia,2022,1.53
HRV,Croatia,Europe & Central Asia,2023,1.46
HRV,Croatia,Europe & Central Asia,2024,1.46
HTI,Haiti,Latin America & Caribbean,1960,6.178
HTI,Haiti,Latin America & Caribbean,1961,6.179
HTI,Haiti,Latin America & Caribbean,1962,6.175
HTI,Haiti,Latin America & Caribbean,1963,6.173
HTI,Haiti,Latin America & Caribbean,1964,6.164
HTI,Haiti,Latin America & Caribbean,1965,6.129
HTI,Haiti,Latin America & Caribbean,1966,6.093
HTI,Haiti,Latin America & Caribbean,1967,6.051
HTI,Haiti,Latin America & Caribbean,1968,6.009
HTI,Haiti,Latin America & Caribbean,1969,5.957
HTI,Haiti,Latin America & Caribbean,1970,5.911
HTI,Haiti,Latin America & Caribbean,1971,5.877
HTI,Haiti,Latin America & Caribbean,1972,5.849
HTI,Haiti,Latin America & Caribbean,1973,5.811
HTI,Haiti,Latin America & Caribbean,1974,5.781
HTI,Haiti,Latin America & Caribbean,1975,5.748
HTI,Haiti,Latin America & Caribbean,1976,5.71
HTI,Haiti,Latin America & Caribbean,1977,5.674
HTI,Haiti,Latin America & Caribbean,1978,5.642
HTI,Haiti,Latin America & Caribbean,1979,5.594
HTI,Haiti,Latin America & Caribbean,1980,5.557
HTI,Haiti,Latin America & Caribbean,1981,5.533
HTI,Haiti,Latin America & Caribbean,1982,5.526
HTI,Haiti,Latin America & Caribbean,1983,5.513
HTI,Haiti,Latin America & Caribbean,1984,5.505
HTI,Haiti,Latin America & Caribbean,1985,5.495
HTI,Haiti,Latin America & Caribbean,1986,5.479
HTI,Haiti,Latin America & Caribbean,1987,5.471
HTI,Haiti,Latin America & Caribbean,1988,5.472
HTI,Haiti,Latin America & Caribbean,1989,5.444
HTI,Haiti,Latin America & Caribbean,1990,5.414
HTI,Haiti,Latin America & Caribbean,1991,5.317
HTI,Haiti,Latin America & Caribbean,1992,5.208
HTI,Haiti,Latin America & Caribbean,1993,5.099
HTI,Haiti,Latin America & Caribbean,1994,4.991
HTI,Haiti,Latin America & Caribbean,1995,4.884
HTI,Haiti,Latin America & Caribbean,1996,4.777
HTI,Haiti,Latin America & Caribbean,1997,4.669
HTI,Haiti,Latin America & Caribbean,1998,4.561
HTI,Haiti,Latin America & Caribbean,1999,4.452
HTI,Haiti,Latin America & Caribbean,2000,4.39
HTI,Haiti,Latin America & Caribbean,2001,4.248
HTI,Haiti,Latin America & Caribbean,2002,4.125
HTI,Haiti,Latin America & Caribbean,2003,4.047
HTI,Haiti,Latin America & Caribbean,2004,3.943
HTI,Haiti,Latin America & Caribbean,2005,3.835
HTI,Haiti,Latin America & Caribbean,2006,3.761
HTI,Haiti,Latin America & Caribbean,2007,3.687
HTI,Haiti,Latin America & Caribbean,2008,3.621
HTI,Haiti,Latin America & Caribbean,2009,3.565
HTI,Haiti,Latin America & Caribbean,2010,3.497
HTI,Haiti,Latin America & Caribbean,2011,3.431
HTI,Haiti,Latin America & Caribbean,2012,3.321
HTI,Haiti,Latin America & Caribbean,2013,3.221
HTI,Haiti,Latin America & Caribbean,2014,3.164
HTI,Haiti,Latin America & Caribbean,2015,3.11
HTI,Haiti,Latin America & Caribbean,2016,3.054
HTI,Haiti,Latin America & Caribbean,2017,2.985
HTI,Haiti,Latin America & Caribbean,2018,2.924
HTI,Haiti,Latin America & Caribbean,2019,2.862
HTI,Haiti,Latin America & Caribbean,2020,2.804
HTI,Haiti,Latin America & Caribbean,2021,2.748
HTI,Haiti,Latin America & Caribbean,2022,2.699
HTI,Haiti,Latin America & Caribbean,2023,2.656
HTI,Haiti,Latin America & Caribbean,2024,2.625
HUN,Hungary,Europe & Central Asia,1960,2.02
HUN,Hungary,Europe & Central Asia,1961,1.94
HUN,Hungary,Europe & Central Asia,1962,1.79
HUN,Hungary,Europe & Central Asia,1963,1.82
HUN,Hungary,Europe & Central Asia,1964,1.82
HUN,Hungary,Europe & Central Asia,1965,1.82
HUN,Hungary,Europe & Central Asia,1966,1.89
HUN,Hungary,Europe & Central Asia,1967,2.01
HUN,Hungary,Europe & Central Asia,1968,2.06
HUN,Hungary,Europe & Central Asia,1969,2.04
HUN,Hungary,Europe & Central Asia,1970,1.98
HUN,Hungary,Europe & Central Asia,1971,1.93
HUN,Hungary,Europe & Central Asia,1972,1.93
HUN,Hungary,Europe & Central Asia,1973,1.93
HUN,Hungary,Europe & Central Asia,1974,2.27
HUN,Hungary,Europe & Central Asia,1975,2.35
HUN,Hungary,Europe & Central Asia,1976,2.23
HUN,Hungary,Europe & Central Asia,1977,2.15
HUN,Hungary,Europe & Central Asia,1978,2.06
HUN,Hungary,Europe & Central Asia,1979,2.01
HUN,Hungary,Europe & Central Asia,1980,1.91
HUN,Hungary,Europe & Central Asia,1981,1.88
HUN,Hungary,Europe & Central Asia,1982,1.8
HUN,Hungary,Europe & Central Asia,1983,1.75
HUN,Hungary,Europe & Central Asia,1984,1.75
HUN,Hungary,Europe & Central Asia,1985,1.85
HUN,Hungary,Europe & Central Asia,1986,1.84
HUN,Hungary,Europe & Central Asia,1987,1.82
HUN,Hungary,Europe & Central Asia,1988,1.81
HUN,Hungary,Europe & Central Asia,1989,1.82
HUN,Hungary,Europe & Central Asia,1990,1.87
HUN,Hungary,Europe & Central Asia,1991,1.87
HUN,Hungary,Europe & Central Asia,1992,1.77
HUN,Hungary,Europe & Central Asia,1993,1.68
HUN,Hungary,Europe & Central Asia,1994,1.64
HUN,Hungary,Europe & Central Asia,1995,1.57
HUN,Hungary,Europe & Central Asia,1996,1.46
HUN,Hungary,Europe & Central Asia,1997,1.37
HUN,Hungary,Europe & Central Asia,1998,1.32
HUN,Hungary,Europe & Central Asia,1999,1.28
HUN,Hungary,Europe & Central Asia,2000,1.32
HUN,Hungary,Europe & Central Asia,2001,1.31
HUN,Hungary,Europe & Central Asia,2002,1.3
HUN,Hungary,Europe & Central Asia,2003,1.27
HUN,Hungary,Europe & Central Asia,2004,1.28
HUN,Hungary,Europe & Central Asia,2005,1.31
HUN,Hungary,Europe & Central Asia,2006,1.34
HUN,Hungary,Europe & Central Asia,2007,1.32
HUN,Hungary,Europe & Central Asia,2008,1.35
HUN,Hungary,Europe & Central Asia,2009,1.32
HUN,Hungary,Europe & Central Asia,2010,1.25
HUN,Hungary,Europe & Central Asia,2011,1.23
HUN,Hungary,Europe & Central Asia,2012,1.34
HUN,Hungary,Europe & Central Asia,2013,1.36
HUN,Hungary,Europe & Central Asia,2014,1.45
HUN,Hungary,Europe & Central Asia,2015,1.46
HUN,Hungary,Europe & Central Asia,2016,1.55
HUN,Hungary,Europe & Central Asia,2017,1.56
HUN,Hungary,Europe & Central Asia,2018,1.57
HUN,Hungary,Europe & Central Asia,2019,1.58
HUN,Hungary,Europe & Central Asia,2020,1.61
HUN,Hungary,Europe & Central Asia,2021,1.63
HUN,Hungary,Europe & Central Asia,2022,1.57
HUN,Hungary,Europe & Central Asia,2023,1.55
HUN,Hungary,Europe & Central Asia,2024,1.41
IDN,Indonesia,East Asia & Pacific,1960,5.505
IDN,Indonesia,East Asia & Pacific,1961,5.522
IDN,Indonesia,East Asia & Pacific,1962,5.534
IDN,Indonesia,East Asia & Pacific,1963,5.551
IDN,Indonesia,East Asia & Pacific,1964,5.568
IDN,Indonesia,East Asia & Pacific,1965,5.593
IDN,Indonesia,East Asia & Pacific,1966,5.593
IDN,Indonesia,East Asia & Pacific,1967,5.583
IDN,Indonesia,East Asia & Pacific,1968,5.568
IDN,Indonesia,East Asia & Pacific,1969,5.553
IDN,Indonesia,East Asia & Pacific,1970,5.488
IDN,Indonesia,East Asia & Pacific,1971,5.397
IDN,Indonesia,East Asia & Pacific,1972,5.315
IDN,Indonesia,East Asia & Pacific,1973,5.246
IDN,Indonesia,East Asia & Pacific,1974,5.089
IDN,Indonesia,East Asia & Pacific,1975,5.032
IDN,Indonesia,East Asia & Pacific,1976,4.921
IDN,Indonesia,East Asia & Pacific,1977,4.807
IDN,Indonesia,East Asia & Pacific,1978,4.732
IDN,Indonesia,East Asia & Pacific,1979,4.625
IDN,Indonesia,East Asia & Pacific,1980,4.495
IDN,Indonesia,East Asia & Pacific,1981,4.356
IDN,Indonesia,East Asia & Pacific,1982,4.247
IDN,Indonesia,East Asia & Pacific,1983,4.109
IDN,Indonesia,East Asia & Pacific,1984,3.956
IDN,Indonesia,East Asia & Pacific,1985,3.725
IDN,Indonesia,East Asia & Pacific,1986,3.53
IDN,Indonesia,East Asia & Pacific,1987,3.42
IDN,Indonesia,East Asia & Pacific,1988,3.353
IDN,Indonesia,East Asia & Pacific,1989,3.247
IDN,Indonesia,East Asia & Pacific,1990,3.114
IDN,Indonesia,East Asia & Pacific,1991,3.058
IDN,Indonesia,East Asia & Pacific,1992,2.95
IDN,Indonesia,East Asia & Pacific,1993,2.9
IDN,Indonesia,East Asia & Pacific,1994,2.851
IDN,Indonesia,East Asia & Pacific,1995,2.809
IDN,Indonesia,East Asia & Pacific,1996,2.782
IDN,Indonesia,East Asia & Pacific,1997,2.742
IDN,Indonesia,East Asia & Pacific,1998,2.66
IDN,Indonesia,East Asia & Pacific,1999,2.568
IDN,Indonesia,East Asia & Pacific,2000,2.503
IDN,Indonesia,East Asia & Pacific,2001,2.466
IDN,Indonesia,East Asia & Pacific,2002,2.436
IDN,Indonesia,East Asia & Pacific,2003,2.41
IDN,Indonesia,East Asia & Pacific,2004,2.415
IDN,Indonesia,East Asia & Pacific,2005,2.452
IDN,Indonesia,East Asia & Pacific,2006,2.457
IDN,Indonesia,East Asia & Pacific,2007,2.476
IDN,Indonesia,East Asia & Pacific,2008,2.44
IDN,Indonesia,East Asia & Pacific,2009,2.442
IDN,Indonesia,East Asia & Pacific,2010,2.462
IDN,Indonesia,East Asia & Pacific,2011,2.515
IDN,Indonesia,East Asia & Pacific,2012,2.514
IDN,Indonesia,East Asia & Pacific,2013,2.441
IDN,Indonesia,East Asia & Pacific,2014,2.393
IDN,Indonesia,East Asia & Pacific,2015,2.346
IDN,Indonesia,East Asia & Pacific,2016,2.311
IDN,Indonesia,East Asia & Pacific,2017,2.253
IDN,Indonesia,East Asia & Pacific,2018,2.219
IDN,Indonesia,East Asia & Pacific,2019,2.205
IDN,Indonesia,East Asia & Pacific,2020,2.189
IDN,Indonesia,East Asia & Pacific,2021,2.166
IDN,Indonesia,East Asia & Pacific,2022,2.149
IDN,Indonesia,East Asia & Pacific,2023,2.127
IDN,Indonesia,East Asia & Pacific,2024,2.115
IMN,Isle of Man,Europe & Central Asia,1960,2.682
IMN,Isle of Man,Europe & Central Asia,1961,2.688
IMN,Isle of Man,Europe & Central Asia,1962,2.634
IMN,Isle of Man,Europe & Central Asia,1963,2.624
IMN,Isle of Man,Europe & Central Asia,1964,2.627
IMN,Isle of Man,Europe & Central Asia,1965,2.539
IMN,Isle of Man,Europe & Central Asia,1966,2.462
IMN,Isle of Man,Europe & Central Asia,1967,2.447
IMN,Isle of Man,Europe & Central Asia,1968,2.447
IMN,Isle of Man,Europe & Central Asia,1969,2.512
IMN,Isle of Man,Europe & Central Asia,1970,2.566
IMN,Isle of Man,Europe & Central Asia,1971,2.512
IMN,Isle of Man,Europe & Central Asia,1972,2.454
IMN,Isle of Man,Europe & Central Asia,1973,2.364
IMN,Isle of Man,Europe & Central Asia,1974,2.263
IMN,Isle of Man,Europe & Central Asia,1975,2.16
IMN,Isle of Man,Europe & Central Asia,1976,2.083
IMN,Isle of Man,Europe & Central Asia,1977,2.023
IMN,Isle of Man,Europe & Central Asia,1978,1.988
IMN,Isle of Man,Europe & Central Asia,1979,1.96
IMN,Isle of Man,Europe & Central Asia,1980,1.954
IMN,Isle of Man,Europe & Central Asia,1981,1.941
IMN,Isle of Man,Europe & Central Asia,1982,1.915
IMN,Isle of Man,Europe & Central Asia,1983,1.888
IMN,Isle of Man,Europe & Central Asia,1984,1.865
IMN,Isle of Man,Europe & Central Asia,1985,1.88
IMN,Isle of Man,Europe & Central Asia,1986,1.892
IMN,Isle of Man,Europe & Central Asia,1987,1.909
IMN,Isle of Man,Europe & Central Asia,1988,1.921
IMN,Isle of Man,Europe & Central Asia,1989,1.926
IMN,Isle of Man,Europe & Central Asia,1990,1.959
IMN,Isle of Man,Europe & Central Asia,1991,1.978
IMN,Isle of Man,Europe & Central Asia,1992,1.974
IMN,Isle of Man,Europe & Central Asia,1993,1.946
IMN,Isle of Man,Europe & Central Asia,1994,1.915
IMN,Isle of Man,Europe & Central Asia,1995,1.923
IMN,Isle of Man,Europe & Central Asia,1996,1.931
IMN,Isle of Man,Europe & Central Asia,1997,1.926
IMN,Isle of Man,Europe & Central Asia,1998,1.901
IMN,Isle of Man,Europe & Central Asia,1999,1.858
IMN,Isle of Man,Europe & Central Asia,2000,1.866
IMN,Isle of Man,Europe & Central Asia,2001,1.87
IMN,Isle of Man,Europe & Central Asia,2002,1.863
IMN,Isle of Man,Europe & Central Asia,2003,1.84
IMN,Isle of Man,Europe & Central Asia,2004,1.826
IMN,Isle of Man,Europe & Central Asia,2005,1.863
IMN,Isle of Man,Europe & Central Asia,2006,1.905
IMN,Isle of Man,Europe & Central Asia,2007,1.927
IMN,Isle of Man,Europe & Central Asia,2008,1.941
IMN,Isle of Man,Europe & Central Asia,2009,1.937
IMN,Isle of Man,Europe & Central Asia,2010,1.928
IMN,Isle of Man,Europe & Central Asia,2011,1.903
IMN,Isle of Man,Europe & Central Asia,2012,1.864
IMN,Isle of Man,Europe & Central Asia,2013,1.824
IMN,Isle of Man,Europe & Central Asia,2014,1.79
IMN,Isle of Man,Europe & Central Asia,2015,1.748
IMN,Isle of Man,Europe & Central Asia,2016,1.713
IMN,Isle of Man,Europe & Central Asia,2017,1.674
IMN,Isle of Man,Europe & Central Asia,2018,1.636
IMN,Isle of Man,Europe & Central Asia,2019,1.606
IMN,Isle of Man,Europe & Central Asia,2020,1.585
IMN,Isle of Man,Europe & Central Asia,2021,1.569
IMN,Isle of Man,Europe & Central Asia,2022,1.556
IMN,Isle of Man,Europe & Central Asia,2023,1.548
IMN,Isle of Man,Europe & Central Asia,2024,1.544
IND,India,South Asia,1960,5.921
IND,India,South Asia,1961,5.937
IND,India,South Asia,1962,5.953
IND,India,South Asia,1963,5.969
IND,India,South Asia,1964,5.979
IND,India,South Asia,1965,5.941
IND,India,South Asia,1966,5.881
IND,India,South Asia,1967,5.825
IND,India,South Asia,1968,5.76
IND,India,South Asia,1969,5.684
IND,India,South Asia,1970,5.624
IND,India,South Asia,1971,5.565
IND,India,South Asia,1972,5.482
IND,India,South Asia,1973,5.402
IND,India,South Asia,1974,5.325
IND,India,South Asia,1975,5.195
IND,India,South Asia,1976,5.13
IND,India,South Asia,1977,5.007
IND,India,South Asia,1978,4.888
IND,India,South Asia,1979,4.808
IND,India,South Asia,1980,4.775
IND,India,South Asia,1981,4.698
IND,India,South Asia,1982,4.62
IND,India,South Asia,1983,4.565
IND,India,South Asia,1984,4.516
IND,India,South Asia,1985,4.432
IND,India,South Asia,1986,4.399
IND,India,South Asia,1987,4.311
IND,India,South Asia,1988,4.222
IND,India,South Asia,1989,4.132
IND,India,South Asia,1990,4.045
IND,India,South Asia,1991,3.959
IND,India,South Asia,1992,3.877
IND,India,South Asia,1993,3.799
IND,India,South Asia,1994,3.723
IND,India,South Asia,1995,3.651
IND,India,South Asia,1996,3.582
IND,India,South Asia,1997,3.514
IND,India,South Asia,1998,3.446
IND,India,South Asia,1999,3.383
IND,India,South Asia,2000,3.35
IND,India,South Asia,2001,3.303
IND,India,South Asia,2002,3.217
IND,India,South Asia,2003,3.122
IND,India,South Asia,2004,3.046
IND,India,South Asia,2005,2.958
IND,India,South Asia,2006,2.867
IND,India,South Asia,2007,2.775
IND,India,South Asia,2008,2.711
IND,India,South Asia,2009,2.674
IND,India,South Asia,2010,2.598
IND,India,South Asia,2011,2.532
IND,India,South Asia,2012,2.47
IND,India,South Asia,2013,2.399
IND,India,South Asia,2014,2.293
IND,India,South Asia,2015,2.289
IND,India,South Asia,2016,2.284
IND,India,South Asia,2017,2.193
IND,India,South Asia,2018,2.184
IND,India,South Asia,2019,2.12
IND,India,South Asia,2020,2.047
IND,India,South Asia,2021,2.014
IND,India,South Asia,2022,1.994
IND,India,South Asia,2023,1.975
IND,India,South Asia,2024,1.962
IRL,Ireland,Europe & Central Asia,1960,3.78
IRL,Ireland,Europe & Central Asia,1961,3.78
IRL,Ireland,Europe & Central Asia,1962,3.92
IRL,Ireland,Europe & Central Asia,1963,4.01
IRL,Ireland,Europe & Central Asia,1964,4.07
IRL,Ireland,Europe & Central Asia,1965,4.04
IRL,Ireland,Europe & Central Asia,1966,3.94
IRL,Ireland,Europe & Central Asia,1967,3.84
IRL,Ireland,Europe & Central Asia,1968,3.77
IRL,Ireland,Europe & Central Asia,1969,3.83
IRL,Ireland,Europe & Central Asia,1970,3.85
IRL,Ireland,Europe & Central Asia,1971,3.93
IRL,Ireland,Europe & Central Asia,1972,3.84
IRL,Ireland,Europe & Central Asia,1973,3.71
IRL,Ireland,Europe & Central Asia,1974,3.59
IRL,Ireland,Europe & Central Asia,1975,3.37
IRL,Ireland,Europe & Central Asia,1976,3.29
IRL,Ireland,Europe & Central Asia,1977,3.24
IRL,Ireland,Europe & Central Asia,1978,3.21
IRL,Ireland,Europe & Central Asia,1979,3.21
IRL,Ireland,Europe & Central Asia,1980,3.21
IRL,Ireland,Europe & Central Asia,1981,3.05
IRL,Ireland,Europe & Central Asia,1982,2.94
IRL,Ireland,Europe & Central Asia,1983,2.74
IRL,Ireland,Europe & Central Asia,1984,2.58
IRL,Ireland,Europe & Central Asia,1985,2.48
IRL,Ireland,Europe & Central Asia,1986,2.44
IRL,Ireland,Europe & Central Asia,1987,2.32
IRL,Ireland,Europe & Central Asia,1988,2.17
IRL,Ireland,Europe & Central Asia,1989,2.08
IRL,Ireland,Europe & Central Asia,1990,2.11
IRL,Ireland,Europe & Central Asia,1991,2.08
IRL,Ireland,Europe & Central Asia,1992,1.99
IRL,Ireland,Europe & Central Asia,1993,1.9
IRL,Ireland,Europe & Central Asia,1994,1.85
IRL,Ireland,Europe & Central Asia,1995,1.84
IRL,Ireland,Europe & Central Asia,1996,1.88
IRL,Ireland,Europe & Central Asia,1997,1.93
IRL,Ireland,Europe & Central Asia,1998,1.94
IRL,Ireland,Europe & Central Asia,1999,1.9
IRL,Ireland,Europe & Central Asia,2000,1.89
IRL,Ireland,Europe & Central Asia,2001,1.94
IRL,Ireland,Europe & Central Asia,2002,1.97
IRL,Ireland,Europe & Central Asia,2003,1.96
IRL,Ireland,Europe & Central Asia,2004,1.93
IRL,Ireland,Europe & Central Asia,2005,1.86
IRL,Ireland,Europe & Central Asia,2006,1.91
IRL,Ireland,Europe & Central Asia,2007,2.01
IRL,Ireland,Europe & Central Asia,2008,2.06
IRL,Ireland,Europe & Central Asia,2009,2.06
IRL,Ireland,Europe & Central Asia,2010,2.05
IRL,Ireland,Europe & Central Asia,2011,2.03
IRL,Ireland,Europe & Central Asia,2012,1.98
IRL,Ireland,Europe & Central Asia,2013,1.93
IRL,Ireland,Europe & Central Asia,2014,1.89
IRL,Ireland,Europe & Central Asia,2015,1.85
IRL,Ireland,Europe & Central Asia,2016,1.81
IRL,Ireland,Europe & Central Asia,2017,1.76
IRL,Ireland,Europe & Central Asia,2018,1.74
IRL,Ireland,Europe & Central Asia,2019,1.69
IRL,Ireland,Europe & Central Asia,2020,1.6
IRL,Ireland,Europe & Central Asia,2021,1.72
IRL,Ireland,Europe & Central Asia,2022,1.51
IRL,Ireland,Europe & Central Asia,2023,1.5
IRL,Ireland,Europe & Central Asia,2024,1.47
IRN,"Iran, Islamic Rep.",Middle East & North Africa,1960,7.519
IRN,"Iran, Islamic Rep.",Middle East & North Africa,1961,7.459
IRN,"Iran, Islamic Rep.",Middle East & North Africa,1962,7.401
IRN,"Iran, Islamic Rep.",Middle East & North Africa,1963,7.317
IRN,"Iran, Islamic Rep.",Middle East & North Africa,1964,7.237
IRN,"Iran, Islamic Rep.",Middle East & North Africa,1965,7.222
IRN,"Iran, Islamic Rep.",Middle East & North Africa,1966,7.214
IRN,"Iran, Islamic Rep.",Middle East & North Africa,1967,7.19
IRN,"Iran, Islamic Rep.",Middle East & North Africa,1968,7.119
IRN,"Iran, Islamic Rep.",Middle East & North Africa,1969,7.007
IRN,"Iran, Islamic Rep.",Middle East & North Africa,1970,6.798
IRN,"Iran, Islamic Rep.",Middle East & North Africa,1971,6.549
IRN,"Iran, Islamic Rep.",Middle East & North Africa,1972,6.257
IRN,"Iran, Islamic Rep.",Middle East & North Africa,1973,6.061
IRN,"Iran, Islamic Rep.",Middle East & North Africa,1974,5.968
IRN,"Iran, Islamic Rep.",Middle East & North Africa,1975,5.947
IRN,"Iran, Islamic Rep.",Middle East & North Africa,1976,6.066
IRN,"Iran, Islamic Rep.",Middle East & North Africa,1977,6.179
IRN,"Iran, Islamic Rep.",Middle East & North Africa,1978,6.344
IRN,"Iran, Islamic Rep.",Middle East & North Africa,1979,6.549
IRN,"Iran, Islamic Rep.",Middle East & North Africa,1980,6.63
IRN,"Iran, Islamic Rep.",Middle East & North Africa,1981,6.618
IRN,"Iran, Islamic Rep.",Middle East & North Africa,1982,6.586
IRN,"Iran, Islamic Rep.",Middle East & North Africa,1983,6.528
IRN,"Iran, Islamic Rep.",Middle East & North Africa,1984,6.433
IRN,"Iran, Islamic Rep.",Middle East & North Africa,1985,6.242
IRN,"Iran, Islamic Rep.",Middle East & North Africa,1986,6.011
IRN,"Iran, Islamic Rep.",Middle East & North Africa,1987,5.719
IRN,"Iran, Islamic Rep.",Middle East & North Africa,1988,5.434
IRN,"Iran, Islamic Rep.",Middle East & North Africa,1989,5.172
IRN,"Iran, Islamic Rep.",Middle East & North Africa,1990,4.934
IRN,"Iran, Islamic Rep.",Middle East & North Africa,1991,4.568
IRN,"Iran, Islamic Rep.",Middle East & North Africa,1992,4.099
IRN,"Iran, Islamic Rep.",Middle East & North Africa,1993,3.674
IRN,"Iran, Islamic Rep.",Middle East & North Africa,1994,3.244
IRN,"Iran, Islamic Rep.",Middle East & North Africa,1995,2.852
IRN,"Iran, Islamic Rep.",Middle East & North Africa,1996,2.542
IRN,"Iran, Islamic Rep.",Middle East & North Africa,1997,2.323
IRN,"Iran, Islamic Rep.",Middle East & North Africa,1998,2.19
IRN,"Iran, Islamic Rep.",Middle East & North Africa,1999,2.089
IRN,"Iran, Islamic Rep.",Middle East & North Africa,2000,1.999
IRN,"Iran, Islamic Rep.",Middle East & North Africa,2001,1.918
IRN,"Iran, Islamic Rep.",Middle East & North Africa,2002,1.836
IRN,"Iran, Islamic Rep.",Middle East & North Africa,2003,1.801
IRN,"Iran, Islamic Rep.",Middle East & North Africa,2004,1.78
IRN,"Iran, Islamic Rep.",Middle East & North Africa,2005,1.756
IRN,"Iran, Islamic Rep.",Middle East & North Africa,2006,1.755
IRN,"Iran, Islamic Rep.",Middle East & North Africa,2007,1.748
IRN,"Iran, Islamic Rep.",Middle East & North Africa,2008,1.743
IRN,"Iran, Islamic Rep.",Middle East & North Africa,2009,1.74
IRN,"Iran, Islamic Rep.",Middle East & North Africa,2010,1.749
IRN,"Iran, Islamic Rep.",Middle East & North Africa,2011,1.792
IRN,"Iran, Islamic Rep.",Middle East & North Africa,2012,1.851
IRN,"Iran, Islamic Rep.",Middle East & North Africa,2013,1.913
IRN,"Iran, Islamic Rep.",Middle East & North Africa,2014,1.975
IRN,"Iran, Islamic Rep.",Middle East & North Africa,2015,2.017
IRN,"Iran, Islamic Rep.",Middle East & North Africa,2016,2.054
IRN,"Iran, Islamic Rep.",Middle East & North Africa,2017,2.023
IRN,"Iran, Islamic Rep.",Middle East & North Africa,2018,1.919
IRN,"Iran, Islamic Rep.",Middle East & North Africa,2019,1.766
IRN,"Iran, Islamic Rep.",Middle East & North Africa,2020,1.7
IRN,"Iran, Islamic Rep.",Middle East & North Africa,2021,1.709
IRN,"Iran, Islamic Rep.",Middle East & North Africa,2022,1.704
IRN,"Iran, Islamic Rep.",Middle East & North Africa,2023,1.695
IRN,"Iran, Islamic Rep.",Middle East & North Africa,2024,1.684
IRQ,Iraq,Middle East & North Africa,1960,5.3
IRQ,Iraq,Middle East & North Africa,1961,5.8
IRQ,Iraq,Middle East & North Africa,1962,6.991
IRQ,Iraq,Middle East & North Africa,1963,7.005
IRQ,Iraq,Middle East & North Africa,1964,7.01
IRQ,Iraq,Middle East & North Africa,1965,7.02
IRQ,Iraq,Middle East & North Africa,1966,7.022
IRQ,Iraq,Middle East & North Africa,1967,7.029
IRQ,Iraq,Middle East & North Africa,1968,7.056
IRQ,Iraq,Middle East & North Africa,1969,7.083
IRQ,Iraq,Middle East & North Africa,1970,7.071
IRQ,Iraq,Middle East & North Africa,1971,7.055
IRQ,Iraq,Middle East & North Africa,1972,7.024
IRQ,Iraq,Middle East & North Africa,1973,6.986
IRQ,Iraq,Middle East & North Africa,1974,6.952
IRQ,Iraq,Middle East & North Africa,1975,6.913
IRQ,Iraq,Middle East & North Africa,1976,6.856
IRQ,Iraq,Middle East & North Africa,1977,6.795
IRQ,Iraq,Middle East & North Africa,1978,6.726
IRQ,Iraq,Middle East & North Africa,1979,6.662
IRQ,Iraq,Middle East & North Africa,1980,6.593
IRQ,Iraq,Middle East & North Africa,1981,6.526
IRQ,Iraq,Middle East & North Africa,1982,6.46
IRQ,Iraq,Middle East & North Africa,1983,6.387
IRQ,Iraq,Middle East & North Africa,1984,6.321
IRQ,Iraq,Middle East & North Africa,1985,6.246
IRQ,Iraq,Middle East & North Africa,1986,6.182
IRQ,Iraq,Middle East & North Africa,1987,6.114
IRQ,Iraq,Middle East & North Africa,1988,6.052
IRQ,Iraq,Middle East & North Africa,1989,5.988
IRQ,Iraq,Middle East & North Africa,1990,5.929
IRQ,Iraq,Middle East & North Africa,1991,5.833
IRQ,Iraq,Middle East & North Africa,1992,5.718
IRQ,Iraq,Middle East & North Africa,1993,5.609
IRQ,Iraq,Middle East & North Africa,1994,5.488
IRQ,Iraq,Middle East & North Africa,1995,5.36
IRQ,Iraq,Middle East & North Africa,1996,5.249
IRQ,Iraq,Middle East & North Africa,1997,5.194
IRQ,Iraq,Middle East & North Africa,1998,5.112
IRQ,Iraq,Middle East & North Africa,1999,5.035
IRQ,Iraq,Middle East & North Africa,2000,4.92
IRQ,Iraq,Middle East & North Africa,2001,4.799
IRQ,Iraq,Middle East & North Africa,2002,4.668
IRQ,Iraq,Middle East & North Africa,2003,4.581
IRQ,Iraq,Middle East & North Africa,2004,4.527
IRQ,Iraq,Middle East & North Africa,2005,4.446
IRQ,Iraq,Middle East & North Africa,2006,4.459
IRQ,Iraq,Middle East & North Africa,2007,4.404
IRQ,Iraq,Middle East & North Africa,2008,4.373
IRQ,Iraq,Middle East & North Africa,2009,4.378
IRQ,Iraq,Middle East & North Africa,2010,4.457
IRQ,Iraq,Middle East & North Africa,2011,4.588
IRQ,Iraq,Middle East & North Africa,2012,4.544
IRQ,Iraq,Middle East & North Africa,2013,4.441
IRQ,Iraq,Middle East & North Africa,2014,4.31
IRQ,Iraq,Middle East & North Africa,2015,4.08
IRQ,Iraq,Middle East & North Africa,2016,3.843
IRQ,Iraq,Middle East & North Africa,2017,3.64
IRQ,Iraq,Middle East & North Africa,2018,3.547
IRQ,Iraq,Middle East & North Africa,2019,3.48
IRQ,Iraq,Middle East & North Africa,2020,3.419
IRQ,Iraq,Middle East & North Africa,2021,3.358
IRQ,Iraq,Middle East & North Africa,2022,3.294
IRQ,Iraq,Middle East & North Africa,2023,3.249
IRQ,Iraq,Middle East & North Africa,2024,3.221
ISL,Iceland,Europe & Central Asia,1960,4.29
ISL,Iceland,Europe & Central Asia,1961,3.88
ISL,Iceland,Europe & Central Asia,1962,3.98
ISL,Iceland,Europe & Central Asia,1963,3.99
ISL,Iceland,Europe & Central Asia,1964,3.88
ISL,Iceland,Europe & Central Asia,1965,3.73
ISL,Iceland,Europe & Central Asia,1966,3.59
ISL,Iceland,Europe & Central Asia,1967,3.28
ISL,Iceland,Europe & Central Asia,1968,3.06
ISL,Iceland,Europe & Central Asia,1969,2.99
ISL,Iceland,Europe & Central Asia,1970,2.81
ISL,Iceland,Europe & Central Asia,1971,2.92
ISL,Iceland,Europe & Central Asia,1972,3.09
ISL,Iceland,Europe & Central Asia,1973,2.94
ISL,Iceland,Europe & Central Asia,1974,2.66
ISL,Iceland,Europe & Central Asia,1975,2.65
ISL,Iceland,Europe & Central Asia,1976,2.52
ISL,Iceland,Europe & Central Asia,1977,2.31
ISL,Iceland,Europe & Central Asia,1978,2.35
ISL,Iceland,Europe & Central Asia,1979,2.49
ISL,Iceland,Europe & Central Asia,1980,2.48
ISL,Iceland,Europe & Central Asia,1981,2.33
ISL,Iceland,Europe & Central Asia,1982,2.27
ISL,Iceland,Europe & Central Asia,1983,2.24
ISL,Iceland,Europe & Central Asia,1984,2.08
ISL,Iceland,Europe & Central Asia,1985,1.93
ISL,Iceland,Europe & Central Asia,1986,1.92
ISL,Iceland,Europe & Central Asia,1987,2.06
ISL,Iceland,Europe & Central Asia,1988,2.26
ISL,Iceland,Europe & Central Asia,1989,2.19
ISL,Iceland,Europe & Central Asia,1990,2.3
ISL,Iceland,Europe & Central Asia,1991,2.18
ISL,Iceland,Europe & Central Asia,1992,2.21
ISL,Iceland,Europe & Central Asia,1993,2.22
ISL,Iceland,Europe & Central Asia,1994,2.14
ISL,Iceland,Europe & Central Asia,1995,2.08
ISL,Iceland,Europe & Central Asia,1996,2.12
ISL,Iceland,Europe & Central Asia,1997,2.04
ISL,Iceland,Europe & Central Asia,1998,2.05
ISL,Iceland,Europe & Central Asia,1999,1.99
ISL,Iceland,Europe & Central Asia,2000,2.08
ISL,Iceland,Europe & Central Asia,2001,1.95
ISL,Iceland,Europe & Central Asia,2002,1.93
ISL,Iceland,Europe & Central Asia,2003,1.99
ISL,Iceland,Europe & Central Asia,2004,2.04
ISL,Iceland,Europe & Central Asia,2005,2.05
ISL,Iceland,Europe & Central Asia,2006,2.08
ISL,Iceland,Europe & Central Asia,2007,2.09
ISL,Iceland,Europe & Central Asia,2008,2.15
ISL,Iceland,Europe & Central Asia,2009,2.23
ISL,Iceland,Europe & Central Asia,2010,2.2
ISL,Iceland,Europe & Central Asia,2011,2.02
ISL,Iceland,Europe & Central Asia,2012,2.04
ISL,Iceland,Europe & Central Asia,2013,1.93
ISL,Iceland,Europe & Central Asia,2014,1.93
ISL,Iceland,Europe & Central Asia,2015,1.8
ISL,Iceland,Europe & Central Asia,2016,1.74
ISL,Iceland,Europe & Central Asia,2017,1.71
ISL,Iceland,Europe & Central Asia,2018,1.71
ISL,Iceland,Europe & Central Asia,2019,1.74
ISL,Iceland,Europe & Central Asia,2020,1.72
ISL,Iceland,Europe & Central Asia,2021,1.82
ISL,Iceland,Europe & Central Asia,2022,1.589
ISL,Iceland,Europe & Central Asia,2023,1.55
ISL,Iceland,Europe & Central Asia,2024,1.56
ISR,Israel,Middle East & North Africa,1960,3.866
ISR,Israel,Middle East & North Africa,1961,3.858
ISR,Israel,Middle East & North Africa,1962,3.85
ISR,Israel,Middle East & North Africa,1963,3.838
ISR,Israel,Middle East & North Africa,1964,3.826
ISR,Israel,Middle East & North Africa,1965,3.814
ISR,Israel,Middle East & North Africa,1966,3.802
ISR,Israel,Middle East & North Africa,1967,3.79
ISR,Israel,Middle East & North Africa,1968,3.786
ISR,Israel,Middle East & North Africa,1969,3.782
ISR,Israel,Middle East & North Africa,1970,3.778
ISR,Israel,Middle East & North Africa,1971,3.774
ISR,Israel,Middle East & North Africa,1972,3.77
ISR,Israel,Middle East & North Africa,1973,3.698
ISR,Israel,Middle East & North Africa,1974,3.626
ISR,Israel,Middle East & North Africa,1975,3.554
ISR,Israel,Middle East & North Africa,1976,3.482
ISR,Israel,Middle East & North Africa,1977,3.41
ISR,Israel,Middle East & North Africa,1978,3.354
ISR,Israel,Middle East & North Africa,1979,3.298
ISR,Israel,Middle East & North Africa,1980,3.242
ISR,Israel,Middle East & North Africa,1981,3.186
ISR,Israel,Middle East & North Africa,1982,3.13
ISR,Israel,Middle East & North Africa,1983,3.106
ISR,Israel,Middle East & North Africa,1984,3.082
ISR,Israel,Middle East & North Africa,1985,3.058
ISR,Israel,Middle East & North Africa,1986,3.034
ISR,Israel,Middle East & North Africa,1987,3.01
ISR,Israel,Middle East & North Africa,1988,2.948
ISR,Israel,Middle East & North Africa,1989,2.886
ISR,Israel,Middle East & North Africa,1990,2.824
ISR,Israel,Middle East & North Africa,1991,2.762
ISR,Israel,Middle East & North Africa,1992,2.7
ISR,Israel,Middle East & North Africa,1993,2.8
ISR,Israel,Middle East & North Africa,1994,2.9
ISR,Israel,Middle East & North Africa,1995,2.9
ISR,Israel,Middle East & North Africa,1996,2.9
ISR,Israel,Middle East & North Africa,1997,2.94
ISR,Israel,Middle East & North Africa,1998,2.98
ISR,Israel,Middle East & North Africa,1999,2.965
ISR,Israel,Middle East & North Africa,2000,2.95
ISR,Israel,Middle East & North Africa,2001,2.92
ISR,Israel,Middle East & North Africa,2002,2.89
ISR,Israel,Middle East & North Africa,2003,2.95
ISR,Israel,Middle East & North Africa,2004,2.9
ISR,Israel,Middle East & North Africa,2005,2.84
ISR,Israel,Middle East & North Africa,2006,2.88
ISR,Israel,Middle East & North Africa,2007,2.9
ISR,Israel,Middle East & North Africa,2008,2.96
ISR,Israel,Middle East & North Africa,2009,2.96
ISR,Israel,Middle East & North Africa,2010,3.03
ISR,Israel,Middle East & North Africa,2011,2.98
ISR,Israel,Middle East & North Africa,2012,3.05
ISR,Israel,Middle East & North Africa,2013,3.03
ISR,Israel,Middle East & North Africa,2014,3.08
ISR,Israel,Middle East & North Africa,2015,3.09
ISR,Israel,Middle East & North Africa,2016,3.11
ISR,Israel,Middle East & North Africa,2017,3.11
ISR,Israel,Middle East & North Africa,2018,3.09
ISR,Israel,Middle East & North Africa,2019,3.01
ISR,Israel,Middle East & North Africa,2020,2.9
ISR,Israel,Middle East & North Africa,2021,3.0
ISR,Israel,Middle East & North Africa,2022,2.89
ISR,Israel,Middle East & North Africa,2023,2.85
ISR,Israel,Middle East & North Africa,2024,2.87
ITA,Italy,Europe & Central Asia,1960,2.4
ITA,Italy,Europe & Central Asia,1961,2.44
ITA,Italy,Europe & Central Asia,1962,2.46
ITA,Italy,Europe & Central Asia,1963,2.51
ITA,Italy,Europe & Central Asia,1964,2.66
ITA,Italy,Europe & Central Asia,1965,2.6
ITA,Italy,Europe & Central Asia,1966,2.58
ITA,Italy,Europe & Central Asia,1967,2.5
ITA,Italy,Europe & Central Asia,1968,2.46
ITA,Italy,Europe & Central Asia,1969,2.47
ITA,Italy,Europe & Central Asia,1970,2.38
ITA,Italy,Europe & Central Asia,1971,2.4
ITA,Italy,Europe & Central Asia,1972,2.35
ITA,Italy,Europe & Central Asia,1973,2.3
ITA,Italy,Europe & Central Asia,1974,2.28
ITA,Italy,Europe & Central Asia,1975,2.17
ITA,Italy,Europe & Central Asia,1976,2.04
ITA,Italy,Europe & Central Asia,1977,1.93
ITA,Italy,Europe & Central Asia,1978,1.84
ITA,Italy,Europe & Central Asia,1979,1.73
ITA,Italy,Europe & Central Asia,1980,1.64
ITA,Italy,Europe & Central Asia,1981,1.58
ITA,Italy,Europe & Central Asia,1982,1.56
ITA,Italy,Europe & Central Asia,1983,1.51
ITA,Italy,Europe & Central Asia,1984,1.46
ITA,Italy,Europe & Central Asia,1985,1.42
ITA,Italy,Europe & Central Asia,1986,1.35
ITA,Italy,Europe & Central Asia,1987,1.33
ITA,Italy,Europe & Central Asia,1988,1.36
ITA,Italy,Europe & Central Asia,1989,1.33
ITA,Italy,Europe & Central Asia,1990,1.33
ITA,Italy,Europe & Central Asia,1991,1.3
ITA,Italy,Europe & Central Asia,1992,1.3
ITA,Italy,Europe & Central Asia,1993,1.25
ITA,Italy,Europe & Central Asia,1994,1.21
ITA,Italy,Europe & Central Asia,1995,1.19
ITA,Italy,Europe & Central Asia,1996,1.2
ITA,Italy,Europe & Central Asia,1997,1.22
ITA,Italy,Europe & Central Asia,1998,1.22
ITA,Italy,Europe & Central Asia,1999,1.23
ITA,Italy,Europe & Central Asia,2000,1.26
ITA,Italy,Europe & Central Asia,2001,1.25
ITA,Italy,Europe & Central Asia,2002,1.27
ITA,Italy,Europe & Central Asia,2003,1.29
ITA,Italy,Europe & Central Asia,2004,1.34
ITA,Italy,Europe & Central Asia,2005,1.33
ITA,Italy,Europe & Central Asia,2006,1.37
ITA,Italy,Europe & Central Asia,2007,1.39
ITA,Italy,Europe & Central Asia,2008,1.44
ITA,Italy,Europe & Central Asia,2009,1.44
ITA,Italy,Europe & Central Asia,2010,1.44
ITA,Italy,Europe & Central Asia,2011,1.42
ITA,Italy,Europe & Central Asia,2012,1.42
ITA,Italy,Europe & Central Asia,2013,1.39
ITA,Italy,Europe & Central Asia,2014,1.38
ITA,Italy,Europe & Central Asia,2015,1.36
ITA,Italy,Europe & Central Asia,2016,1.36
ITA,Italy,Europe & Central Asia,2017,1.34
ITA,Italy,Europe & Central Asia,2018,1.31
ITA,Italy,Europe & Central Asia,2019,1.27
ITA,Italy,Europe & Central Asia,2020,1.24
ITA,Italy,Europe & Central Asia,2021,1.25
ITA,Italy,Europe & Central Asia,2022,1.24
ITA,Italy,Europe & Central Asia,2023,1.21
ITA,Italy,Europe & Central Asia,2024,1.18
JAM,Jamaica,Latin America & Caribbean,1960,5.538
JAM,Jamaica,Latin America & Caribbean,1961,5.597
JAM,Jamaica,Latin America & Caribbean,1962,5.635
JAM,Jamaica,Latin America & Caribbean,1963,5.731
JAM,Jamaica,Latin America & Caribbean,1964,5.79
JAM,Jamaica,Latin America & Caribbean,1965,5.719
JAM,Jamaica,Latin America & Caribbean,1966,5.692
JAM,Jamaica,Latin America & Caribbean,1967,5.668
JAM,Jamaica,Latin America & Caribbean,1968,5.576
JAM,Jamaica,Latin America & Caribbean,1969,5.468
JAM,Jamaica,Latin America & Caribbean,1970,5.349
JAM,Jamaica,Latin America & Caribbean,1971,5.212
JAM,Jamaica,Latin America & Caribbean,1972,5.06
JAM,Jamaica,Latin America & Caribbean,1973,4.995
JAM,Jamaica,Latin America & Caribbean,1974,4.665
JAM,Jamaica,Latin America & Caribbean,1975,4.436
JAM,Jamaica,Latin America & Caribbean,1976,4.213
JAM,Jamaica,Latin America & Caribbean,1977,4.004
JAM,Jamaica,Latin America & Caribbean,1978,3.838
JAM,Jamaica,Latin America & Caribbean,1979,3.719
JAM,Jamaica,Latin America & Caribbean,1980,3.588
JAM,Jamaica,Latin America & Caribbean,1981,3.51
JAM,Jamaica,Latin America & Caribbean,1982,3.458
JAM,Jamaica,Latin America & Caribbean,1983,3.411
JAM,Jamaica,Latin America & Caribbean,1984,3.324
JAM,Jamaica,Latin America & Caribbean,1985,3.212
JAM,Jamaica,Latin America & Caribbean,1986,3.106
JAM,Jamaica,Latin America & Caribbean,1987,3.024
JAM,Jamaica,Latin America & Caribbean,1988,2.982
JAM,Jamaica,Latin America & Caribbean,1989,2.93
JAM,Jamaica,Latin America & Caribbean,1990,2.955
JAM,Jamaica,Latin America & Caribbean,1991,2.997
JAM,Jamaica,Latin America & Caribbean,1992,3.026
JAM,Jamaica,Latin America & Caribbean,1993,2.987
JAM,Jamaica,Latin America & Caribbean,1994,2.93
JAM,Jamaica,Latin America & Caribbean,1995,2.851
JAM,Jamaica,Latin America & Caribbean,1996,2.77
JAM,Jamaica,Latin America & Caribbean,1997,2.677
JAM,Jamaica,Latin America & Caribbean,1998,2.574
JAM,Jamaica,Latin America & Caribbean,1999,2.465
JAM,Jamaica,Latin America & Caribbean,2000,2.345
JAM,Jamaica,Latin America & Caribbean,2001,2.296
JAM,Jamaica,Latin America & Caribbean,2002,2.271
JAM,Jamaica,Latin America & Caribbean,2003,2.244
JAM,Jamaica,Latin America & Caribbean,2004,2.198
JAM,Jamaica,Latin America & Caribbean,2005,2.148
JAM,Jamaica,Latin America & Caribbean,2006,2.089
JAM,Jamaica,Latin America & Caribbean,2007,2.023
JAM,Jamaica,Latin America & Caribbean,2008,1.953
JAM,Jamaica,Latin America & Caribbean,2009,1.879
JAM,Jamaica,Latin America & Caribbean,2010,1.799
JAM,Jamaica,Latin America & Caribbean,2011,1.717
JAM,Jamaica,Latin America & Caribbean,2012,1.648
JAM,Jamaica,Latin America & Caribbean,2013,1.591
JAM,Jamaica,Latin America & Caribbean,2014,1.544
JAM,Jamaica,Latin America & Caribbean,2015,1.508
JAM,Jamaica,Latin America & Caribbean,2016,1.464
JAM,Jamaica,Latin America & Caribbean,2017,1.428
JAM,Jamaica,Latin America & Caribbean,2018,1.4
JAM,Jamaica,Latin America & Caribbean,2019,1.39
JAM,Jamaica,Latin America & Caribbean,2020,1.383
JAM,Jamaica,Latin America & Caribbean,2021,1.378
JAM,Jamaica,Latin America & Caribbean,2022,1.372
JAM,Jamaica,Latin America & Caribbean,2023,1.358
JAM,Jamaica,Latin America & Caribbean,2024,1.351
JOR,Jordan,Middle East & North Africa,1960,7.599
JOR,Jordan,Middle East & North Africa,1961,7.699
JOR,Jordan,Middle East & North Africa,1962,7.785
JOR,Jordan,Middle East & North Africa,1963,7.854
JOR,Jordan,Middle East & North Africa,1964,7.913
JOR,Jordan,Middle East & North Africa,1965,7.932
JOR,Jordan,Middle East & North Africa,1966,7.992
JOR,Jordan,Middle East & North Africa,1967,8.059
JOR,Jordan,Middle East & North Africa,1968,8.135
JOR,Jordan,Middle East & North Africa,1969,8.192
JOR,Jordan,Middle East & North Africa,1970,8.181
JOR,Jordan,Middle East & North Africa,1971,8.15
JOR,Jordan,Middle East & North Africa,1972,8.117
JOR,Jordan,Middle East & North Africa,1973,8.062
JOR,Jordan,Middle East & North Africa,1974,7.997
JOR,Jordan,Middle East & North Africa,1975,7.925
JOR,Jordan,Middle East & North Africa,1976,7.832
JOR,Jordan,Middle East & North Africa,1977,7.723
JOR,Jordan,Middle East & North Africa,1978,7.594
JOR,Jordan,Middle East & North Africa,1979,7.448
JOR,Jordan,Middle East & North Africa,1980,7.287
JOR,Jordan,Middle East & North Africa,1981,7.121
JOR,Jordan,Middle East & North Africa,1982,6.959
JOR,Jordan,Middle East & North Africa,1983,6.812
JOR,Jordan,Middle East & North Africa,1984,6.671
JOR,Jordan,Middle East & North Africa,1985,6.534
JOR,Jordan,Middle East & North Africa,1986,6.387
JOR,Jordan,Middle East & North Africa,1987,6.196
JOR,Jordan,Middle East & North Africa,1988,6.011
JOR,Jordan,Middle East & North Africa,1989,5.798
JOR,Jordan,Middle East & North Africa,1990,5.544
JOR,Jordan,Middle East & North Africa,1991,5.33
JOR,Jordan,Middle East & North Africa,1992,5.137
JOR,Jordan,Middle East & North Africa,1993,4.972
JOR,Jordan,Middle East & North Africa,1994,4.819
JOR,Jordan,Middle East & North Africa,1995,4.676
JOR,Jordan,Middle East & North Africa,1996,4.508
JOR,Jordan,Middle East & North Africa,1997,4.318
JOR,Jordan,Middle East & North Africa,1998,4.112
JOR,Jordan,Middle East & North Africa,1999,3.971
JOR,Jordan,Middle East & North Africa,2000,3.864
JOR,Jordan,Middle East & North Africa,2001,3.803
JOR,Jordan,Middle East & North Africa,2002,3.805
JOR,Jordan,Middle East & North Africa,2003,3.816
JOR,Jordan,Middle East & North Africa,2004,3.729
JOR,Jordan,Middle East & North Africa,2005,3.653
JOR,Jordan,Middle East & North Africa,2006,3.711
JOR,Jordan,Middle East & North Africa,2007,3.797
JOR,Jordan,Middle East & North Africa,2008,3.876
JOR,Jordan,Middle East & North Africa,2009,3.841
JOR,Jordan,Middle East & North Africa,2010,3.78
JOR,Jordan,Middle East & North Africa,2011,3.69
JOR,Jordan,Middle East & North Africa,2012,3.568
JOR,Jordan,Middle East & North Africa,2013,3.449
JOR,Jordan,Middle East & North Africa,2014,3.302
JOR,Jordan,Middle East & North Africa,2015,3.141
JOR,Jordan,Middle East & North Africa,2016,3.072
JOR,Jordan,Middle East & North Africa,2017,2.994
JOR,Jordan,Middle East & North Africa,2018,2.923
JOR,Jordan,Middle East & North Africa,2019,2.855
JOR,Jordan,Middle East & North Africa,2020,2.791
JOR,Jordan,Middle East & North Africa,2021,2.735
JOR,Jordan,Middle East & North Africa,2022,2.679
JOR,Jordan,Middle East & North Africa,2023,2.639
JOR,Jordan,Middle East & North Africa,2024,2.604
JPN,Japan,East Asia & Pacific,1960,2.0
JPN,Japan,East Asia & Pacific,1961,1.96
JPN,Japan,East Asia & Pacific,1962,1.98
JPN,Japan,East Asia & Pacific,1963,2.0
JPN,Japan,East Asia & Pacific,1964,2.05
JPN,Japan,East Asia & Pacific,1965,2.14
JPN,Japan,East Asia & Pacific,1966,1.58
JPN,Japan,East Asia & Pacific,1967,2.23
JPN,Japan,East Asia & Pacific,1968,2.13
JPN,Japan,East Asia & Pacific,1969,2.13
JPN,Japan,East Asia & Pacific,1970,2.13
JPN,Japan,East Asia & Pacific,1971,2.16
JPN,Japan,East Asia & Pacific,1972,2.14
JPN,Japan,East Asia & Pacific,1973,2.14
JPN,Japan,East Asia & Pacific,1974,2.05
JPN,Japan,East Asia & Pacific,1975,1.91
JPN,Japan,East Asia & Pacific,1976,1.85
JPN,Japan,East Asia & Pacific,1977,1.8
JPN,Japan,East Asia & Pacific,1978,1.79
JPN,Japan,East Asia & Pacific,1979,1.77
JPN,Japan,East Asia & Pacific,1980,1.75
JPN,Japan,East Asia & Pacific,1981,1.74
JPN,Japan,East Asia & Pacific,1982,1.77
JPN,Japan,East Asia & Pacific,1983,1.8
JPN,Japan,East Asia & Pacific,1984,1.81
JPN,Japan,East Asia & Pacific,1985,1.76
JPN,Japan,East Asia & Pacific,1986,1.72
JPN,Japan,East Asia & Pacific,1987,1.69
JPN,Japan,East Asia & Pacific,1988,1.66
JPN,Japan,East Asia & Pacific,1989,1.57
JPN,Japan,East Asia & Pacific,1990,1.54
JPN,Japan,East Asia & Pacific,1991,1.53
JPN,Japan,East Asia & Pacific,1992,1.5
JPN,Japan,East Asia & Pacific,1993,1.46
JPN,Japan,East Asia & Pacific,1994,1.5
JPN,Japan,East Asia & Pacific,1995,1.42
JPN,Japan,East Asia & Pacific,1996,1.43
JPN,Japan,East Asia & Pacific,1997,1.39
JPN,Japan,East Asia & Pacific,1998,1.38
JPN,Japan,East Asia & Pacific,1999,1.34
JPN,Japan,East Asia & Pacific,2000,1.36
JPN,Japan,East Asia & Pacific,2001,1.33
JPN,Japan,East Asia & Pacific,2002,1.32
JPN,Japan,East Asia & Pacific,2003,1.29
JPN,Japan,East Asia & Pacific,2004,1.29
JPN,Japan,East Asia & Pacific,2005,1.26
JPN,Japan,East Asia & Pacific,2006,1.32
JPN,Japan,East Asia & Pacific,2007,1.34
JPN,Japan,East Asia & Pacific,2008,1.37
JPN,Japan,East Asia & Pacific,2009,1.37
JPN,Japan,East Asia & Pacific,2010,1.39
JPN,Japan,East Asia & Pacific,2011,1.39
JPN,Japan,East Asia & Pacific,2012,1.41
JPN,Japan,East Asia & Pacific,2013,1.43
JPN,Japan,East Asia & Pacific,2014,1.42
JPN,Japan,East Asia & Pacific,2015,1.45
JPN,Japan,East Asia & Pacific,2016,1.44
JPN,Japan,East Asia & Pacific,2017,1.43
JPN,Japan,East Asia & Pacific,2018,1.42
JPN,Japan,East Asia & Pacific,2019,1.36
JPN,Japan,East Asia & Pacific,2020,1.33
JPN,Japan,East Asia & Pacific,2021,1.3
JPN,Japan,East Asia & Pacific,2022,1.26
JPN,Japan,East Asia & Pacific,2023,1.2
JPN,Japan,East Asia & Pacific,2024,1.15
KAZ,Kazakhstan,Europe & Central Asia,1960,4.495
KAZ,Kazakhstan,Europe & Central Asia,1961,4.424
KAZ,Kazakhstan,Europe & Central Asia,1962,4.357
KAZ,Kazakhstan,Europe & Central Asia,1963,4.264
KAZ,Kazakhstan,Europe & Central Asia,1964,4.071
KAZ,Kazakhstan,Europe & Central Asia,1965,3.881
KAZ,Kazakhstan,Europe & Central Asia,1966,3.819
KAZ,Kazakhstan,Europe & Central Asia,1967,3.769
KAZ,Kazakhstan,Europe & Central Asia,1968,3.629
KAZ,Kazakhstan,Europe & Central Asia,1969,3.509
KAZ,Kazakhstan,Europe & Central Asia,1970,3.505
KAZ,Kazakhstan,Europe & Central Asia,1971,3.534
KAZ,Kazakhstan,Europe & Central Asia,1972,3.553
KAZ,Kazakhstan,Europe & Central Asia,1973,3.508
KAZ,Kazakhstan,Europe & Central Asia,1974,3.453
KAZ,Kazakhstan,Europe & Central Asia,1975,3.398
KAZ,Kazakhstan,Europe & Central Asia,1976,3.332
KAZ,Kazakhstan,Europe & Central Asia,1977,3.257
KAZ,Kazakhstan,Europe & Central Asia,1978,3.156
KAZ,Kazakhstan,Europe & Central Asia,1979,3.137
KAZ,Kazakhstan,Europe & Central Asia,1980,3.092
KAZ,Kazakhstan,Europe & Central Asia,1981,3.052
KAZ,Kazakhstan,Europe & Central Asia,1982,3.02
KAZ,Kazakhstan,Europe & Central Asia,1983,3.068
KAZ,Kazakhstan,Europe & Central Asia,1984,3.146
KAZ,Kazakhstan,Europe & Central Asia,1985,3.208
KAZ,Kazakhstan,Europe & Central Asia,1986,3.189
KAZ,Kazakhstan,Europe & Central Asia,1987,3.122
KAZ,Kazakhstan,Europe & Central Asia,1988,3.001
KAZ,Kazakhstan,Europe & Central Asia,1989,2.866
KAZ,Kazakhstan,Europe & Central Asia,1990,2.745
KAZ,Kazakhstan,Europe & Central Asia,1991,2.677
KAZ,Kazakhstan,Europe & Central Asia,1992,2.584
KAZ,Kazakhstan,Europe & Central Asia,1993,2.483
KAZ,Kazakhstan,Europe & Central Asia,1994,2.378
KAZ,Kazakhstan,Europe & Central Asia,1995,2.253
KAZ,Kazakhstan,Europe & Central Asia,1996,2.084
KAZ,Kazakhstan,Europe & Central Asia,1997,1.97
KAZ,Kazakhstan,Europe & Central Asia,1998,1.938
KAZ,Kazakhstan,Europe & Central Asia,1999,1.902
KAZ,Kazakhstan,Europe & Central Asia,2000,1.898
KAZ,Kazakhstan,Europe & Central Asia,2001,1.906
KAZ,Kazakhstan,Europe & Central Asia,2002,1.956
KAZ,Kazakhstan,Europe & Central Asia,2003,2.075
KAZ,Kazakhstan,Europe & Central Asia,2004,2.201
KAZ,Kazakhstan,Europe & Central Asia,2005,2.274
KAZ,Kazakhstan,Europe & Central Asia,2006,2.38
KAZ,Kazakhstan,Europe & Central Asia,2007,2.49
KAZ,Kazakhstan,Europe & Central Asia,2008,2.616
KAZ,Kazakhstan,Europe & Central Asia,2009,2.58
KAZ,Kazakhstan,Europe & Central Asia,2010,2.61
KAZ,Kazakhstan,Europe & Central Asia,2011,2.605
KAZ,Kazakhstan,Europe & Central Asia,2012,2.64
KAZ,Kazakhstan,Europe & Central Asia,2013,2.67
KAZ,Kazakhstan,Europe & Central Asia,2014,2.76
KAZ,Kazakhstan,Europe & Central Asia,2015,2.755
KAZ,Kazakhstan,Europe & Central Asia,2016,2.795
KAZ,Kazakhstan,Europe & Central Asia,2017,2.745
KAZ,Kazakhstan,Europe & Central Asia,2018,2.845
KAZ,Kazakhstan,Europe & Central Asia,2019,2.89
KAZ,Kazakhstan,Europe & Central Asia,2020,3.13
KAZ,Kazakhstan,Europe & Central Asia,2021,3.32
KAZ,Kazakhstan,Europe & Central Asia,2022,3.05
KAZ,Kazakhstan,Europe & Central Asia,2023,3.012
KAZ,Kazakhstan,Europe & Central Asia,2024,2.984
KEN,Kenya,Sub-Saharan Africa,1960,7.651
KEN,Kenya,Sub-Saharan Africa,1961,7.715
KEN,Kenya,Sub-Saharan Africa,1962,7.769
KEN,Kenya,Sub-Saharan Africa,1963,7.817
KEN,Kenya,Sub-Saharan Africa,1964,7.869
KEN,Kenya,Sub-Saharan Africa,1965,7.923
KEN,Kenya,Sub-Saharan Africa,1966,7.955
KEN,Kenya,Sub-Saharan Africa,1967,7.953
KEN,Kenya,Sub-Saharan Africa,1968,7.948
KEN,Kenya,Sub-Saharan Africa,1969,7.947
KEN,Kenya,Sub-Saharan Africa,1970,7.943
KEN,Kenya,Sub-Saharan Africa,1971,7.922
KEN,Kenya,Sub-Saharan Africa,1972,7.894
KEN,Kenya,Sub-Saharan Africa,1973,7.86
KEN,Kenya,Sub-Saharan Africa,1974,7.822
KEN,Kenya,Sub-Saharan Africa,1975,7.795
KEN,Kenya,Sub-Saharan Africa,1976,7.767
KEN,Kenya,Sub-Saharan Africa,1977,7.729
KEN,Kenya,Sub-Saharan Africa,1978,7.666
KEN,Kenya,Sub-Saharan Africa,1979,7.598
KEN,Kenya,Sub-Saharan Africa,1980,7.531
KEN,Kenya,Sub-Saharan Africa,1981,7.454
KEN,Kenya,Sub-Saharan Africa,1982,7.345
KEN,Kenya,Sub-Saharan Africa,1983,7.218
KEN,Kenya,Sub-Saharan Africa,1984,7.083
KEN,Kenya,Sub-Saharan Africa,1985,6.96
KEN,Kenya,Sub-Saharan Africa,1986,6.84
KEN,Kenya,Sub-Saharan Africa,1987,6.686
KEN,Kenya,Sub-Saharan Africa,1988,6.515
KEN,Kenya,Sub-Saharan Africa,1989,6.332
KEN,Kenya,Sub-Saharan Africa,1990,6.135
KEN,Kenya,Sub-Saharan Africa,1991,5.94
KEN,Kenya,Sub-Saharan Africa,1992,5.74
KEN,Kenya,Sub-Saharan Africa,1993,5.569
KEN,Kenya,Sub-Saharan Africa,1994,5.438
KEN,Kenya,Sub-Saharan Africa,1995,5.372
KEN,Kenya,Sub-Saharan Africa,1996,5.307
KEN,Kenya,Sub-Saharan Africa,1997,5.268
KEN,Kenya,Sub-Saharan Africa,1998,5.244
KEN,Kenya,Sub-Saharan Africa,1999,5.177
KEN,Kenya,Sub-Saharan Africa,2000,5.136
KEN,Kenya,Sub-Saharan Africa,2001,5.094
KEN,Kenya,Sub-Saharan Africa,2002,5.027
KEN,Kenya,Sub-Saharan Africa,2003,4.937
KEN,Kenya,Sub-Saharan Africa,2004,4.861
KEN,Kenya,Sub-Saharan Africa,2005,4.801
KEN,Kenya,Sub-Saharan Africa,2006,4.754
KEN,Kenya,Sub-Saharan Africa,2007,4.718
KEN,Kenya,Sub-Saharan Africa,2008,4.66
KEN,Kenya,Sub-Saharan Africa,2009,4.567
KEN,Kenya,Sub-Saharan Africa,2010,4.446
KEN,Kenya,Sub-Saharan Africa,2011,4.284
KEN,Kenya,Sub-Saharan Africa,2012,4.116
KEN,Kenya,Sub-Saharan Africa,2013,3.955
KEN,Kenya,Sub-Saharan Africa,2014,3.843
KEN,Kenya,Sub-Saharan Africa,2015,3.766
KEN,Kenya,Sub-Saharan Africa,2016,3.689
KEN,Kenya,Sub-Saharan Africa,2017,3.609
KEN,Kenya,Sub-Saharan Africa,2018,3.536
KEN,Kenya,Sub-Saharan Africa,2019,3.433
KEN,Kenya,Sub-Saharan Africa,2020,3.364
KEN,Kenya,Sub-Saharan Africa,2021,3.312
KEN,Kenya,Sub-Saharan Africa,2022,3.262
KEN,Kenya,Sub-Saharan Africa,2023,3.208
KEN,Kenya,Sub-Saharan Africa,2024,3.167
KGZ,Kyrgyz Republic,Europe & Central Asia,1960,5.309
KGZ,Kyrgyz Republic,Europe & Central Asia,1961,5.364
KGZ,Kyrgyz Republic,Europe & Central Asia,1962,5.421
KGZ,Kyrgyz Republic,Europe & Central Asia,1963,5.479
KGZ,Kyrgyz Republic,Europe & Central Asia,1964,5.433
KGZ,Kyrgyz Republic,Europe & Central Asia,1965,5.375
KGZ,Kyrgyz Republic,Europe & Central Asia,1966,5.321
KGZ,Kyrgyz Republic,Europe & Central Asia,1967,5.255
KGZ,Kyrgyz Republic,Europe & Central Asia,1968,5.182
KGZ,Kyrgyz Republic,Europe & Central Asia,1969,5.183
KGZ,Kyrgyz Republic,Europe & Central Asia,1970,5.203
KGZ,Kyrgyz Republic,Europe & Central Asia,1971,5.181
KGZ,Kyrgyz Republic,Europe & Central Asia,1972,5.137
KGZ,Kyrgyz Republic,Europe & Central Asia,1973,5.024
KGZ,Kyrgyz Republic,Europe & Central Asia,1974,4.891
KGZ,Kyrgyz Republic,Europe & Central Asia,1975,4.764
KGZ,Kyrgyz Republic,Europe & Central Asia,1976,4.676
KGZ,Kyrgyz Republic,Europe & Central Asia,1977,4.593
KGZ,Kyrgyz Republic,Europe & Central Asia,1978,4.526
KGZ,Kyrgyz Republic,Europe & Central Asia,1979,4.377
KGZ,Kyrgyz Republic,Europe & Central Asia,1980,4.225
KGZ,Kyrgyz Republic,Europe & Central Asia,1981,4.188
KGZ,Kyrgyz Republic,Europe & Central Asia,1982,4.198
KGZ,Kyrgyz Republic,Europe & Central Asia,1983,4.165
KGZ,Kyrgyz Republic,Europe & Central Asia,1984,4.198
KGZ,Kyrgyz Republic,Europe & Central Asia,1985,4.203
KGZ,Kyrgyz Republic,Europe & Central Asia,1986,4.221
KGZ,Kyrgyz Republic,Europe & Central Asia,1987,4.163
KGZ,Kyrgyz Republic,Europe & Central Asia,1988,4.031
KGZ,Kyrgyz Republic,Europe & Central Asia,1989,3.875
KGZ,Kyrgyz Republic,Europe & Central Asia,1990,3.63
KGZ,Kyrgyz Republic,Europe & Central Asia,1991,3.58
KGZ,Kyrgyz Republic,Europe & Central Asia,1992,3.52
KGZ,Kyrgyz Republic,Europe & Central Asia,1993,3.2
KGZ,Kyrgyz Republic,Europe & Central Asia,1994,2.9
KGZ,Kyrgyz Republic,Europe & Central Asia,1995,3.1
KGZ,Kyrgyz Republic,Europe & Central Asia,1996,2.8
KGZ,Kyrgyz Republic,Europe & Central Asia,1997,2.6
KGZ,Kyrgyz Republic,Europe & Central Asia,1998,2.7
KGZ,Kyrgyz Republic,Europe & Central Asia,1999,2.6
KGZ,Kyrgyz Republic,Europe & Central Asia,2000,2.4
KGZ,Kyrgyz Republic,Europe & Central Asia,2001,2.4
KGZ,Kyrgyz Republic,Europe & Central Asia,2002,2.4
KGZ,Kyrgyz Republic,Europe & Central Asia,2003,2.5
KGZ,Kyrgyz Republic,Europe & Central Asia,2004,2.6
KGZ,Kyrgyz Republic,Europe & Central Asia,2005,2.5
KGZ,Kyrgyz Republic,Europe & Central Asia,2006,2.7
KGZ,Kyrgyz Republic,Europe & Central Asia,2007,2.7
KGZ,Kyrgyz Republic,Europe & Central Asia,2008,2.8
KGZ,Kyrgyz Republic,Europe & Central Asia,2009,2.9
KGZ,Kyrgyz Republic,Europe & Central Asia,2010,3.1
KGZ,Kyrgyz Republic,Europe & Central Asia,2011,3.1
KGZ,Kyrgyz Republic,Europe & Central Asia,2012,3.2
KGZ,Kyrgyz Republic,Europe & Central Asia,2013,3.1
KGZ,Kyrgyz Republic,Europe & Central Asia,2014,3.2
KGZ,Kyrgyz Republic,Europe & Central Asia,2015,3.2
KGZ,Kyrgyz Republic,Europe & Central Asia,2016,3.1
KGZ,Kyrgyz Republic,Europe & Central Asia,2017,3.0
KGZ,Kyrgyz Republic,Europe & Central Asia,2018,3.3
KGZ,Kyrgyz Republic,Europe & Central Asia,2019,3.3
KGZ,Kyrgyz Republic,Europe & Central Asia,2020,3.1
KGZ,Kyrgyz Republic,Europe & Central Asia,2021,2.89
KGZ,Kyrgyz Republic,Europe & Central Asia,2022,2.8
KGZ,Kyrgyz Republic,Europe & Central Asia,2023,2.7
KGZ,Kyrgyz Republic,Europe & Central Asia,2024,2.6
KHM,Cambodia,East Asia & Pacific,1960,6.313
KHM,Cambodia,East Asia & Pacific,1961,6.302
KHM,Cambodia,East Asia & Pacific,1962,6.301
KHM,Cambodia,East Asia & Pacific,1963,6.292
KHM,Cambodia,East Asia & Pacific,1964,6.288
KHM,Cambodia,East Asia & Pacific,1965,6.267
KHM,Cambodia,East Asia & Pacific,1966,6.237
KHM,Cambodia,East Asia & Pacific,1967,6.201
KHM,Cambodia,East Asia & Pacific,1968,6.165
KHM,Cambodia,East Asia & Pacific,1969,6.124
KHM,Cambodia,East Asia & Pacific,1970,6.071
KHM,Cambodia,East Asia & Pacific,1971,6.007
KHM,Cambodia,East Asia & Pacific,1972,5.943
KHM,Cambodia,East Asia & Pacific,1973,5.559
KHM,Cambodia,East Asia & Pacific,1974,4.797
KHM,Cambodia,East Asia & Pacific,1975,4.103
KHM,Cambodia,East Asia & Pacific,1976,3.409
KHM,Cambodia,East Asia & Pacific,1977,2.716
KHM,Cambodia,East Asia & Pacific,1978,3.338
KHM,Cambodia,East Asia & Pacific,1979,4.556
KHM,Cambodia,East Asia & Pacific,1980,5.774
KHM,Cambodia,East Asia & Pacific,1981,6.042
KHM,Cambodia,East Asia & Pacific,1982,6.193
KHM,Cambodia,East Asia & Pacific,1983,6.296
KHM,Cambodia,East Asia & Pacific,1984,6.338
KHM,Cambodia,East Asia & Pacific,1985,6.313
KHM,Cambodia,East Asia & Pacific,1986,6.226
KHM,Cambodia,East Asia & Pacific,1987,6.097
KHM,Cambodia,East Asia & Pacific,1988,5.944
KHM,Cambodia,East Asia & Pacific,1989,5.681
KHM,Cambodia,East Asia & Pacific,1990,5.642
KHM,Cambodia,East Asia & Pacific,1991,5.588
KHM,Cambodia,East Asia & Pacific,1992,5.486
KHM,Cambodia,East Asia & Pacific,1993,5.433
KHM,Cambodia,East Asia & Pacific,1994,5.281
KHM,Cambodia,East Asia & Pacific,1995,5.076
KHM,Cambodia,East Asia & Pacific,1996,4.867
KHM,Cambodia,East Asia & Pacific,1997,4.395
KHM,Cambodia,East Asia & Pacific,1998,4.13
KHM,Cambodia,East Asia & Pacific,1999,3.933
KHM,Cambodia,East Asia & Pacific,2000,3.794
KHM,Cambodia,East Asia & Pacific,2001,3.687
KHM,Cambodia,East Asia & Pacific,2002,3.57
KHM,Cambodia,East Asia & Pacific,2003,3.429
KHM,Cambodia,East Asia & Pacific,2004,3.307
KHM,Cambodia,East Asia & Pacific,2005,3.238
KHM,Cambodia,East Asia & Pacific,2006,3.175
KHM,Cambodia,East Asia & Pacific,2007,3.13
KHM,Cambodia,East Asia & Pacific,2008,3.048
KHM,Cambodia,East Asia & Pacific,2009,2.971
KHM,Cambodia,East Asia & Pacific,2010,2.859
KHM,Cambodia,East Asia & Pacific,2011,2.782
KHM,Cambodia,East Asia & Pacific,2012,2.751
KHM,Cambodia,East Asia & Pacific,2013,2.742
KHM,Cambodia,East Asia & Pacific,2014,2.734
KHM,Cambodia,East Asia & Pacific,2015,2.729
KHM,Cambodia,East Asia & Pacific,2016,2.725
KHM,Cambodia,East Asia & Pacific,2017,2.719
KHM,Cambodia,East Asia & Pacific,2018,2.724
KHM,Cambodia,East Asia & Pacific,2019,2.725
KHM,Cambodia,East Asia & Pacific,2020,2.699
KHM,Cambodia,East Asia & Pacific,2021,2.664
KHM,Cambodia,East Asia & Pacific,2022,2.616
KHM,Cambodia,East Asia & Pacific,2023,2.579
KHM,Cambodia,East Asia & Pacific,2024,2.548
KIR,Kiribati,East Asia & Pacific,1960,6.441
KIR,Kiribati,East Asia & Pacific,1961,6.477
KIR,Kiribati,East Asia & Pacific,1962,6.415
KIR,Kiribati,East Asia & Pacific,1963,6.35
KIR,Kiribati,East Asia & Pacific,1964,6.289
KIR,Kiribati,East Asia & Pacific,1965,6.262
KIR,Kiribati,East Asia & Pacific,1966,6.225
KIR,Kiribati,East Asia & Pacific,1967,6.112
KIR,Kiribati,East Asia & Pacific,1968,5.984
KIR,Kiribati,East Asia & Pacific,1969,5.848
KIR,Kiribati,East Asia & Pacific,1970,5.706
KIR,Kiribati,East Asia & Pacific,1971,5.554
KIR,Kiribati,East Asia & Pacific,1972,5.374
KIR,Kiribati,East Asia & Pacific,1973,5.199
KIR,Kiribati,East Asia & Pacific,1974,5.094
KIR,Kiribati,East Asia & Pacific,1975,5.019
KIR,Kiribati,East Asia & Pacific,1976,4.964
KIR,Kiribati,East Asia & Pacific,1977,4.957
KIR,Kiribati,East Asia & Pacific,1978,4.969
KIR,Kiribati,East Asia & Pacific,1979,4.965
KIR,Kiribati,East Asia & Pacific,1980,4.964
KIR,Kiribati,East Asia & Pacific,1981,4.961
KIR,Kiribati,East Asia & Pacific,1982,4.952
KIR,Kiribati,East Asia & Pacific,1983,4.914
KIR,Kiribati,East Asia & Pacific,1984,4.91
KIR,Kiribati,East Asia & Pacific,1985,4.911
KIR,Kiribati,East Asia & Pacific,1986,4.871
KIR,Kiribati,East Asia & Pacific,1987,4.806
KIR,Kiribati,East Asia & Pacific,1988,4.733
KIR,Kiribati,East Asia & Pacific,1989,4.693
KIR,Kiribati,East Asia & Pacific,1990,4.668
KIR,Kiribati,East Asia & Pacific,1991,4.642
KIR,Kiribati,East Asia & Pacific,1992,4.568
KIR,Kiribati,East Asia & Pacific,1993,4.487
KIR,Kiribati,East Asia & Pacific,1994,4.442
KIR,Kiribati,East Asia & Pacific,1995,4.419
KIR,Kiribati,East Asia & Pacific,1996,4.425
KIR,Kiribati,East Asia & Pacific,1997,4.368
KIR,Kiribati,East Asia & Pacific,1998,4.29
KIR,Kiribati,East Asia & Pacific,1999,4.185
KIR,Kiribati,East Asia & Pacific,2000,4.071
KIR,Kiribati,East Asia & Pacific,2001,3.957
KIR,Kiribati,East Asia & Pacific,2002,3.814
KIR,Kiribati,East Asia & Pacific,2003,3.702
KIR,Kiribati,East Asia & Pacific,2004,3.734
KIR,Kiribati,East Asia & Pacific,2005,3.76
KIR,Kiribati,East Asia & Pacific,2006,3.815
KIR,Kiribati,East Asia & Pacific,2007,3.865
KIR,Kiribati,East Asia & Pacific,2008,3.899
KIR,Kiribati,East Asia & Pacific,2009,3.905
KIR,Kiribati,East Asia & Pacific,2010,3.898
KIR,Kiribati,East Asia & Pacific,2011,3.878
KIR,Kiribati,East Asia & Pacific,2012,3.768
KIR,Kiribati,East Asia & Pacific,2013,3.643
KIR,Kiribati,East Asia & Pacific,2014,3.521
KIR,Kiribati,East Asia & Pacific,2015,3.438
KIR,Kiribati,East Asia & Pacific,2016,3.375
KIR,Kiribati,East Asia & Pacific,2017,3.339
KIR,Kiribati,East Asia & Pacific,2018,3.318
KIR,Kiribati,East Asia & Pacific,2019,3.29
KIR,Kiribati,East Asia & Pacific,2020,3.254
KIR,Kiribati,East Asia & Pacific,2021,3.219
KIR,Kiribati,East Asia & Pacific,2022,3.182
KIR,Kiribati,East Asia & Pacific,2023,3.147
KIR,Kiribati,East Asia & Pacific,2024,3.124
KNA,St. Kitts and Nevis,Latin America & Caribbean,1960,6.541
KNA,St. Kitts and Nevis,Latin America & Caribbean,1961,6.272
KNA,St. Kitts and Nevis,Latin America & Caribbean,1962,6.061
KNA,St. Kitts and Nevis,Latin America & Caribbean,1963,6.121
KNA,St. Kitts and Nevis,Latin America & Caribbean,1964,6.084
KNA,St. Kitts and Nevis,Latin America & Caribbean,1965,6.008
KNA,St. Kitts and Nevis,Latin America & Caribbean,1966,5.783
KNA,St. Kitts and Nevis,Latin America & Caribbean,1967,5.46
KNA,St. Kitts and Nevis,Latin America & Caribbean,1968,5.165
KNA,St. Kitts and Nevis,Latin America & Caribbean,1969,4.967
KNA,St. Kitts and Nevis,Latin America & Caribbean,1970,4.728
KNA,St. Kitts and Nevis,Latin America & Caribbean,1971,4.506
KNA,St. Kitts and Nevis,Latin America & Caribbean,1972,4.161
KNA,St. Kitts and Nevis,Latin America & Caribbean,1973,3.966
KNA,St. Kitts and Nevis,Latin America & Caribbean,1974,3.806
KNA,St. Kitts and Nevis,Latin America & Caribbean,1975,3.675
KNA,St. Kitts and Nevis,Latin America & Caribbean,1976,3.589
KNA,St. Kitts and Nevis,Latin America & Caribbean,1977,3.478
KNA,St. Kitts and Nevis,Latin America & Caribbean,1978,3.286
KNA,St. Kitts and Nevis,Latin America & Caribbean,1979,3.23
KNA,St. Kitts and Nevis,Latin America & Caribbean,1980,3.261
KNA,St. Kitts and Nevis,Latin America & Caribbean,1981,3.296
KNA,St. Kitts and Nevis,Latin America & Caribbean,1982,3.175
KNA,St. Kitts and Nevis,Latin America & Caribbean,1983,3.098
KNA,St. Kitts and Nevis,Latin America & Caribbean,1984,2.884
KNA,St. Kitts and Nevis,Latin America & Caribbean,1985,2.82
KNA,St. Kitts and Nevis,Latin America & Caribbean,1986,2.683
KNA,St. Kitts and Nevis,Latin America & Caribbean,1987,2.622
KNA,St. Kitts and Nevis,Latin America & Caribbean,1988,2.622
KNA,St. Kitts and Nevis,Latin America & Caribbean,1989,2.689
KNA,St. Kitts and Nevis,Latin America & Caribbean,1990,2.725
KNA,St. Kitts and Nevis,Latin America & Caribbean,1991,2.597
KNA,St. Kitts and Nevis,Latin America & Caribbean,1992,2.433
KNA,St. Kitts and Nevis,Latin America & Caribbean,1993,2.375
KNA,St. Kitts and Nevis,Latin America & Caribbean,1994,2.31
KNA,St. Kitts and Nevis,Latin America & Caribbean,1995,2.304
KNA,St. Kitts and Nevis,Latin America & Caribbean,1996,2.26
KNA,St. Kitts and Nevis,Latin America & Caribbean,1997,2.3
KNA,St. Kitts and Nevis,Latin America & Caribbean,1998,2.31
KNA,St. Kitts and Nevis,Latin America & Caribbean,1999,2.256
KNA,St. Kitts and Nevis,Latin America & Caribbean,2000,2.126
KNA,St. Kitts and Nevis,Latin America & Caribbean,2001,2.082
KNA,St. Kitts and Nevis,Latin America & Caribbean,2002,2.038
KNA,St. Kitts and Nevis,Latin America & Caribbean,2003,2.004
KNA,St. Kitts and Nevis,Latin America & Caribbean,2004,1.964
KNA,St. Kitts and Nevis,Latin America & Caribbean,2005,1.931
KNA,St. Kitts and Nevis,Latin America & Caribbean,2006,1.902
KNA,St. Kitts and Nevis,Latin America & Caribbean,2007,1.871
KNA,St. Kitts and Nevis,Latin America & Caribbean,2008,1.833
KNA,St. Kitts and Nevis,Latin America & Caribbean,2009,1.8
KNA,St. Kitts and Nevis,Latin America & Caribbean,2010,1.762
KNA,St. Kitts and Nevis,Latin America & Caribbean,2011,1.74
KNA,St. Kitts and Nevis,Latin America & Caribbean,2012,1.713
KNA,St. Kitts and Nevis,Latin America & Caribbean,2013,1.682
KNA,St. Kitts and Nevis,Latin America & Caribbean,2014,1.665
KNA,St. Kitts and Nevis,Latin America & Caribbean,2015,1.643
KNA,St. Kitts and Nevis,Latin America & Caribbean,2016,1.633
KNA,St. Kitts and Nevis,Latin America & Caribbean,2017,1.61
KNA,St. Kitts and Nevis,Latin America & Caribbean,2018,1.587
KNA,St. Kitts and Nevis,Latin America & Caribbean,2019,1.568
KNA,St. Kitts and Nevis,Latin America & Caribbean,2020,1.55
KNA,St. Kitts and Nevis,Latin America & Caribbean,2021,1.531
KNA,St. Kitts and Nevis,Latin America & Caribbean,2022,1.512
KNA,St. Kitts and Nevis,Latin America & Caribbean,2023,1.505
KNA,St. Kitts and Nevis,Latin America & Caribbean,2024,1.526
KOR,"Korea, Rep.",East Asia & Pacific,1960,5.994
KOR,"Korea, Rep.",East Asia & Pacific,1961,5.803
KOR,"Korea, Rep.",East Asia & Pacific,1962,5.562
KOR,"Korea, Rep.",East Asia & Pacific,1963,5.334
KOR,"Korea, Rep.",East Asia & Pacific,1964,5.068
KOR,"Korea, Rep.",East Asia & Pacific,1965,4.887
KOR,"Korea, Rep.",East Asia & Pacific,1966,4.782
KOR,"Korea, Rep.",East Asia & Pacific,1967,4.615
KOR,"Korea, Rep.",East Asia & Pacific,1968,4.51
KOR,"Korea, Rep.",East Asia & Pacific,1969,4.447
KOR,"Korea, Rep.",East Asia & Pacific,1970,4.53
KOR,"Korea, Rep.",East Asia & Pacific,1971,4.54
KOR,"Korea, Rep.",East Asia & Pacific,1972,4.12
KOR,"Korea, Rep.",East Asia & Pacific,1973,4.07
KOR,"Korea, Rep.",East Asia & Pacific,1974,3.77
KOR,"Korea, Rep.",East Asia & Pacific,1975,3.43
KOR,"Korea, Rep.",East Asia & Pacific,1976,3.0
KOR,"Korea, Rep.",East Asia & Pacific,1977,2.99
KOR,"Korea, Rep.",East Asia & Pacific,1978,2.64
KOR,"Korea, Rep.",East Asia & Pacific,1979,2.9
KOR,"Korea, Rep.",East Asia & Pacific,1980,2.82
KOR,"Korea, Rep.",East Asia & Pacific,1981,2.57
KOR,"Korea, Rep.",East Asia & Pacific,1982,2.39
KOR,"Korea, Rep.",East Asia & Pacific,1983,2.06
KOR,"Korea, Rep.",East Asia & Pacific,1984,1.74
KOR,"Korea, Rep.",East Asia & Pacific,1985,1.66
KOR,"Korea, Rep.",East Asia & Pacific,1986,1.58
KOR,"Korea, Rep.",East Asia & Pacific,1987,1.53
KOR,"Korea, Rep.",East Asia & Pacific,1988,1.55
KOR,"Korea, Rep.",East Asia & Pacific,1989,1.56
KOR,"Korea, Rep.",East Asia & Pacific,1990,1.57
KOR,"Korea, Rep.",East Asia & Pacific,1991,1.71
KOR,"Korea, Rep.",East Asia & Pacific,1992,1.76
KOR,"Korea, Rep.",East Asia & Pacific,1993,1.654
KOR,"Korea, Rep.",East Asia & Pacific,1994,1.656
KOR,"Korea, Rep.",East Asia & Pacific,1995,1.634
KOR,"Korea, Rep.",East Asia & Pacific,1996,1.574
KOR,"Korea, Rep.",East Asia & Pacific,1997,1.537
KOR,"Korea, Rep.",East Asia & Pacific,1998,1.464
KOR,"Korea, Rep.",East Asia & Pacific,1999,1.425
KOR,"Korea, Rep.",East Asia & Pacific,2000,1.48
KOR,"Korea, Rep.",East Asia & Pacific,2001,1.309
KOR,"Korea, Rep.",East Asia & Pacific,2002,1.178
KOR,"Korea, Rep.",East Asia & Pacific,2003,1.191
KOR,"Korea, Rep.",East Asia & Pacific,2004,1.164
KOR,"Korea, Rep.",East Asia & Pacific,2005,1.085
KOR,"Korea, Rep.",East Asia & Pacific,2006,1.132
KOR,"Korea, Rep.",East Asia & Pacific,2007,1.259
KOR,"Korea, Rep.",East Asia & Pacific,2008,1.192
KOR,"Korea, Rep.",East Asia & Pacific,2009,1.149
KOR,"Korea, Rep.",East Asia & Pacific,2010,1.226
KOR,"Korea, Rep.",East Asia & Pacific,2011,1.244
KOR,"Korea, Rep.",East Asia & Pacific,2012,1.297
KOR,"Korea, Rep.",East Asia & Pacific,2013,1.187
KOR,"Korea, Rep.",East Asia & Pacific,2014,1.205
KOR,"Korea, Rep.",East Asia & Pacific,2015,1.239
KOR,"Korea, Rep.",East Asia & Pacific,2016,1.172
KOR,"Korea, Rep.",East Asia & Pacific,2017,1.052
KOR,"Korea, Rep.",East Asia & Pacific,2018,0.977
KOR,"Korea, Rep.",East Asia & Pacific,2019,0.918
KOR,"Korea, Rep.",East Asia & Pacific,2020,0.837
KOR,"Korea, Rep.",East Asia & Pacific,2021,0.808
KOR,"Korea, Rep.",East Asia & Pacific,2022,0.778
KOR,"Korea, Rep.",East Asia & Pacific,2023,0.721
KOR,"Korea, Rep.",East Asia & Pacific,2024,0.748
KWT,Kuwait,Middle East & North Africa,1960,7.223
KWT,Kuwait,Middle East & North Africa,1961,7.248
KWT,Kuwait,Middle East & North Africa,1962,7.254
KWT,Kuwait,Middle East & North Africa,1963,7.275
KWT,Kuwait,Middle East & North Africa,1964,7.286
KWT,Kuwait,Middle East & North Africa,1965,7.314
KWT,Kuwait,Middle East & North Africa,1966,7.34
KWT,Kuwait,Middle East & North Africa,1967,7.326
KWT,Kuwait,Middle East & North Africa,1968,7.278
KWT,Kuwait,Middle East & North Africa,1969,7.181
KWT,Kuwait,Middle East & North Africa,1970,7.025
KWT,Kuwait,Middle East & North Africa,1971,6.839
KWT,Kuwait,Middle East & North Africa,1972,6.637
KWT,Kuwait,Middle East & North Africa,1973,6.43
KWT,Kuwait,Middle East & North Africa,1974,6.233
KWT,Kuwait,Middle East & North Africa,1975,6.059
KWT,Kuwait,Middle East & North Africa,1976,5.896
KWT,Kuwait,Middle East & North Africa,1977,5.712
KWT,Kuwait,Middle East & North Africa,1978,5.521
KWT,Kuwait,Middle East & North Africa,1979,5.333
KWT,Kuwait,Middle East & North Africa,1980,5.184
KWT,Kuwait,Middle East & North Africa,1981,5.021
KWT,Kuwait,Middle East & North Africa,1982,4.848
KWT,Kuwait,Middle East & North Africa,1983,4.658
KWT,Kuwait,Middle East & North Africa,1984,4.452
KWT,Kuwait,Middle East & North Africa,1985,4.218
KWT,Kuwait,Middle East & North Africa,1986,4.003
KWT,Kuwait,Middle East & North Africa,1987,3.827
KWT,Kuwait,Middle East & North Africa,1988,3.702
KWT,Kuwait,Middle East & North Africa,1989,3.593
KWT,Kuwait,Middle East & North Africa,1990,3.487
KWT,Kuwait,Middle East & North Africa,1991,3.398
KWT,Kuwait,Middle East & North Africa,1992,3.353
KWT,Kuwait,Middle East & North Africa,1993,3.313
KWT,Kuwait,Middle East & North Africa,1994,3.272
KWT,Kuwait,Middle East & North Africa,1995,3.248
KWT,Kuwait,Middle East & North Africa,1996,3.223
KWT,Kuwait,Middle East & North Africa,1997,3.135
KWT,Kuwait,Middle East & North Africa,1998,3.039
KWT,Kuwait,Middle East & North Africa,1999,2.952
KWT,Kuwait,Middle East & North Africa,2000,2.887
KWT,Kuwait,Middle East & North Africa,2001,2.839
KWT,Kuwait,Middle East & North Africa,2002,2.795
KWT,Kuwait,Middle East & North Africa,2003,2.771
KWT,Kuwait,Middle East & North Africa,2004,2.762
KWT,Kuwait,Middle East & North Africa,2005,2.731
KWT,Kuwait,Middle East & North Africa,2006,2.589
KWT,Kuwait,Middle East & North Africa,2007,2.412
KWT,Kuwait,Middle East & North Africa,2008,2.266
KWT,Kuwait,Middle East & North Africa,2009,2.155
KWT,Kuwait,Middle East & North Africa,2010,2.044
KWT,Kuwait,Middle East & North Africa,2011,1.956
KWT,Kuwait,Middle East & North Africa,2012,1.99
KWT,Kuwait,Middle East & North Africa,2013,1.968
KWT,Kuwait,Middle East & North Africa,2014,2.06
KWT,Kuwait,Middle East & North Africa,2015,2.03
KWT,Kuwait,Middle East & North Africa,2016,2.061
KWT,Kuwait,Middle East & North Africa,2017,2.16
KWT,Kuwait,Middle East & North Africa,2018,2.118
KWT,Kuwait,Middle East & North Africa,2019,2.082
KWT,Kuwait,Middle East & North Africa,2020,2.033
KWT,Kuwait,Middle East & North Africa,2021,2.148
KWT,Kuwait,Middle East & North Africa,2022,1.546
KWT,Kuwait,Middle East & North Africa,2023,1.524
KWT,Kuwait,Middle East & North Africa,2024,1.56
LAO,Lao PDR,East Asia & Pacific,1960,6.292
LAO,Lao PDR,East Asia & Pacific,1961,6.31
LAO,Lao PDR,East Asia & Pacific,1962,6.313
LAO,Lao PDR,East Asia & Pacific,1963,6.318
LAO,Lao PDR,East Asia & Pacific,1964,6.313
LAO,Lao PDR,East Asia & Pacific,1965,6.316
LAO,Lao PDR,East Asia & Pacific,1966,6.307
LAO,Lao PDR,East Asia & Pacific,1967,6.306
LAO,Lao PDR,East Asia & Pacific,1968,6.298
LAO,Lao PDR,East Asia & Pacific,1969,6.301
LAO,Lao PDR,East Asia & Pacific,1970,6.31
LAO,Lao PDR,East Asia & Pacific,1971,6.295
LAO,Lao PDR,East Asia & Pacific,1972,6.284
LAO,Lao PDR,East Asia & Pacific,1973,6.281
LAO,Lao PDR,East Asia & Pacific,1974,6.289
LAO,Lao PDR,East Asia & Pacific,1975,6.287
LAO,Lao PDR,East Asia & Pacific,1976,6.289
LAO,Lao PDR,East Asia & Pacific,1977,6.293
LAO,Lao PDR,East Asia & Pacific,1978,6.298
LAO,Lao PDR,East Asia & Pacific,1979,6.314
LAO,Lao PDR,East Asia & Pacific,1980,6.332
LAO,Lao PDR,East Asia & Pacific,1981,6.35
LAO,Lao PDR,East Asia & Pacific,1982,6.369
LAO,Lao PDR,East Asia & Pacific,1983,6.376
LAO,Lao PDR,East Asia & Pacific,1984,6.37
LAO,Lao PDR,East Asia & Pacific,1985,6.328
LAO,Lao PDR,East Asia & Pacific,1986,6.255
LAO,Lao PDR,East Asia & Pacific,1987,6.205
LAO,Lao PDR,East Asia & Pacific,1988,6.158
LAO,Lao PDR,East Asia & Pacific,1989,6.102
LAO,Lao PDR,East Asia & Pacific,1990,6.057
LAO,Lao PDR,East Asia & Pacific,1991,5.986
LAO,Lao PDR,East Asia & Pacific,1992,5.9
LAO,Lao PDR,East Asia & Pacific,1993,5.798
LAO,Lao PDR,East Asia & Pacific,1994,5.598
LAO,Lao PDR,East Asia & Pacific,1995,5.355
LAO,Lao PDR,East Asia & Pacific,1996,5.148
LAO,Lao PDR,East Asia & Pacific,1997,4.961
LAO,Lao PDR,East Asia & Pacific,1998,4.792
LAO,Lao PDR,East Asia & Pacific,1999,4.639
LAO,Lao PDR,East Asia & Pacific,2000,4.429
LAO,Lao PDR,East Asia & Pacific,2001,4.29
LAO,Lao PDR,East Asia & Pacific,2002,4.132
LAO,Lao PDR,East Asia & Pacific,2003,4.024
LAO,Lao PDR,East Asia & Pacific,2004,3.898
LAO,Lao PDR,East Asia & Pacific,2005,3.685
LAO,Lao PDR,East Asia & Pacific,2006,3.559
LAO,Lao PDR,East Asia & Pacific,2007,3.438
LAO,Lao PDR,East Asia & Pacific,2008,3.331
LAO,Lao PDR,East Asia & Pacific,2009,3.229
LAO,Lao PDR,East Asia & Pacific,2010,3.137
LAO,Lao PDR,East Asia & Pacific,2011,3.049
LAO,Lao PDR,East Asia & Pacific,2012,2.953
LAO,Lao PDR,East Asia & Pacific,2013,2.872
LAO,Lao PDR,East Asia & Pacific,2014,2.802
LAO,Lao PDR,East Asia & Pacific,2015,2.796
LAO,Lao PDR,East Asia & Pacific,2016,2.744
LAO,Lao PDR,East Asia & Pacific,2017,2.691
LAO,Lao PDR,East Asia & Pacific,2018,2.633
LAO,Lao PDR,East Asia & Pacific,2019,2.589
LAO,Lao PDR,East Asia & Pacific,2020,2.535
LAO,Lao PDR,East Asia & Pacific,2021,2.494
LAO,Lao PDR,East Asia & Pacific,2022,2.455
LAO,Lao PDR,East Asia & Pacific,2023,2.421
LAO,Lao PDR,East Asia & Pacific,2024,2.397
LBN,Lebanon,Middle East & North Africa,1960,5.877
LBN,Lebanon,Middle East & North Africa,1961,5.891
LBN,Lebanon,Middle East & North Africa,1962,5.902
LBN,Lebanon,Middle East & North Africa,1963,5.905
LBN,Lebanon,Middle East & North Africa,1964,5.851
LBN,Lebanon,Middle East & North Africa,1965,5.768
LBN,Lebanon,Middle East & North Africa,1966,5.677
LBN,Lebanon,Middle East & North Africa,1967,5.569
LBN,Lebanon,Middle East & North Africa,1968,5.448
LBN,Lebanon,Middle East & North Africa,1969,5.316
LBN,Lebanon,Middle East & North Africa,1970,5.188
LBN,Lebanon,Middle East & North Africa,1971,5.05
LBN,Lebanon,Middle East & North Africa,1972,4.912
LBN,Lebanon,Middle East & North Africa,1973,4.79
LBN,Lebanon,Middle East & North Africa,1974,4.654
LBN,Lebanon,Middle East & North Africa,1975,4.521
LBN,Lebanon,Middle East & North Africa,1976,4.394
LBN,Lebanon,Middle East & North Africa,1977,4.279
LBN,Lebanon,Middle East & North Africa,1978,4.176
LBN,Lebanon,Middle East & North Africa,1979,4.077
LBN,Lebanon,Middle East & North Africa,1980,4.011
LBN,Lebanon,Middle East & North Africa,1981,3.953
LBN,Lebanon,Middle East & North Africa,1982,3.855
LBN,Lebanon,Middle East & North Africa,1983,3.734
LBN,Lebanon,Middle East & North Africa,1984,3.658
LBN,Lebanon,Middle East & North Africa,1985,3.533
LBN,Lebanon,Middle East & North Africa,1986,3.466
LBN,Lebanon,Middle East & North Africa,1987,3.42
LBN,Lebanon,Middle East & North Africa,1988,3.392
LBN,Lebanon,Middle East & North Africa,1989,3.363
LBN,Lebanon,Middle East & North Africa,1990,3.268
LBN,Lebanon,Middle East & North Africa,1991,3.162
LBN,Lebanon,Middle East & North Africa,1992,3.052
LBN,Lebanon,Middle East & North Africa,1993,2.937
LBN,Lebanon,Middle East & North Africa,1994,2.823
LBN,Lebanon,Middle East & North Africa,1995,2.725
LBN,Lebanon,Middle East & North Africa,1996,2.698
LBN,Lebanon,Middle East & North Africa,1997,2.667
LBN,Lebanon,Middle East & North Africa,1998,2.648
LBN,Lebanon,Middle East & North Africa,1999,2.631
LBN,Lebanon,Middle East & North Africa,2000,2.6
LBN,Lebanon,Middle East & North Africa,2001,2.576
LBN,Lebanon,Middle East & North Africa,2002,2.523
LBN,Lebanon,Middle East & North Africa,2003,2.457
LBN,Lebanon,Middle East & North Africa,2004,2.378
LBN,Lebanon,Middle East & North Africa,2005,2.291
LBN,Lebanon,Middle East & North Africa,2006,2.244
LBN,Lebanon,Middle East & North Africa,2007,2.201
LBN,Lebanon,Middle East & North Africa,2008,2.172
LBN,Lebanon,Middle East & North Africa,2009,2.191
LBN,Lebanon,Middle East & North Africa,2010,2.256
LBN,Lebanon,Middle East & North Africa,2011,2.32
LBN,Lebanon,Middle East & North Africa,2012,2.345
LBN,Lebanon,Middle East & North Africa,2013,2.361
LBN,Lebanon,Middle East & North Africa,2014,2.375
LBN,Lebanon,Middle East & North Africa,2015,2.382
LBN,Lebanon,Middle East & North Africa,2016,2.39
LBN,Lebanon,Middle East & North Africa,2017,2.372
LBN,Lebanon,Middle East & North Africa,2018,2.347
LBN,Lebanon,Middle East & North Africa,2019,2.327
LBN,Lebanon,Middle East & North Africa,2020,2.308
LBN,Lebanon,Middle East & North Africa,2021,2.283
LBN,Lebanon,Middle East & North Africa,2022,2.263
LBN,Lebanon,Middle East & North Africa,2023,2.239
LBN,Lebanon,Middle East & North Africa,2024,2.227
LBR,Liberia,Sub-Saharan Africa,1960,6.391
LBR,Liberia,Sub-Saharan Africa,1961,6.446
LBR,Liberia,Sub-Saharan Africa,1962,6.504
LBR,Liberia,Sub-Saharan Africa,1963,6.556
LBR,Liberia,Sub-Saharan Africa,1964,6.585
LBR,Liberia,Sub-Saharan Africa,1965,6.617
LBR,Liberia,Sub-Saharan Africa,1966,6.628
LBR,Liberia,Sub-Saharan Africa,1967,6.65
LBR,Liberia,Sub-Saharan Africa,1968,6.657
LBR,Liberia,Sub-Saharan Africa,1969,6.644
LBR,Liberia,Sub-Saharan Africa,1970,6.578
LBR,Liberia,Sub-Saharan Africa,1971,6.542
LBR,Liberia,Sub-Saharan Africa,1972,6.599
LBR,Liberia,Sub-Saharan Africa,1973,6.651
LBR,Liberia,Sub-Saharan Africa,1974,6.691
LBR,Liberia,Sub-Saharan Africa,1975,6.744
LBR,Liberia,Sub-Saharan Africa,1976,6.793
LBR,Liberia,Sub-Saharan Africa,1977,6.841
LBR,Liberia,Sub-Saharan Africa,1978,6.884
LBR,Liberia,Sub-Saharan Africa,1979,6.919
LBR,Liberia,Sub-Saharan Africa,1980,6.872
LBR,Liberia,Sub-Saharan Africa,1981,6.834
LBR,Liberia,Sub-Saharan Africa,1982,6.788
LBR,Liberia,Sub-Saharan Africa,1983,6.76
LBR,Liberia,Sub-Saharan Africa,1984,6.728
LBR,Liberia,Sub-Saharan Africa,1985,6.693
LBR,Liberia,Sub-Saharan Africa,1986,6.638
LBR,Liberia,Sub-Saharan Africa,1987,6.572
LBR,Liberia,Sub-Saharan Africa,1988,6.507
LBR,Liberia,Sub-Saharan Africa,1989,6.434
LBR,Liberia,Sub-Saharan Africa,1990,6.37
LBR,Liberia,Sub-Saharan Africa,1991,6.323
LBR,Liberia,Sub-Saharan Africa,1992,6.277
LBR,Liberia,Sub-Saharan Africa,1993,6.246
LBR,Liberia,Sub-Saharan Africa,1994,6.21
LBR,Liberia,Sub-Saharan Africa,1995,6.173
LBR,Liberia,Sub-Saharan Africa,1996,6.129
LBR,Liberia,Sub-Saharan Africa,1997,6.079
LBR,Liberia,Sub-Saharan Africa,1998,6.017
LBR,Liberia,Sub-Saharan Africa,1999,5.953
LBR,Liberia,Sub-Saharan Africa,2000,5.875
LBR,Liberia,Sub-Saharan Africa,2001,5.774
LBR,Liberia,Sub-Saharan Africa,2002,5.653
LBR,Liberia,Sub-Saharan Africa,2003,5.547
LBR,Liberia,Sub-Saharan Africa,2004,5.506
LBR,Liberia,Sub-Saharan Africa,2005,5.519
LBR,Liberia,Sub-Saharan Africa,2006,5.53
LBR,Liberia,Sub-Saharan Africa,2007,5.462
LBR,Liberia,Sub-Saharan Africa,2008,5.328
LBR,Liberia,Sub-Saharan Africa,2009,5.174
LBR,Liberia,Sub-Saharan Africa,2010,5.058
LBR,Liberia,Sub-Saharan Africa,2011,4.97
LBR,Liberia,Sub-Saharan Africa,2012,4.881
LBR,Liberia,Sub-Saharan Africa,2013,4.749
LBR,Liberia,Sub-Saharan Africa,2014,4.622
LBR,Liberia,Sub-Saharan Africa,2015,4.523
LBR,Liberia,Sub-Saharan Africa,2016,4.461
LBR,Liberia,Sub-Saharan Africa,2017,4.396
LBR,Liberia,Sub-Saharan Africa,2018,4.336
LBR,Liberia,Sub-Saharan Africa,2019,4.257
LBR,Liberia,Sub-Saharan Africa,2020,4.174
LBR,Liberia,Sub-Saharan Africa,2021,4.089
LBR,Liberia,Sub-Saharan Africa,2022,4.016
LBR,Liberia,Sub-Saharan Africa,2023,3.95
LBR,Liberia,Sub-Saharan Africa,2024,3.864
LBY,Libya,Middle East & North Africa,1960,7.509
LBY,Libya,Middle East & North Africa,1961,7.556
LBY,Libya,Middle East & North Africa,1962,7.61
LBY,Libya,Middle East & North Africa,1963,7.685
LBY,Libya,Middle East & North Africa,1964,7.752
LBY,Libya,Middle East & North Africa,1965,7.823
LBY,Libya,Middle East & North Africa,1966,7.891
LBY,Libya,Middle East & North Africa,1967,7.932
LBY,Libya,Middle East & North Africa,1968,7.974
LBY,Libya,Middle East & North Africa,1969,8.011
LBY,Libya,Middle East & North Africa,1970,8.048
LBY,Libya,Middle East & North Africa,1971,8.096
LBY,Libya,Middle East & North Africa,1972,8.073
LBY,Libya,Middle East & North Africa,1973,8.047
LBY,Libya,Middle East & North Africa,1974,8.02
LBY,Libya,Middle East & North Africa,1975,7.977
LBY,Libya,Middle East & North Africa,1976,7.932
LBY,Libya,Middle East & North Africa,1977,7.872
LBY,Libya,Middle East & North Africa,1978,7.789
LBY,Libya,Middle East & North Africa,1979,7.68
LBY,Libya,Middle East & North Africa,1980,7.543
LBY,Libya,Middle East & North Africa,1981,7.371
LBY,Libya,Middle East & North Africa,1982,7.162
LBY,Libya,Middle East & North Africa,1983,6.91
LBY,Libya,Middle East & North Africa,1984,6.622
LBY,Libya,Middle East & North Africa,1985,6.328
LBY,Libya,Middle East & North Africa,1986,6.022
LBY,Libya,Middle East & North Africa,1987,5.718
LBY,Libya,Middle East & North Africa,1988,5.41
LBY,Libya,Middle East & North Africa,1989,5.091
LBY,Libya,Middle East & North Africa,1990,4.776
LBY,Libya,Middle East & North Africa,1991,4.461
LBY,Libya,Middle East & North Africa,1992,4.162
LBY,Libya,Middle East & North Africa,1993,3.883
LBY,Libya,Middle East & North Africa,1994,3.649
LBY,Libya,Middle East & North Africa,1995,3.442
LBY,Libya,Middle East & North Africa,1996,3.256
LBY,Libya,Middle East & North Africa,1997,3.132
LBY,Libya,Middle East & North Africa,1998,3.043
LBY,Libya,Middle East & North Africa,1999,2.972
LBY,Libya,Middle East & North Africa,2000,2.906
LBY,Libya,Middle East & North Africa,2001,2.866
LBY,Libya,Middle East & North Africa,2002,2.831
LBY,Libya,Middle East & North Africa,2003,2.797
LBY,Libya,Middle East & North Africa,2004,2.773
LBY,Libya,Middle East & North Africa,2005,2.765
LBY,Libya,Middle East & North Africa,2006,2.699
LBY,Libya,Middle East & North Africa,2007,2.648
LBY,Libya,Middle East & North Africa,2008,2.599
LBY,Libya,Middle East & North Africa,2009,2.556
LBY,Libya,Middle East & North Africa,2010,2.603
LBY,Libya,Middle East & North Africa,2011,2.646
LBY,Libya,Middle East & North Africa,2012,2.68
LBY,Libya,Middle East & North Africa,2013,2.716
LBY,Libya,Middle East & North Africa,2014,2.754
LBY,Libya,Middle East & North Africa,2015,2.711
LBY,Libya,Middle East & North Africa,2016,2.673
LBY,Libya,Middle East & North Africa,2017,2.626
LBY,Libya,Middle East & North Africa,2018,2.581
LBY,Libya,Middle East & North Africa,2019,2.539
LBY,Libya,Middle East & North Africa,2020,2.507
LBY,Libya,Middle East & North Africa,2021,2.462
LBY,Libya,Middle East & North Africa,2022,2.402
LBY,Libya,Middle East & North Africa,2023,2.355
LBY,Libya,Middle East & North Africa,2024,2.298
LCA,St. Lucia,Latin America & Caribbean,1960,6.767
LCA,St. Lucia,Latin America & Caribbean,1961,6.835
LCA,St. Lucia,Latin America & Caribbean,1962,6.818
LCA,St. Lucia,Latin America & Caribbean,1963,6.721
LCA,St. Lucia,Latin America & Caribbean,1964,6.758
LCA,St. Lucia,Latin America & Caribbean,1965,6.688
LCA,St. Lucia,Latin America & Caribbean,1966,6.607
LCA,St. Lucia,Latin America & Caribbean,1967,6.508
LCA,St. Lucia,Latin America & Caribbean,1968,6.387
LCA,St. Lucia,Latin America & Caribbean,1969,6.249
LCA,St. Lucia,Latin America & Caribbean,1970,6.101
LCA,St. Lucia,Latin America & Caribbean,1971,5.953
LCA,St. Lucia,Latin America & Caribbean,1972,5.813
LCA,St. Lucia,Latin America & Caribbean,1973,5.686
LCA,St. Lucia,Latin America & Caribbean,1974,5.571
LCA,St. Lucia,Latin America & Caribbean,1975,5.358
LCA,St. Lucia,Latin America & Caribbean,1976,5.161
LCA,St. Lucia,Latin America & Caribbean,1977,4.966
LCA,St. Lucia,Latin America & Caribbean,1978,4.825
LCA,St. Lucia,Latin America & Caribbean,1979,4.583
LCA,St. Lucia,Latin America & Caribbean,1980,4.412
LCA,St. Lucia,Latin America & Caribbean,1981,4.276
LCA,St. Lucia,Latin America & Caribbean,1982,4.169
LCA,St. Lucia,Latin America & Caribbean,1983,4.082
LCA,St. Lucia,Latin America & Caribbean,1984,4.018
LCA,St. Lucia,Latin America & Caribbean,1985,3.97
LCA,St. Lucia,Latin America & Caribbean,1986,3.801
LCA,St. Lucia,Latin America & Caribbean,1987,3.613
LCA,St. Lucia,Latin America & Caribbean,1988,3.435
LCA,St. Lucia,Latin America & Caribbean,1989,3.314
LCA,St. Lucia,Latin America & Caribbean,1990,3.238
LCA,St. Lucia,Latin America & Caribbean,1991,3.19
LCA,St. Lucia,Latin America & Caribbean,1992,3.11
LCA,St. Lucia,Latin America & Caribbean,1993,2.999
LCA,St. Lucia,Latin America & Caribbean,1994,3.028
LCA,St. Lucia,Latin America & Caribbean,1995,3.026
LCA,St. Lucia,Latin America & Caribbean,1996,2.712
LCA,St. Lucia,Latin America & Caribbean,1997,2.743
LCA,St. Lucia,Latin America & Caribbean,1998,2.403
LCA,St. Lucia,Latin America & Caribbean,1999,2.501
LCA,St. Lucia,Latin America & Caribbean,2000,2.207
LCA,St. Lucia,Latin America & Caribbean,2001,2.125
LCA,St. Lucia,Latin America & Caribbean,2002,2.032
LCA,St. Lucia,Latin America & Caribbean,2003,1.939
LCA,St. Lucia,Latin America & Caribbean,2004,1.863
LCA,St. Lucia,Latin America & Caribbean,2005,1.807
LCA,St. Lucia,Latin America & Caribbean,2006,1.765
LCA,St. Lucia,Latin America & Caribbean,2007,1.7
LCA,St. Lucia,Latin America & Caribbean,2008,1.7
LCA,St. Lucia,Latin America & Caribbean,2009,1.735
LCA,St. Lucia,Latin America & Caribbean,2010,1.673
LCA,St. Lucia,Latin America & Caribbean,2011,1.5
LCA,St. Lucia,Latin America & Caribbean,2012,1.5
LCA,St. Lucia,Latin America & Caribbean,2013,1.5
LCA,St. Lucia,Latin America & Caribbean,2014,1.485
LCA,St. Lucia,Latin America & Caribbean,2015,1.473
LCA,St. Lucia,Latin America & Caribbean,2016,1.461
LCA,St. Lucia,Latin America & Caribbean,2017,1.448
LCA,St. Lucia,Latin America & Caribbean,2018,1.436
LCA,St. Lucia,Latin America & Caribbean,2019,1.424
LCA,St. Lucia,Latin America & Caribbean,2020,1.411
LCA,St. Lucia,Latin America & Caribbean,2021,1.399
LCA,St. Lucia,Latin America & Caribbean,2022,1.387
LCA,St. Lucia,Latin America & Caribbean,2023,1.379
LCA,St. Lucia,Latin America & Caribbean,2024,1.385
LIE,Liechtenstein,Europe & Central Asia,1960,2.779
LIE,Liechtenstein,Europe & Central Asia,1961,2.778
LIE,Liechtenstein,Europe & Central Asia,1962,2.798
LIE,Liechtenstein,Europe & Central Asia,1963,2.851
LIE,Liechtenstein,Europe & Central Asia,1964,2.919
LIE,Liechtenstein,Europe & Central Asia,1965,2.963
LIE,Liechtenstein,Europe & Central Asia,1966,2.779
LIE,Liechtenstein,Europe & Central Asia,1967,2.477
LIE,Liechtenstein,Europe & Central Asia,1968,2.217
LIE,Liechtenstein,Europe & Central Asia,1969,2.135
LIE,Liechtenstein,Europe & Central Asia,1970,2.093
LIE,Liechtenstein,Europe & Central Asia,1971,2.033
LIE,Liechtenstein,Europe & Central Asia,1972,1.983
LIE,Liechtenstein,Europe & Central Asia,1973,1.936
LIE,Liechtenstein,Europe & Central Asia,1974,1.904
LIE,Liechtenstein,Europe & Central Asia,1975,1.897
LIE,Liechtenstein,Europe & Central Asia,1976,1.909
LIE,Liechtenstein,Europe & Central Asia,1977,1.92
LIE,Liechtenstein,Europe & Central Asia,1978,1.9
LIE,Liechtenstein,Europe & Central Asia,1979,1.673
LIE,Liechtenstein,Europe & Central Asia,1980,1.696
LIE,Liechtenstein,Europe & Central Asia,1981,1.688
LIE,Liechtenstein,Europe & Central Asia,1982,1.606
LIE,Liechtenstein,Europe & Central Asia,1983,1.529
LIE,Liechtenstein,Europe & Central Asia,1984,1.508
LIE,Liechtenstein,Europe & Central Asia,1985,1.495
LIE,Liechtenstein,Europe & Central Asia,1986,1.479
LIE,Liechtenstein,Europe & Central Asia,1987,1.496
LIE,Liechtenstein,Europe & Central Asia,1988,1.496
LIE,Liechtenstein,Europe & Central Asia,1989,1.501
LIE,Liechtenstein,Europe & Central Asia,1990,1.501
LIE,Liechtenstein,Europe & Central Asia,1991,1.5
LIE,Liechtenstein,Europe & Central Asia,1992,1.477
LIE,Liechtenstein,Europe & Central Asia,1993,1.454
LIE,Liechtenstein,Europe & Central Asia,1994,1.442
LIE,Liechtenstein,Europe & Central Asia,1995,1.435
LIE,Liechtenstein,Europe & Central Asia,1996,1.516
LIE,Liechtenstein,Europe & Central Asia,1997,1.569
LIE,Liechtenstein,Europe & Central Asia,1998,1.586
LIE,Liechtenstein,Europe & Central Asia,1999,1.63
LIE,Liechtenstein,Europe & Central Asia,2000,1.57
LIE,Liechtenstein,Europe & Central Asia,2001,1.52
LIE,Liechtenstein,Europe & Central Asia,2002,1.47
LIE,Liechtenstein,Europe & Central Asia,2003,1.36
LIE,Liechtenstein,Europe & Central Asia,2004,1.44
LIE,Liechtenstein,Europe & Central Asia,2005,1.49
LIE,Liechtenstein,Europe & Central Asia,2006,1.43
LIE,Liechtenstein,Europe & Central Asia,2007,1.42
LIE,Liechtenstein,Europe & Central Asia,2008,1.43
LIE,Liechtenstein,Europe & Central Asia,2009,1.71
LIE,Liechtenstein,Europe & Central Asia,2010,1.4
LIE,Liechtenstein,Europe & Central Asia,2011,1.69
LIE,Liechtenstein,Europe & Central Asia,2012,1.51
LIE,Liechtenstein,Europe & Central Asia,2013,1.45
LIE,Liechtenstein,Europe & Central Asia,2014,1.59
LIE,Liechtenstein,Europe & Central Asia,2015,1.4
LIE,Liechtenstein,Europe & Central Asia,2016,1.61
LIE,Liechtenstein,Europe & Central Asia,2017,1.44
LIE,Liechtenstein,Europe & Central Asia,2018,1.58
LIE,Liechtenstein,Europe & Central Asia,2019,1.48
LIE,Liechtenstein,Europe & Central Asia,2020,1.46
LIE,Liechtenstein,Europe & Central Asia,2021,1.53
LIE,Liechtenstein,Europe & Central Asia,2022,1.47
LIE,Liechtenstein,Europe & Central Asia,2023,1.45
LIE,Liechtenstein,Europe & Central Asia,2024,1.37
LKA,Sri Lanka,South Asia,1960,5.352
LKA,Sri Lanka,South Asia,1961,5.24
LKA,Sri Lanka,South Asia,1962,5.177
LKA,Sri Lanka,South Asia,1963,5.118
LKA,Sri Lanka,South Asia,1964,5.057
LKA,Sri Lanka,South Asia,1965,4.934
LKA,Sri Lanka,South Asia,1966,4.828
LKA,Sri Lanka,South Asia,1967,4.787
LKA,Sri Lanka,South Asia,1968,4.658
LKA,Sri Lanka,South Asia,1969,4.499
LKA,Sri Lanka,South Asia,1970,4.387
LKA,Sri Lanka,South Asia,1971,4.266
LKA,Sri Lanka,South Asia,1972,4.156
LKA,Sri Lanka,South Asia,1973,4.001
LKA,Sri Lanka,South Asia,1974,3.855
LKA,Sri Lanka,South Asia,1975,3.816
LKA,Sri Lanka,South Asia,1976,3.783
LKA,Sri Lanka,South Asia,1977,3.741
LKA,Sri Lanka,South Asia,1978,3.81
LKA,Sri Lanka,South Asia,1979,3.822
LKA,Sri Lanka,South Asia,1980,3.725
LKA,Sri Lanka,South Asia,1981,3.649
LKA,Sri Lanka,South Asia,1982,3.32
LKA,Sri Lanka,South Asia,1983,3.114
LKA,Sri Lanka,South Asia,1984,3.006
LKA,Sri Lanka,South Asia,1985,2.895
LKA,Sri Lanka,South Asia,1986,2.743
LKA,Sri Lanka,South Asia,1987,2.644
LKA,Sri Lanka,South Asia,1988,2.565
LKA,Sri Lanka,South Asia,1989,2.578
LKA,Sri Lanka,South Asia,1990,2.541
LKA,Sri Lanka,South Asia,1991,2.514
LKA,Sri Lanka,South Asia,1992,2.487
LKA,Sri Lanka,South Asia,1993,2.438
LKA,Sri Lanka,South Asia,1994,2.405
LKA,Sri Lanka,South Asia,1995,2.353
LKA,Sri Lanka,South Asia,1996,2.285
LKA,Sri Lanka,South Asia,1997,2.215
LKA,Sri Lanka,South Asia,1998,2.136
LKA,Sri Lanka,South Asia,1999,2.142
LKA,Sri Lanka,South Asia,2000,2.213
LKA,Sri Lanka,South Asia,2001,2.283
LKA,Sri Lanka,South Asia,2002,2.31
LKA,Sri Lanka,South Asia,2003,2.301
LKA,Sri Lanka,South Asia,2004,2.271
LKA,Sri Lanka,South Asia,2005,2.263
LKA,Sri Lanka,South Asia,2006,2.292
LKA,Sri Lanka,South Asia,2007,2.295
LKA,Sri Lanka,South Asia,2008,2.232
LKA,Sri Lanka,South Asia,2009,2.179
LKA,Sri Lanka,South Asia,2010,2.134
LKA,Sri Lanka,South Asia,2011,2.144
LKA,Sri Lanka,South Asia,2012,2.173
LKA,Sri Lanka,South Asia,2013,2.178
LKA,Sri Lanka,South Asia,2014,2.134
LKA,Sri Lanka,South Asia,2015,2.09
LKA,Sri Lanka,South Asia,2016,2.062
LKA,Sri Lanka,South Asia,2017,2.044
LKA,Sri Lanka,South Asia,2018,2.033
LKA,Sri Lanka,South Asia,2019,2.022
LKA,Sri Lanka,South Asia,2020,2.007
LKA,Sri Lanka,South Asia,2021,1.995
LKA,Sri Lanka,South Asia,2022,1.984
LKA,Sri Lanka,South Asia,2023,1.974
LKA,Sri Lanka,South Asia,2024,1.952
LSO,Lesotho,Sub-Saharan Africa,1960,5.784
LSO,Lesotho,Sub-Saharan Africa,1961,5.785
LSO,Lesotho,Sub-Saharan Africa,1962,5.787
LSO,Lesotho,Sub-Saharan Africa,1963,5.776
LSO,Lesotho,Sub-Saharan Africa,1964,5.765
LSO,Lesotho,Sub-Saharan Africa,1965,5.772
LSO,Lesotho,Sub-Saharan Africa,1966,5.756
LSO,Lesotho,Sub-Saharan Africa,1967,5.745
LSO,Lesotho,Sub-Saharan Africa,1968,5.725
LSO,Lesotho,Sub-Saharan Africa,1969,5.704
LSO,Lesotho,Sub-Saharan Africa,1970,5.698
LSO,Lesotho,Sub-Saharan Africa,1971,5.696
LSO,Lesotho,Sub-Saharan Africa,1972,5.694
LSO,Lesotho,Sub-Saharan Africa,1973,5.688
LSO,Lesotho,Sub-Saharan Africa,1974,5.753
LSO,Lesotho,Sub-Saharan Africa,1975,5.825
LSO,Lesotho,Sub-Saharan Africa,1976,5.871
LSO,Lesotho,Sub-Saharan Africa,1977,5.848
LSO,Lesotho,Sub-Saharan Africa,1978,5.823
LSO,Lesotho,Sub-Saharan Africa,1979,5.789
LSO,Lesotho,Sub-Saharan Africa,1980,5.746
LSO,Lesotho,Sub-Saharan Africa,1981,5.694
LSO,Lesotho,Sub-Saharan Africa,1982,5.632
LSO,Lesotho,Sub-Saharan Africa,1983,5.56
LSO,Lesotho,Sub-Saharan Africa,1984,5.478
LSO,Lesotho,Sub-Saharan Africa,1985,5.401
LSO,Lesotho,Sub-Saharan Africa,1986,5.317
LSO,Lesotho,Sub-Saharan Africa,1987,5.222
LSO,Lesotho,Sub-Saharan Africa,1988,5.104
LSO,Lesotho,Sub-Saharan Africa,1989,4.964
LSO,Lesotho,Sub-Saharan Africa,1990,4.813
LSO,Lesotho,Sub-Saharan Africa,1991,4.681
LSO,Lesotho,Sub-Saharan Africa,1992,4.541
LSO,Lesotho,Sub-Saharan Africa,1993,4.365
LSO,Lesotho,Sub-Saharan Africa,1994,4.21
LSO,Lesotho,Sub-Saharan Africa,1995,4.125
LSO,Lesotho,Sub-Saharan Africa,1996,4.058
LSO,Lesotho,Sub-Saharan Africa,1997,3.982
LSO,Lesotho,Sub-Saharan Africa,1998,3.815
LSO,Lesotho,Sub-Saharan Africa,1999,3.67
LSO,Lesotho,Sub-Saharan Africa,2000,3.605
LSO,Lesotho,Sub-Saharan Africa,2001,3.63
LSO,Lesotho,Sub-Saharan Africa,2002,3.682
LSO,Lesotho,Sub-Saharan Africa,2003,3.619
LSO,Lesotho,Sub-Saharan Africa,2004,3.508
LSO,Lesotho,Sub-Saharan Africa,2005,3.428
LSO,Lesotho,Sub-Saharan Africa,2006,3.414
LSO,Lesotho,Sub-Saharan Africa,2007,3.442
LSO,Lesotho,Sub-Saharan Africa,2008,3.392
LSO,Lesotho,Sub-Saharan Africa,2009,3.309
LSO,Lesotho,Sub-Saharan Africa,2010,3.25
LSO,Lesotho,Sub-Saharan Africa,2011,3.343
LSO,Lesotho,Sub-Saharan Africa,2012,3.296
LSO,Lesotho,Sub-Saharan Africa,2013,3.283
LSO,Lesotho,Sub-Saharan Africa,2014,3.239
LSO,Lesotho,Sub-Saharan Africa,2015,3.217
LSO,Lesotho,Sub-Saharan Africa,2016,3.18
LSO,Lesotho,Sub-Saharan Africa,2017,3.105
LSO,Lesotho,Sub-Saharan Africa,2018,3.016
LSO,Lesotho,Sub-Saharan Africa,2019,2.924
LSO,Lesotho,Sub-Saharan Africa,2020,2.846
LSO,Lesotho,Sub-Saharan Africa,2021,2.769
LSO,Lesotho,Sub-Saharan Africa,2022,2.716
LSO,Lesotho,Sub-Saharan Africa,2023,2.694
LSO,Lesotho,Sub-Saharan Africa,2024,2.664
LTU,Lithuania,Europe & Central Asia,1960,2.56
LTU,Lithuania,Europe & Central Asia,1961,2.53
LTU,Lithuania,Europe & Central Asia,1962,2.45
LTU,Lithuania,Europe & Central Asia,1963,2.35
LTU,Lithuania,Europe & Central Asia,1964,2.28
LTU,Lithuania,Europe & Central Asia,1965,2.23
LTU,Lithuania,Europe & Central Asia,1966,2.22
LTU,Lithuania,Europe & Central Asia,1967,2.23
LTU,Lithuania,Europe & Central Asia,1968,2.24
LTU,Lithuania,Europe & Central Asia,1969,2.3
LTU,Lithuania,Europe & Central Asia,1970,2.4
LTU,Lithuania,Europe & Central Asia,1971,2.41
LTU,Lithuania,Europe & Central Asia,1972,2.34
LTU,Lithuania,Europe & Central Asia,1973,2.22
LTU,Lithuania,Europe & Central Asia,1974,2.21
LTU,Lithuania,Europe & Central Asia,1975,2.18
LTU,Lithuania,Europe & Central Asia,1976,2.18
LTU,Lithuania,Europe & Central Asia,1977,2.14
LTU,Lithuania,Europe & Central Asia,1978,2.08
LTU,Lithuania,Europe & Central Asia,1979,2.05
LTU,Lithuania,Europe & Central Asia,1980,1.99
LTU,Lithuania,Europe & Central Asia,1981,1.98
LTU,Lithuania,Europe & Central Asia,1982,1.97
LTU,Lithuania,Europe & Central Asia,1983,2.1
LTU,Lithuania,Europe & Central Asia,1984,2.07
LTU,Lithuania,Europe & Central Asia,1985,2.08
LTU,Lithuania,Europe & Central Asia,1986,2.12
LTU,Lithuania,Europe & Central Asia,1987,2.11
LTU,Lithuania,Europe & Central Asia,1988,2.02
LTU,Lithuania,Europe & Central Asia,1989,1.98
LTU,Lithuania,Europe & Central Asia,1990,2.03
LTU,Lithuania,Europe & Central Asia,1991,2.01
LTU,Lithuania,Europe & Central Asia,1992,1.97
LTU,Lithuania,Europe & Central Asia,1993,1.74
LTU,Lithuania,Europe & Central Asia,1994,1.57
LTU,Lithuania,Europe & Central Asia,1995,1.55
LTU,Lithuania,Europe & Central Asia,1996,1.49
LTU,Lithuania,Europe & Central Asia,1997,1.47
LTU,Lithuania,Europe & Central Asia,1998,1.46
LTU,Lithuania,Europe & Central Asia,1999,1.46
LTU,Lithuania,Europe & Central Asia,2000,1.39
LTU,Lithuania,Europe & Central Asia,2001,1.29
LTU,Lithuania,Europe & Central Asia,2002,1.23
LTU,Lithuania,Europe & Central Asia,2003,1.26
LTU,Lithuania,Europe & Central Asia,2004,1.27
LTU,Lithuania,Europe & Central Asia,2005,1.29
LTU,Lithuania,Europe & Central Asia,2006,1.33
LTU,Lithuania,Europe & Central Asia,2007,1.36
LTU,Lithuania,Europe & Central Asia,2008,1.45
LTU,Lithuania,Europe & Central Asia,2009,1.5
LTU,Lithuania,Europe & Central Asia,2010,1.5
LTU,Lithuania,Europe & Central Asia,2011,1.55
LTU,Lithuania,Europe & Central Asia,2012,1.6
LTU,Lithuania,Europe & Central Asia,2013,1.59
LTU,Lithuania,Europe & Central Asia,2014,1.57
LTU,Lithuania,Europe & Central Asia,2015,1.63
LTU,Lithuania,Europe & Central Asia,2016,1.63
LTU,Lithuania,Europe & Central Asia,2017,1.57
LTU,Lithuania,Europe & Central Asia,2018,1.53
LTU,Lithuania,Europe & Central Asia,2019,1.43
LTU,Lithuania,Europe & Central Asia,2020,1.36
LTU,Lithuania,Europe & Central Asia,2021,1.36
LTU,Lithuania,Europe & Central Asia,2022,1.27
LTU,Lithuania,Europe & Central Asia,2023,1.18
LTU,Lithuania,Europe & Central Asia,2024,1.11
LUX,Luxembourg,Europe & Central Asia,1960,2.29
LUX,Luxembourg,Europe & Central Asia,1962,2.37
LUX,Luxembourg,Europe & Central Asia,1964,2.34
LUX,Luxembourg,Europe & Central Asia,1965,2.42
LUX,Luxembourg,Europe & Central Asia,1966,2.34
LUX,Luxembourg,Europe & Central Asia,1967,2.24
LUX,Luxembourg,Europe & Central Asia,1968,2.12
LUX,Luxembourg,Europe & Central Asia,1969,2.02
LUX,Luxembourg,Europe & Central Asia,1970,1.97
LUX,Luxembourg,Europe & Central Asia,1971,1.95
LUX,Luxembourg,Europe & Central Asia,1972,1.75
LUX,Luxembourg,Europe & Central Asia,1973,1.58
LUX,Luxembourg,Europe & Central Asia,1974,1.58
LUX,Luxembourg,Europe & Central Asia,1975,1.55
LUX,Luxembourg,Europe & Central Asia,1976,1.48
LUX,Luxembourg,Europe & Central Asia,1977,1.5
LUX,Luxembourg,Europe & Central Asia,1978,1.48
LUX,Luxembourg,Europe & Central Asia,1979,1.48
LUX,Luxembourg,Europe & Central Asia,1980,1.5
LUX,Luxembourg,Europe & Central Asia,1981,1.55
LUX,Luxembourg,Europe & Central Asia,1982,1.49
LUX,Luxembourg,Europe & Central Asia,1983,1.43
LUX,Luxembourg,Europe & Central Asia,1984,1.42
LUX,Luxembourg,Europe & Central Asia,1985,1.38
LUX,Luxembourg,Europe & Central Asia,1986,1.43
LUX,Luxembourg,Europe & Central Asia,1987,1.4
LUX,Luxembourg,Europe & Central Asia,1988,1.51
LUX,Luxembourg,Europe & Central Asia,1989,1.52
LUX,Luxembourg,Europe & Central Asia,1990,1.6
LUX,Luxembourg,Europe & Central Asia,1991,1.6
LUX,Luxembourg,Europe & Central Asia,1992,1.64
LUX,Luxembourg,Europe & Central Asia,1993,1.7
LUX,Luxembourg,Europe & Central Asia,1994,1.72
LUX,Luxembourg,Europe & Central Asia,1995,1.7
LUX,Luxembourg,Europe & Central Asia,1996,1.77
LUX,Luxembourg,Europe & Central Asia,1997,1.71
LUX,Luxembourg,Europe & Central Asia,1998,1.68
LUX,Luxembourg,Europe & Central Asia,1999,1.74
LUX,Luxembourg,Europe & Central Asia,2000,1.76
LUX,Luxembourg,Europe & Central Asia,2001,1.66
LUX,Luxembourg,Europe & Central Asia,2002,1.63
LUX,Luxembourg,Europe & Central Asia,2003,1.62
LUX,Luxembourg,Europe & Central Asia,2004,1.66
LUX,Luxembourg,Europe & Central Asia,2005,1.63
LUX,Luxembourg,Europe & Central Asia,2006,1.65
LUX,Luxembourg,Europe & Central Asia,2007,1.61
LUX,Luxembourg,Europe & Central Asia,2008,1.61
LUX,Luxembourg,Europe & Central Asia,2009,1.59
LUX,Luxembourg,Europe & Central Asia,2010,1.63
LUX,Luxembourg,Europe & Central Asia,2011,1.52
LUX,Luxembourg,Europe & Central Asia,2012,1.57
LUX,Luxembourg,Europe & Central Asia,2013,1.55
LUX,Luxembourg,Europe & Central Asia,2014,1.5
LUX,Luxembourg,Europe & Central Asia,2015,1.47
LUX,Luxembourg,Europe & Central Asia,2016,1.41
LUX,Luxembourg,Europe & Central Asia,2017,1.39
LUX,Luxembourg,Europe & Central Asia,2018,1.38
LUX,Luxembourg,Europe & Central Asia,2019,1.34
LUX,Luxembourg,Europe & Central Asia,2020,1.36
LUX,Luxembourg,Europe & Central Asia,2021,1.38
LUX,Luxembourg,Europe & Central Asia,2022,1.31
LUX,Luxembourg,Europe & Central Asia,2023,1.25
LUX,Luxembourg,Europe & Central Asia,2024,1.25
LVA,Latvia,Europe & Central Asia,1960,1.94
LVA,Latvia,Europe & Central Asia,1961,1.94
LVA,Latvia,Europe & Central Asia,1962,1.91
LVA,Latvia,Europe & Central Asia,1963,1.85
LVA,Latvia,Europe & Central Asia,1964,1.79
LVA,Latvia,Europe & Central Asia,1965,1.74
LVA,Latvia,Europe & Central Asia,1966,1.76
LVA,Latvia,Europe & Central Asia,1967,1.8
LVA,Latvia,Europe & Central Asia,1968,1.83
LVA,Latvia,Europe & Central Asia,1969,1.88
LVA,Latvia,Europe & Central Asia,1970,1.96
LVA,Latvia,Europe & Central Asia,1971,2.0
LVA,Latvia,Europe & Central Asia,1972,2.0
LVA,Latvia,Europe & Central Asia,1973,1.98
LVA,Latvia,Europe & Central Asia,1974,1.97
LVA,Latvia,Europe & Central Asia,1975,1.96
LVA,Latvia,Europe & Central Asia,1976,1.93
LVA,Latvia,Europe & Central Asia,1977,1.89
LVA,Latvia,Europe & Central Asia,1978,1.87
LVA,Latvia,Europe & Central Asia,1979,1.87
LVA,Latvia,Europe & Central Asia,1980,1.86
LVA,Latvia,Europe & Central Asia,1981,1.88
LVA,Latvia,Europe & Central Asia,1982,1.97
LVA,Latvia,Europe & Central Asia,1983,2.07
LVA,Latvia,Europe & Central Asia,1984,2.09
LVA,Latvia,Europe & Central Asia,1985,2.08
LVA,Latvia,Europe & Central Asia,1986,2.12
LVA,Latvia,Europe & Central Asia,1987,2.15
LVA,Latvia,Europe & Central Asia,1988,2.11
LVA,Latvia,Europe & Central Asia,1989,2.05
LVA,Latvia,Europe & Central Asia,1990,2.02
LVA,Latvia,Europe & Central Asia,1991,1.86
LVA,Latvia,Europe & Central Asia,1992,1.73
LVA,Latvia,Europe & Central Asia,1993,1.51
LVA,Latvia,Europe & Central Asia,1994,1.39
LVA,Latvia,Europe & Central Asia,1995,1.25
LVA,Latvia,Europe & Central Asia,1996,1.16
LVA,Latvia,Europe & Central Asia,1997,1.11
LVA,Latvia,Europe & Central Asia,1998,1.09
LVA,Latvia,Europe & Central Asia,1999,1.16
LVA,Latvia,Europe & Central Asia,2000,1.25
LVA,Latvia,Europe & Central Asia,2001,1.22
LVA,Latvia,Europe & Central Asia,2002,1.26
LVA,Latvia,Europe & Central Asia,2003,1.32
LVA,Latvia,Europe & Central Asia,2004,1.29
LVA,Latvia,Europe & Central Asia,2005,1.39
LVA,Latvia,Europe & Central Asia,2006,1.46
LVA,Latvia,Europe & Central Asia,2007,1.54
LVA,Latvia,Europe & Central Asia,2008,1.58
LVA,Latvia,Europe & Central Asia,2009,1.46
LVA,Latvia,Europe & Central Asia,2010,1.36
LVA,Latvia,Europe & Central Asia,2011,1.33
LVA,Latvia,Europe & Central Asia,2012,1.44
LVA,Latvia,Europe & Central Asia,2013,1.52
LVA,Latvia,Europe & Central Asia,2014,1.65
LVA,Latvia,Europe & Central Asia,2015,1.7
LVA,Latvia,Europe & Central Asia,2016,1.74
LVA,Latvia,Europe & Central Asia,2017,1.69
LVA,Latvia,Europe & Central Asia,2018,1.6
LVA,Latvia,Europe & Central Asia,2019,1.61
LVA,Latvia,Europe & Central Asia,2020,1.55
LVA,Latvia,Europe & Central Asia,2021,1.57
LVA,Latvia,Europe & Central Asia,2022,1.47
LVA,Latvia,Europe & Central Asia,2023,1.36
LVA,Latvia,Europe & Central Asia,2024,1.24
MAC,"Macao SAR, China",East Asia & Pacific,1960,4.957
MAC,"Macao SAR, China",East Asia & Pacific,1961,4.674
MAC,"Macao SAR, China",East Asia & Pacific,1962,4.393
MAC,"Macao SAR, China",East Asia & Pacific,1963,4.227
MAC,"Macao SAR, China",East Asia & Pacific,1964,3.943
MAC,"Macao SAR, China",East Asia & Pacific,1965,3.619
MAC,"Macao SAR, China",East Asia & Pacific,1966,3.317
MAC,"Macao SAR, China",East Asia & Pacific,1967,3.014
MAC,"Macao SAR, China",East Asia & Pacific,1968,2.608
MAC,"Macao SAR, China",East Asia & Pacific,1969,2.307
MAC,"Macao SAR, China",East Asia & Pacific,1970,2.083
MAC,"Macao SAR, China",East Asia & Pacific,1971,1.994
MAC,"Macao SAR, China",East Asia & Pacific,1972,1.94
MAC,"Macao SAR, China",East Asia & Pacific,1973,1.843
MAC,"Macao SAR, China",East Asia & Pacific,1974,1.731
MAC,"Macao SAR, China",East Asia & Pacific,1975,1.554
MAC,"Macao SAR, China",East Asia & Pacific,1976,1.43
MAC,"Macao SAR, China",East Asia & Pacific,1977,1.391
MAC,"Macao SAR, China",East Asia & Pacific,1978,1.425
MAC,"Macao SAR, China",East Asia & Pacific,1979,1.58
MAC,"Macao SAR, China",East Asia & Pacific,1980,1.731
MAC,"Macao SAR, China",East Asia & Pacific,1981,1.849
MAC,"Macao SAR, China",East Asia & Pacific,1982,1.992
MAC,"Macao SAR, China",East Asia & Pacific,1983,2.098
MAC,"Macao SAR, China",East Asia & Pacific,1984,2.145
MAC,"Macao SAR, China",East Asia & Pacific,1985,2.235
MAC,"Macao SAR, China",East Asia & Pacific,1986,2.189
MAC,"Macao SAR, China",East Asia & Pacific,1987,2.06
MAC,"Macao SAR, China",East Asia & Pacific,1988,1.863
MAC,"Macao SAR, China",East Asia & Pacific,1989,1.81
MAC,"Macao SAR, China",East Asia & Pacific,1990,1.709
MAC,"Macao SAR, China",East Asia & Pacific,1991,1.615
MAC,"Macao SAR, China",East Asia & Pacific,1992,1.547
MAC,"Macao SAR, China",East Asia & Pacific,1993,1.471
MAC,"Macao SAR, China",East Asia & Pacific,1994,1.431
MAC,"Macao SAR, China",East Asia & Pacific,1995,1.367
MAC,"Macao SAR, China",East Asia & Pacific,1996,1.288
MAC,"Macao SAR, China",East Asia & Pacific,1997,1.205
MAC,"Macao SAR, China",East Asia & Pacific,1998,1.113
MAC,"Macao SAR, China",East Asia & Pacific,1999,1.025
MAC,"Macao SAR, China",East Asia & Pacific,2000,0.933
MAC,"Macao SAR, China",East Asia & Pacific,2001,0.818
MAC,"Macao SAR, China",East Asia & Pacific,2002,0.813
MAC,"Macao SAR, China",East Asia & Pacific,2003,0.837
MAC,"Macao SAR, China",East Asia & Pacific,2004,0.855
MAC,"Macao SAR, China",East Asia & Pacific,2005,0.912
MAC,"Macao SAR, China",East Asia & Pacific,2006,0.954
MAC,"Macao SAR, China",East Asia & Pacific,2007,1.008
MAC,"Macao SAR, China",East Asia & Pacific,2008,0.979
MAC,"Macao SAR, China",East Asia & Pacific,2009,1.004
MAC,"Macao SAR, China",East Asia & Pacific,2010,1.07
MAC,"Macao SAR, China",East Asia & Pacific,2011,1.15
MAC,"Macao SAR, China",East Asia & Pacific,2012,1.357
MAC,"Macao SAR, China",East Asia & Pacific,2013,1.15
MAC,"Macao SAR, China",East Asia & Pacific,2014,1.224
MAC,"Macao SAR, China",East Asia & Pacific,2015,1.142
MAC,"Macao SAR, China",East Asia & Pacific,2016,1.138
MAC,"Macao SAR, China",East Asia & Pacific,2017,1.021
MAC,"Macao SAR, China",East Asia & Pacific,2018,0.915
MAC,"Macao SAR, China",East Asia & Pacific,2019,0.899
MAC,"Macao SAR, China",East Asia & Pacific,2020,0.841
MAC,"Macao SAR, China",East Asia & Pacific,2021,0.756
MAC,"Macao SAR, China",East Asia & Pacific,2022,0.68
MAC,"Macao SAR, China",East Asia & Pacific,2023,0.586
MAC,"Macao SAR, China",East Asia & Pacific,2024,0.582
MAF,St. Martin (French part),Latin America & Caribbean,1960,6.389
MAF,St. Martin (French part),Latin America & Caribbean,1961,6.395
MAF,St. Martin (French part),Latin America & Caribbean,1962,6.373
MAF,St. Martin (French part),Latin America & Caribbean,1963,6.36
MAF,St. Martin (French part),Latin America & Caribbean,1964,6.354
MAF,St. Martin (French part),Latin America & Caribbean,1965,6.345
MAF,St. Martin (French part),Latin America & Caribbean,1966,6.323
MAF,St. Martin (French part),Latin America & Caribbean,1967,6.302
MAF,St. Martin (French part),Latin America & Caribbean,1968,6.262
MAF,St. Martin (French part),Latin America & Caribbean,1969,6.186
MAF,St. Martin (French part),Latin America & Caribbean,1970,6.089
MAF,St. Martin (French part),Latin America & Caribbean,1971,5.97
MAF,St. Martin (French part),Latin America & Caribbean,1972,5.839
MAF,St. Martin (French part),Latin America & Caribbean,1973,5.638
MAF,St. Martin (French part),Latin America & Caribbean,1974,5.388
MAF,St. Martin (French part),Latin America & Caribbean,1975,5.1
MAF,St. Martin (French part),Latin America & Caribbean,1976,4.839
MAF,St. Martin (French part),Latin America & Caribbean,1977,4.576
MAF,St. Martin (French part),Latin America & Caribbean,1978,4.319
MAF,St. Martin (French part),Latin America & Caribbean,1979,4.111
MAF,St. Martin (French part),Latin America & Caribbean,1980,3.884
MAF,St. Martin (French part),Latin America & Caribbean,1981,3.64
MAF,St. Martin (French part),Latin America & Caribbean,1982,3.362
MAF,St. Martin (French part),Latin America & Caribbean,1983,3.149
MAF,St. Martin (French part),Latin America & Caribbean,1984,3.033
MAF,St. Martin (French part),Latin America & Caribbean,1985,2.952
MAF,St. Martin (French part),Latin America & Caribbean,1986,2.895
MAF,St. Martin (French part),Latin America & Caribbean,1987,2.855
MAF,St. Martin (French part),Latin America & Caribbean,1988,2.824
MAF,St. Martin (French part),Latin America & Caribbean,1989,2.788
MAF,St. Martin (French part),Latin America & Caribbean,1990,2.745
MAF,St. Martin (French part),Latin America & Caribbean,1991,2.708
MAF,St. Martin (French part),Latin America & Caribbean,1992,2.68
MAF,St. Martin (French part),Latin America & Caribbean,1993,2.665
MAF,St. Martin (French part),Latin America & Caribbean,1994,2.669
MAF,St. Martin (French part),Latin America & Caribbean,1995,2.688
MAF,St. Martin (French part),Latin America & Caribbean,1996,2.71
MAF,St. Martin (French part),Latin America & Caribbean,1997,2.746
MAF,St. Martin (French part),Latin America & Caribbean,1998,2.795
MAF,St. Martin (French part),Latin America & Caribbean,1999,2.839
MAF,St. Martin (French part),Latin America & Caribbean,2000,2.876
MAF,St. Martin (French part),Latin America & Caribbean,2001,2.897
MAF,St. Martin (French part),Latin America & Caribbean,2002,2.896
MAF,St. Martin (French part),Latin America & Caribbean,2003,2.872
MAF,St. Martin (French part),Latin America & Caribbean,2004,2.827
MAF,St. Martin (French part),Latin America & Caribbean,2005,2.779
MAF,St. Martin (French part),Latin America & Caribbean,2006,2.711
MAF,St. Martin (French part),Latin America & Caribbean,2007,2.633
MAF,St. Martin (French part),Latin America & Caribbean,2008,2.55
MAF,St. Martin (French part),Latin America & Caribbean,2009,2.464
MAF,St. Martin (French part),Latin America & Caribbean,2010,2.4
MAF,St. Martin (French part),Latin America & Caribbean,2011,2.424
MAF,St. Martin (French part),Latin America & Caribbean,2012,2.773
MAF,St. Martin (French part),Latin America & Caribbean,2013,2.719
MAF,St. Martin (French part),Latin America & Caribbean,2014,2.707
MAF,St. Martin (French part),Latin America & Caribbean,2015,2.665
MAF,St. Martin (French part),Latin America & Caribbean,2016,2.643
MAF,St. Martin (French part),Latin America & Caribbean,2017,2.657
MAF,St. Martin (French part),Latin America & Caribbean,2018,2.725
MAF,St. Martin (French part),Latin America & Caribbean,2019,2.791
MAF,St. Martin (French part),Latin America & Caribbean,2020,2.829
MAF,St. Martin (French part),Latin America & Caribbean,2021,2.804
MAF,St. Martin (French part),Latin America & Caribbean,2022,2.763
MAF,St. Martin (French part),Latin America & Caribbean,2023,2.718
MAF,St. Martin (French part),Latin America & Caribbean,2024,2.673
MAR,Morocco,Middle East & North Africa,1960,6.887
MAR,Morocco,Middle East & North Africa,1961,6.969
MAR,Morocco,Middle East & North Africa,1962,7.046
MAR,Morocco,Middle East & North Africa,1963,7.012
MAR,Morocco,Middle East & North Africa,1964,6.97
MAR,Morocco,Middle East & North Africa,1965,6.932
MAR,Morocco,Middle East & North Africa,1966,6.889
MAR,Morocco,Middle East & North Africa,1967,6.845
MAR,Morocco,Middle East & North Africa,1968,6.786
MAR,Morocco,Middle East & North Africa,1969,6.726
MAR,Morocco,Middle East & North Africa,1970,6.682
MAR,Morocco,Middle East & North Africa,1971,6.616
MAR,Morocco,Middle East & North Africa,1972,6.545
MAR,Morocco,Middle East & North Africa,1973,6.481
MAR,Morocco,Middle East & North Africa,1974,6.397
MAR,Morocco,Middle East & North Africa,1975,6.299
MAR,Morocco,Middle East & North Africa,1976,6.175
MAR,Morocco,Middle East & North Africa,1977,6.036
MAR,Morocco,Middle East & North Africa,1978,5.91
MAR,Morocco,Middle East & North Africa,1979,5.849
MAR,Morocco,Middle East & North Africa,1980,5.784
MAR,Morocco,Middle East & North Africa,1981,5.71
MAR,Morocco,Middle East & North Africa,1982,5.604
MAR,Morocco,Middle East & North Africa,1983,5.41
MAR,Morocco,Middle East & North Africa,1984,5.199
MAR,Morocco,Middle East & North Africa,1985,4.988
MAR,Morocco,Middle East & North Africa,1986,4.772
MAR,Morocco,Middle East & North Africa,1987,4.583
MAR,Morocco,Middle East & North Africa,1988,4.394
MAR,Morocco,Middle East & North Africa,1989,4.217
MAR,Morocco,Middle East & North Africa,1990,4.06
MAR,Morocco,Middle East & North Africa,1991,3.947
MAR,Morocco,Middle East & North Africa,1992,3.757
MAR,Morocco,Middle East & North Africa,1993,3.548
MAR,Morocco,Middle East & North Africa,1994,3.413
MAR,Morocco,Middle East & North Africa,1995,3.295
MAR,Morocco,Middle East & North Africa,1996,3.229
MAR,Morocco,Middle East & North Africa,1997,3.147
MAR,Morocco,Middle East & North Africa,1998,3.037
MAR,Morocco,Middle East & North Africa,1999,2.882
MAR,Morocco,Middle East & North Africa,2000,2.774
MAR,Morocco,Middle East & North Africa,2001,2.686
MAR,Morocco,Middle East & North Africa,2002,2.617
MAR,Morocco,Middle East & North Africa,2003,2.606
MAR,Morocco,Middle East & North Africa,2004,2.611
MAR,Morocco,Middle East & North Africa,2005,2.613
MAR,Morocco,Middle East & North Africa,2006,2.611
MAR,Morocco,Middle East & North Africa,2007,2.618
MAR,Morocco,Middle East & North Africa,2008,2.612
MAR,Morocco,Middle East & North Africa,2009,2.624
MAR,Morocco,Middle East & North Africa,2010,2.629
MAR,Morocco,Middle East & North Africa,2011,2.595
MAR,Morocco,Middle East & North Africa,2012,2.543
MAR,Morocco,Middle East & North Africa,2013,2.478
MAR,Morocco,Middle East & North Africa,2014,2.425
MAR,Morocco,Middle East & North Africa,2015,2.406
MAR,Morocco,Middle East & North Africa,2016,2.396
MAR,Morocco,Middle East & North Africa,2017,2.375
MAR,Morocco,Middle East & North Africa,2018,2.354
MAR,Morocco,Middle East & North Africa,2019,2.342
MAR,Morocco,Middle East & North Africa,2020,2.32
MAR,Morocco,Middle East & North Africa,2021,2.288
MAR,Morocco,Middle East & North Africa,2022,2.256
MAR,Morocco,Middle East & North Africa,2023,2.23
MAR,Morocco,Middle East & North Africa,2024,2.208
MCO,Monaco,Europe & Central Asia,1960,2.812
MCO,Monaco,Europe & Central Asia,1961,2.783
MCO,Monaco,Europe & Central Asia,1962,2.756
MCO,Monaco,Europe & Central Asia,1963,2.727
MCO,Monaco,Europe & Central Asia,1964,2.69
MCO,Monaco,Europe & Central Asia,1965,2.66
MCO,Monaco,Europe & Central Asia,1966,2.625
MCO,Monaco,Europe & Central Asia,1967,2.591
MCO,Monaco,Europe & Central Asia,1968,2.566
MCO,Monaco,Europe & Central Asia,1969,2.536
MCO,Monaco,Europe & Central Asia,1970,2.5
MCO,Monaco,Europe & Central Asia,1971,2.47
MCO,Monaco,Europe & Central Asia,1972,2.44
MCO,Monaco,Europe & Central Asia,1973,2.408
MCO,Monaco,Europe & Central Asia,1974,2.377
MCO,Monaco,Europe & Central Asia,1975,2.351
MCO,Monaco,Europe & Central Asia,1976,2.326
MCO,Monaco,Europe & Central Asia,1977,2.306
MCO,Monaco,Europe & Central Asia,1978,2.284
MCO,Monaco,Europe & Central Asia,1979,2.264
MCO,Monaco,Europe & Central Asia,1980,2.244
MCO,Monaco,Europe & Central Asia,1981,2.224
MCO,Monaco,Europe & Central Asia,1982,2.203
MCO,Monaco,Europe & Central Asia,1983,2.184
MCO,Monaco,Europe & Central Asia,1984,2.165
MCO,Monaco,Europe & Central Asia,1985,2.141
MCO,Monaco,Europe & Central Asia,1986,2.106
MCO,Monaco,Europe & Central Asia,1987,2.062
MCO,Monaco,Europe & Central Asia,1988,2.011
MCO,Monaco,Europe & Central Asia,1989,1.934
MCO,Monaco,Europe & Central Asia,1990,1.848
MCO,Monaco,Europe & Central Asia,1991,1.786
MCO,Monaco,Europe & Central Asia,1992,1.755
MCO,Monaco,Europe & Central Asia,1993,1.749
MCO,Monaco,Europe & Central Asia,1994,1.756
MCO,Monaco,Europe & Central Asia,1995,1.783
MCO,Monaco,Europe & Central Asia,1996,1.824
MCO,Monaco,Europe & Central Asia,1997,1.884
MCO,Monaco,Europe & Central Asia,1998,1.954
MCO,Monaco,Europe & Central Asia,1999,2.007
MCO,Monaco,Europe & Central Asia,2000,2.082
MCO,Monaco,Europe & Central Asia,2001,2.176
MCO,Monaco,Europe & Central Asia,2002,2.006
MCO,Monaco,Europe & Central Asia,2003,1.914
MCO,Monaco,Europe & Central Asia,2004,1.994
MCO,Monaco,Europe & Central Asia,2005,2.006
MCO,Monaco,Europe & Central Asia,2006,2.101
MCO,Monaco,Europe & Central Asia,2007,2.206
MCO,Monaco,Europe & Central Asia,2008,2.384
MCO,Monaco,Europe & Central Asia,2009,2.397
MCO,Monaco,Europe & Central Asia,2010,2.385
MCO,Monaco,Europe & Central Asia,2011,2.22
MCO,Monaco,Europe & Central Asia,2012,2.294
MCO,Monaco,Europe & Central Asia,2013,2.313
MCO,Monaco,Europe & Central Asia,2014,2.485
MCO,Monaco,Europe & Central Asia,2015,2.503
MCO,Monaco,Europe & Central Asia,2016,2.578
MCO,Monaco,Europe & Central Asia,2017,2.418
MCO,Monaco,Europe & Central Asia,2018,2.485
MCO,Monaco,Europe & Central Asia,2019,2.403
MCO,Monaco,Europe & Central Asia,2020,2.38
MCO,Monaco,Europe & Central Asia,2021,2.122
MCO,Monaco,Europe & Central Asia,2022,2.114
MCO,Monaco,Europe & Central Asia,2023,2.11
MCO,Monaco,Europe & Central Asia,2024,2.102
MDA,Moldova,Europe & Central Asia,1960,3.315
MDA,Moldova,Europe & Central Asia,1961,3.228
MDA,Moldova,Europe & Central Asia,1962,3.043
MDA,Moldova,Europe & Central Asia,1963,2.891
MDA,Moldova,Europe & Central Asia,1964,2.71
MDA,Moldova,Europe & Central Asia,1965,2.685
MDA,Moldova,Europe & Central Asia,1966,2.651
MDA,Moldova,Europe & Central Asia,1967,2.617
MDA,Moldova,Europe & Central Asia,1968,2.592
MDA,Moldova,Europe & Central Asia,1969,2.566
MDA,Moldova,Europe & Central Asia,1970,2.565
MDA,Moldova,Europe & Central Asia,1971,2.563
MDA,Moldova,Europe & Central Asia,1972,2.564
MDA,Moldova,Europe & Central Asia,1973,2.566
MDA,Moldova,Europe & Central Asia,1974,2.564
MDA,Moldova,Europe & Central Asia,1975,2.522
MDA,Moldova,Europe & Central Asia,1976,2.472
MDA,Moldova,Europe & Central Asia,1977,2.424
MDA,Moldova,Europe & Central Asia,1978,2.387
MDA,Moldova,Europe & Central Asia,1979,2.384
MDA,Moldova,Europe & Central Asia,1980,2.381
MDA,Moldova,Europe & Central Asia,1981,2.402
MDA,Moldova,Europe & Central Asia,1982,2.449
MDA,Moldova,Europe & Central Asia,1983,2.578
MDA,Moldova,Europe & Central Asia,1984,2.669
MDA,Moldova,Europe & Central Asia,1985,2.674
MDA,Moldova,Europe & Central Asia,1986,2.738
MDA,Moldova,Europe & Central Asia,1987,2.776
MDA,Moldova,Europe & Central Asia,1988,2.628
MDA,Moldova,Europe & Central Asia,1989,2.463
MDA,Moldova,Europe & Central Asia,1990,2.392
MDA,Moldova,Europe & Central Asia,1991,2.278
MDA,Moldova,Europe & Central Asia,1992,2.217
MDA,Moldova,Europe & Central Asia,1993,2.112
MDA,Moldova,Europe & Central Asia,1994,1.993
MDA,Moldova,Europe & Central Asia,1995,1.825
MDA,Moldova,Europe & Central Asia,1996,1.709
MDA,Moldova,Europe & Central Asia,1997,1.79
MDA,Moldova,Europe & Central Asia,1998,1.65
MDA,Moldova,Europe & Central Asia,1999,1.556
MDA,Moldova,Europe & Central Asia,2000,1.496
MDA,Moldova,Europe & Central Asia,2001,1.471
MDA,Moldova,Europe & Central Asia,2002,1.448
MDA,Moldova,Europe & Central Asia,2003,1.479
MDA,Moldova,Europe & Central Asia,2004,1.543
MDA,Moldova,Europe & Central Asia,2005,1.528
MDA,Moldova,Europe & Central Asia,2006,1.537
MDA,Moldova,Europe & Central Asia,2007,1.575
MDA,Moldova,Europe & Central Asia,2008,1.638
MDA,Moldova,Europe & Central Asia,2009,1.719
MDA,Moldova,Europe & Central Asia,2010,1.703
MDA,Moldova,Europe & Central Asia,2011,1.65
MDA,Moldova,Europe & Central Asia,2012,1.661
MDA,Moldova,Europe & Central Asia,2013,1.622
MDA,Moldova,Europe & Central Asia,2014,1.82
MDA,Moldova,Europe & Central Asia,2015,1.87
MDA,Moldova,Europe & Central Asia,2016,1.89
MDA,Moldova,Europe & Central Asia,2017,1.81
MDA,Moldova,Europe & Central Asia,2018,1.81
MDA,Moldova,Europe & Central Asia,2019,1.78
MDA,Moldova,Europe & Central Asia,2020,1.77
MDA,Moldova,Europe & Central Asia,2021,1.751
MDA,Moldova,Europe & Central Asia,2022,1.694
MDA,Moldova,Europe & Central Asia,2023,1.731
MDA,Moldova,Europe & Central Asia,2024,1.726
MDG,Madagascar,Sub-Saharan Africa,1960,7.343
MDG,Madagascar,Sub-Saharan Africa,1961,7.299
MDG,Madagascar,Sub-Saharan Africa,1962,7.256
MDG,Madagascar,Sub-Saharan Africa,1963,7.212
MDG,Madagascar,Sub-Saharan Africa,1964,7.188
MDG,Madagascar,Sub-Saharan Africa,1965,7.171
MDG,Madagascar,Sub-Saharan Africa,1966,7.156
MDG,Madagascar,Sub-Saharan Africa,1967,7.144
MDG,Madagascar,Sub-Saharan Africa,1968,7.131
MDG,Madagascar,Sub-Saharan Africa,1969,7.118
MDG,Madagascar,Sub-Saharan Africa,1970,7.096
MDG,Madagascar,Sub-Saharan Africa,1971,7.068
MDG,Madagascar,Sub-Saharan Africa,1972,7.042
MDG,Madagascar,Sub-Saharan Africa,1973,7.011
MDG,Madagascar,Sub-Saharan Africa,1974,6.993
MDG,Madagascar,Sub-Saharan Africa,1975,6.971
MDG,Madagascar,Sub-Saharan Africa,1976,6.954
MDG,Madagascar,Sub-Saharan Africa,1977,6.927
MDG,Madagascar,Sub-Saharan Africa,1978,6.904
MDG,Madagascar,Sub-Saharan Africa,1979,6.872
MDG,Madagascar,Sub-Saharan Africa,1980,6.838
MDG,Madagascar,Sub-Saharan Africa,1981,6.774
MDG,Madagascar,Sub-Saharan Africa,1982,6.699
MDG,Madagascar,Sub-Saharan Africa,1983,6.626
MDG,Madagascar,Sub-Saharan Africa,1984,6.547
MDG,Madagascar,Sub-Saharan Africa,1985,6.456
MDG,Madagascar,Sub-Saharan Africa,1986,6.343
MDG,Madagascar,Sub-Saharan Africa,1987,6.242
MDG,Madagascar,Sub-Saharan Africa,1988,6.178
MDG,Madagascar,Sub-Saharan Africa,1989,6.149
MDG,Madagascar,Sub-Saharan Africa,1990,6.14
MDG,Madagascar,Sub-Saharan Africa,1991,6.118
MDG,Madagascar,Sub-Saharan Africa,1992,6.082
MDG,Madagascar,Sub-Saharan Africa,1993,6.062
MDG,Madagascar,Sub-Saharan Africa,1994,6.042
MDG,Madagascar,Sub-Saharan Africa,1995,6.036
MDG,Madagascar,Sub-Saharan Africa,1996,6.031
MDG,Madagascar,Sub-Saharan Africa,1997,6.023
MDG,Madagascar,Sub-Saharan Africa,1998,5.992
MDG,Madagascar,Sub-Saharan Africa,1999,5.839
MDG,Madagascar,Sub-Saharan Africa,2000,5.665
MDG,Madagascar,Sub-Saharan Africa,2001,5.528
MDG,Madagascar,Sub-Saharan Africa,2002,5.412
MDG,Madagascar,Sub-Saharan Africa,2003,5.329
MDG,Madagascar,Sub-Saharan Africa,2004,5.264
MDG,Madagascar,Sub-Saharan Africa,2005,5.195
MDG,Madagascar,Sub-Saharan Africa,2006,5.133
MDG,Madagascar,Sub-Saharan Africa,2007,5.083
MDG,Madagascar,Sub-Saharan Africa,2008,5.043
MDG,Madagascar,Sub-Saharan Africa,2009,5.003
MDG,Madagascar,Sub-Saharan Africa,2010,4.896
MDG,Madagascar,Sub-Saharan Africa,2011,4.737
MDG,Madagascar,Sub-Saharan Africa,2012,4.613
MDG,Madagascar,Sub-Saharan Africa,2013,4.527
MDG,Madagascar,Sub-Saharan Africa,2014,4.421
MDG,Madagascar,Sub-Saharan Africa,2015,4.335
MDG,Madagascar,Sub-Saharan Africa,2016,4.285
MDG,Madagascar,Sub-Saharan Africa,2017,4.259
MDG,Madagascar,Sub-Saharan Africa,2018,4.246
MDG,Madagascar,Sub-Saharan Africa,2019,4.221
MDG,Madagascar,Sub-Saharan Africa,2020,4.17
MDG,Madagascar,Sub-Saharan Africa,2021,4.104
MDG,Madagascar,Sub-Saharan Africa,2022,4.036
MDG,Madagascar,Sub-Saharan Africa,2023,3.972
MDG,Madagascar,Sub-Saharan Africa,2024,3.912
MDV,Maldives,South Asia,1960,6.713
MDV,Maldives,South Asia,1961,6.792
MDV,Maldives,South Asia,1962,6.887
MDV,Maldives,South Asia,1963,6.941
MDV,Maldives,South Asia,1964,7.003
MDV,Maldives,South Asia,1965,7.07
MDV,Maldives,South Asia,1966,7.145
MDV,Maldives,South Asia,1967,7.227
MDV,Maldives,South Asia,1968,7.279
MDV,Maldives,South Asia,1969,7.327
MDV,Maldives,South Asia,1970,7.391
MDV,Maldives,South Asia,1971,7.384
MDV,Maldives,South Asia,1972,7.374
MDV,Maldives,South Asia,1973,7.399
MDV,Maldives,South Asia,1974,7.377
MDV,Maldives,South Asia,1975,7.321
MDV,Maldives,South Asia,1976,7.292
MDV,Maldives,South Asia,1977,7.266
MDV,Maldives,South Asia,1978,7.229
MDV,Maldives,South Asia,1979,7.233
MDV,Maldives,South Asia,1980,7.226
MDV,Maldives,South Asia,1981,7.191
MDV,Maldives,South Asia,1982,7.146
MDV,Maldives,South Asia,1983,7.092
MDV,Maldives,South Asia,1984,7.025
MDV,Maldives,South Asia,1985,6.939
MDV,Maldives,South Asia,1986,6.846
MDV,Maldives,South Asia,1987,6.731
MDV,Maldives,South Asia,1988,6.583
MDV,Maldives,South Asia,1989,6.386
MDV,Maldives,South Asia,1990,6.13
MDV,Maldives,South Asia,1991,5.796
MDV,Maldives,South Asia,1992,5.435
MDV,Maldives,South Asia,1993,5.063
MDV,Maldives,South Asia,1994,4.688
MDV,Maldives,South Asia,1995,4.292
MDV,Maldives,South Asia,1996,3.859
MDV,Maldives,South Asia,1997,3.477
MDV,Maldives,South Asia,1998,3.171
MDV,Maldives,South Asia,1999,2.899
MDV,Maldives,South Asia,2000,2.691
MDV,Maldives,South Asia,2001,2.532
MDV,Maldives,South Asia,2002,2.425
MDV,Maldives,South Asia,2003,2.342
MDV,Maldives,South Asia,2004,2.262
MDV,Maldives,South Asia,2005,2.199
MDV,Maldives,South Asia,2006,2.204
MDV,Maldives,South Asia,2007,2.293
MDV,Maldives,South Asia,2008,2.371
MDV,Maldives,South Asia,2009,2.39
MDV,Maldives,South Asia,2010,2.349
MDV,Maldives,South Asia,2011,2.307
MDV,Maldives,South Asia,2012,2.254
MDV,Maldives,South Asia,2013,2.174
MDV,Maldives,South Asia,2014,2.089
MDV,Maldives,South Asia,2015,2.004
MDV,Maldives,South Asia,2016,1.903
MDV,Maldives,South Asia,2017,1.798
MDV,Maldives,South Asia,2018,1.71
MDV,Maldives,South Asia,2019,1.64
MDV,Maldives,South Asia,2020,1.613
MDV,Maldives,South Asia,2021,1.599
MDV,Maldives,South Asia,2022,1.583
MDV,Maldives,South Asia,2023,1.575
MDV,Maldives,South Asia,2024,1.56
MEX,Mexico,Latin America & Caribbean,1960,6.763
MEX,Mexico,Latin America & Caribbean,1961,6.777
MEX,Mexico,Latin America & Caribbean,1962,6.8
MEX,Mexico,Latin America & Caribbean,1963,6.817
MEX,Mexico,Latin America & Caribbean,1964,6.833
MEX,Mexico,Latin America & Caribbean,1965,6.819
MEX,Mexico,Latin America & Caribbean,1966,6.79
MEX,Mexico,Latin America & Caribbean,1967,6.753
MEX,Mexico,Latin America & Caribbean,1968,6.707
MEX,Mexico,Latin America & Caribbean,1969,6.626
MEX,Mexico,Latin America & Caribbean,1970,6.529
MEX,Mexico,Latin America & Caribbean,1971,6.419
MEX,Mexico,Latin America & Caribbean,1972,6.281
MEX,Mexico,Latin America & Caribbean,1973,6.121
MEX,Mexico,Latin America & Caribbean,1974,5.947
MEX,Mexico,Latin America & Caribbean,1975,5.739
MEX,Mexico,Latin America & Caribbean,1976,5.543
MEX,Mexico,Latin America & Caribbean,1977,5.361
MEX,Mexico,Latin America & Caribbean,1978,5.202
MEX,Mexico,Latin America & Caribbean,1979,4.964
MEX,Mexico,Latin America & Caribbean,1980,4.739
MEX,Mexico,Latin America & Caribbean,1981,4.574
MEX,Mexico,Latin America & Caribbean,1982,4.425
MEX,Mexico,Latin America & Caribbean,1983,4.296
MEX,Mexico,Latin America & Caribbean,1984,4.184
MEX,Mexico,Latin America & Caribbean,1985,4.087
MEX,Mexico,Latin America & Caribbean,1986,3.971
MEX,Mexico,Latin America & Caribbean,1987,3.803
MEX,Mexico,Latin America & Caribbean,1988,3.64
MEX,Mexico,Latin America & Caribbean,1989,3.532
MEX,Mexico,Latin America & Caribbean,1990,3.444
MEX,Mexico,Latin America & Caribbean,1991,3.363
MEX,Mexico,Latin America & Caribbean,1992,3.285
MEX,Mexico,Latin America & Caribbean,1993,3.211
MEX,Mexico,Latin America & Caribbean,1994,3.132
MEX,Mexico,Latin America & Caribbean,1995,3.044
MEX,Mexico,Latin America & Caribbean,1996,2.964
MEX,Mexico,Latin America & Caribbean,1997,2.886
MEX,Mexico,Latin America & Caribbean,1998,2.815
MEX,Mexico,Latin America & Caribbean,1999,2.763
MEX,Mexico,Latin America & Caribbean,2000,2.714
MEX,Mexico,Latin America & Caribbean,2001,2.671
MEX,Mexico,Latin America & Caribbean,2002,2.633
MEX,Mexico,Latin America & Caribbean,2003,2.579
MEX,Mexico,Latin America & Caribbean,2004,2.536
MEX,Mexico,Latin America & Caribbean,2005,2.495
MEX,Mexico,Latin America & Caribbean,2006,2.456
MEX,Mexico,Latin America & Caribbean,2007,2.421
MEX,Mexico,Latin America & Caribbean,2008,2.391
MEX,Mexico,Latin America & Caribbean,2009,2.364
MEX,Mexico,Latin America & Caribbean,2010,2.34
MEX,Mexico,Latin America & Caribbean,2011,2.317
MEX,Mexico,Latin America & Caribbean,2012,2.294
MEX,Mexico,Latin America & Caribbean,2013,2.269
MEX,Mexico,Latin America & Caribbean,2014,2.211
MEX,Mexico,Latin America & Caribbean,2015,2.137
MEX,Mexico,Latin America & Caribbean,2016,2.086
MEX,Mexico,Latin America & Caribbean,2017,2.041
MEX,Mexico,Latin America & Caribbean,2018,2.03
MEX,Mexico,Latin America & Caribbean,2019,2.02
MEX,Mexico,Latin America & Caribbean,2020,1.99
MEX,Mexico,Latin America & Caribbean,2021,1.97
MEX,Mexico,Latin America & Caribbean,2022,1.94
MEX,Mexico,Latin America & Caribbean,2023,1.91
MEX,Mexico,Latin America & Caribbean,2024,1.892
MHL,Marshall Islands,East Asia & Pacific,1960,8.077
MHL,Marshall Islands,East Asia & Pacific,1961,8.115
MHL,Marshall Islands,East Asia & Pacific,1962,8.122
MHL,Marshall Islands,East Asia & Pacific,1963,8.123
MHL,Marshall Islands,East Asia & Pacific,1964,8.143
MHL,Marshall Islands,East Asia & Pacific,1965,8.156
MHL,Marshall Islands,East Asia & Pacific,1966,8.199
MHL,Marshall Islands,East Asia & Pacific,1967,8.169
MHL,Marshall Islands,East Asia & Pacific,1968,8.143
MHL,Marshall Islands,East Asia & Pacific,1969,8.112
MHL,Marshall Islands,East Asia & Pacific,1970,8.075
MHL,Marshall Islands,East Asia & Pacific,1971,8.036
MHL,Marshall Islands,East Asia & Pacific,1972,7.995
MHL,Marshall Islands,East Asia & Pacific,1973,7.952
MHL,Marshall Islands,East Asia & Pacific,1974,7.899
MHL,Marshall Islands,East Asia & Pacific,1975,7.832
MHL,Marshall Islands,East Asia & Pacific,1976,7.757
MHL,Marshall Islands,East Asia & Pacific,1977,7.67
MHL,Marshall Islands,East Asia & Pacific,1978,7.58
MHL,Marshall Islands,East Asia & Pacific,1979,7.473
MHL,Marshall Islands,East Asia & Pacific,1980,7.37
MHL,Marshall Islands,East Asia & Pacific,1981,7.269
MHL,Marshall Islands,East Asia & Pacific,1982,7.179
MHL,Marshall Islands,East Asia & Pacific,1983,7.083
MHL,Marshall Islands,East Asia & Pacific,1984,6.988
MHL,Marshall Islands,East Asia & Pacific,1985,6.866
MHL,Marshall Islands,East Asia & Pacific,1986,6.731
MHL,Marshall Islands,East Asia & Pacific,1987,6.568
MHL,Marshall Islands,East Asia & Pacific,1988,6.384
MHL,Marshall Islands,East Asia & Pacific,1989,6.183
MHL,Marshall Islands,East Asia & Pacific,1990,5.97
MHL,Marshall Islands,East Asia & Pacific,1991,5.757
MHL,Marshall Islands,East Asia & Pacific,1992,5.546
MHL,Marshall Islands,East Asia & Pacific,1993,5.382
MHL,Marshall Islands,East Asia & Pacific,1994,5.232
MHL,Marshall Islands,East Asia & Pacific,1995,5.091
MHL,Marshall Islands,East Asia & Pacific,1996,5.021
MHL,Marshall Islands,East Asia & Pacific,1997,4.959
MHL,Marshall Islands,East Asia & Pacific,1998,4.868
MHL,Marshall Islands,East Asia & Pacific,1999,4.783
MHL,Marshall Islands,East Asia & Pacific,2000,4.695
MHL,Marshall Islands,East Asia & Pacific,2001,4.583
MHL,Marshall Islands,East Asia & Pacific,2002,4.488
MHL,Marshall Islands,East Asia & Pacific,2003,4.418
MHL,Marshall Islands,East Asia & Pacific,2004,4.34
MHL,Marshall Islands,East Asia & Pacific,2005,4.276
MHL,Marshall Islands,East Asia & Pacific,2006,4.197
MHL,Marshall Islands,East Asia & Pacific,2007,4.09
MHL,Marshall Islands,East Asia & Pacific,2008,3.967
MHL,Marshall Islands,East Asia & Pacific,2009,3.83
MHL,Marshall Islands,East Asia & Pacific,2010,3.673
MHL,Marshall Islands,East Asia & Pacific,2011,3.527
MHL,Marshall Islands,East Asia & Pacific,2012,3.382
MHL,Marshall Islands,East Asia & Pacific,2013,3.247
MHL,Marshall Islands,East Asia & Pacific,2014,3.18
MHL,Marshall Islands,East Asia & Pacific,2015,3.131
MHL,Marshall Islands,East Asia & Pacific,2016,3.091
MHL,Marshall Islands,East Asia & Pacific,2017,3.064
MHL,Marshall Islands,East Asia & Pacific,2018,3.038
MHL,Marshall Islands,East Asia & Pacific,2019,3.012
MHL,Marshall Islands,East Asia & Pacific,2020,2.989
MHL,Marshall Islands,East Asia & Pacific,2021,2.964
MHL,Marshall Islands,East Asia & Pacific,2022,2.936
MHL,Marshall Islands,East Asia & Pacific,2023,2.919
MHL,Marshall Islands,East Asia & Pacific,2024,2.864
MKD,North Macedonia,Europe & Central Asia,1960,3.826
MKD,North Macedonia,Europe & Central Asia,1961,3.615
MKD,North Macedonia,Europe & Central Asia,1962,3.503
MKD,North Macedonia,Europe & Central Asia,1963,3.616
MKD,North Macedonia,Europe & Central Asia,1964,3.56
MKD,North Macedonia,Europe & Central Asia,1965,3.516
MKD,North Macedonia,Europe & Central Asia,1966,3.432
MKD,North Macedonia,Europe & Central Asia,1967,3.332
MKD,North Macedonia,Europe & Central Asia,1968,3.219
MKD,North Macedonia,Europe & Central Asia,1969,3.101
MKD,North Macedonia,Europe & Central Asia,1970,3.012
MKD,North Macedonia,Europe & Central Asia,1971,2.927
MKD,North Macedonia,Europe & Central Asia,1972,2.865
MKD,North Macedonia,Europe & Central Asia,1973,2.719
MKD,North Macedonia,Europe & Central Asia,1974,2.698
MKD,North Macedonia,Europe & Central Asia,1975,2.692
MKD,North Macedonia,Europe & Central Asia,1976,2.623
MKD,North Macedonia,Europe & Central Asia,1977,2.49
MKD,North Macedonia,Europe & Central Asia,1978,2.416
MKD,North Macedonia,Europe & Central Asia,1979,2.401
MKD,North Macedonia,Europe & Central Asia,1980,2.363
MKD,North Macedonia,Europe & Central Asia,1981,2.293
MKD,North Macedonia,Europe & Central Asia,1982,2.286
MKD,North Macedonia,Europe & Central Asia,1983,2.25
MKD,North Macedonia,Europe & Central Asia,1984,2.24
MKD,North Macedonia,Europe & Central Asia,1985,2.252
MKD,North Macedonia,Europe & Central Asia,1986,2.253
MKD,North Macedonia,Europe & Central Asia,1987,2.315
MKD,North Macedonia,Europe & Central Asia,1988,2.324
MKD,North Macedonia,Europe & Central Asia,1989,2.25
MKD,North Macedonia,Europe & Central Asia,1990,2.269
MKD,North Macedonia,Europe & Central Asia,1991,2.31
MKD,North Macedonia,Europe & Central Asia,1992,2.281
MKD,North Macedonia,Europe & Central Asia,1993,2.26
MKD,North Macedonia,Europe & Central Asia,1994,2.232
MKD,North Macedonia,Europe & Central Asia,1995,2.13
MKD,North Macedonia,Europe & Central Asia,1996,2.059
MKD,North Macedonia,Europe & Central Asia,1997,1.916
MKD,North Macedonia,Europe & Central Asia,1998,1.89
MKD,North Macedonia,Europe & Central Asia,1999,1.77
MKD,North Macedonia,Europe & Central Asia,2000,1.863
MKD,North Macedonia,Europe & Central Asia,2001,1.729
MKD,North Macedonia,Europe & Central Asia,2002,1.786
MKD,North Macedonia,Europe & Central Asia,2003,1.745
MKD,North Macedonia,Europe & Central Asia,2004,1.524
MKD,North Macedonia,Europe & Central Asia,2005,1.5
MKD,North Macedonia,Europe & Central Asia,2006,1.46
MKD,North Macedonia,Europe & Central Asia,2007,1.46
MKD,North Macedonia,Europe & Central Asia,2008,1.47
MKD,North Macedonia,Europe & Central Asia,2009,1.5
MKD,North Macedonia,Europe & Central Asia,2010,1.6
MKD,North Macedonia,Europe & Central Asia,2011,1.46
MKD,North Macedonia,Europe & Central Asia,2012,1.5
MKD,North Macedonia,Europe & Central Asia,2013,1.5
MKD,North Macedonia,Europe & Central Asia,2014,1.5
MKD,North Macedonia,Europe & Central Asia,2015,1.49
MKD,North Macedonia,Europe & Central Asia,2016,1.5
MKD,North Macedonia,Europe & Central Asia,2017,1.43
MKD,North Macedonia,Europe & Central Asia,2018,1.42
MKD,North Macedonia,Europe & Central Asia,2019,1.34
MKD,North Macedonia,Europe & Central Asia,2020,1.31
MKD,North Macedonia,Europe & Central Asia,2021,1.6
MKD,North Macedonia,Europe & Central Asia,2022,1.6
MKD,North Macedonia,Europe & Central Asia,2023,1.5
MKD,North Macedonia,Europe & Central Asia,2024,1.4
MLI,Mali,Sub-Saharan Africa,1960,7.019
MLI,Mali,Sub-Saharan Africa,1961,7.031
MLI,Mali,Sub-Saharan Africa,1962,7.038
MLI,Mali,Sub-Saharan Africa,1963,7.046
MLI,Mali,Sub-Saharan Africa,1964,7.055
MLI,Mali,Sub-Saharan Africa,1965,7.081
MLI,Mali,Sub-Saharan Africa,1966,7.111
MLI,Mali,Sub-Saharan Africa,1967,7.136
MLI,Mali,Sub-Saharan Africa,1968,7.159
MLI,Mali,Sub-Saharan Africa,1969,7.175
MLI,Mali,Sub-Saharan Africa,1970,7.181
MLI,Mali,Sub-Saharan Africa,1971,7.203
MLI,Mali,Sub-Saharan Africa,1972,7.219
MLI,Mali,Sub-Saharan Africa,1973,7.223
MLI,Mali,Sub-Saharan Africa,1974,7.228
MLI,Mali,Sub-Saharan Africa,1975,7.253
MLI,Mali,Sub-Saharan Africa,1976,7.272
MLI,Mali,Sub-Saharan Africa,1977,7.299
MLI,Mali,Sub-Saharan Africa,1978,7.319
MLI,Mali,Sub-Saharan Africa,1979,7.348
MLI,Mali,Sub-Saharan Africa,1980,7.365
MLI,Mali,Sub-Saharan Africa,1981,7.365
MLI,Mali,Sub-Saharan Africa,1982,7.32
MLI,Mali,Sub-Saharan Africa,1983,7.276
MLI,Mali,Sub-Saharan Africa,1984,7.256
MLI,Mali,Sub-Saharan Africa,1985,7.261
MLI,Mali,Sub-Saharan Africa,1986,7.311
MLI,Mali,Sub-Saharan Africa,1987,7.312
MLI,Mali,Sub-Saharan Africa,1988,7.324
MLI,Mali,Sub-Saharan Africa,1989,7.331
MLI,Mali,Sub-Saharan Africa,1990,7.311
MLI,Mali,Sub-Saharan Africa,1991,7.28
MLI,Mali,Sub-Saharan Africa,1992,7.237
MLI,Mali,Sub-Saharan Africa,1993,7.18
MLI,Mali,Sub-Saharan Africa,1994,7.119
MLI,Mali,Sub-Saharan Africa,1995,7.052
MLI,Mali,Sub-Saharan Africa,1996,7.01
MLI,Mali,Sub-Saharan Africa,1997,6.971
MLI,Mali,Sub-Saharan Africa,1998,6.936
MLI,Mali,Sub-Saharan Africa,1999,6.911
MLI,Mali,Sub-Saharan Africa,2000,6.886
MLI,Mali,Sub-Saharan Africa,2001,6.852
MLI,Mali,Sub-Saharan Africa,2002,6.819
MLI,Mali,Sub-Saharan Africa,2003,6.783
MLI,Mali,Sub-Saharan Africa,2004,6.741
MLI,Mali,Sub-Saharan Africa,2005,6.708
MLI,Mali,Sub-Saharan Africa,2006,6.677
MLI,Mali,Sub-Saharan Africa,2007,6.647
MLI,Mali,Sub-Saharan Africa,2008,6.624
MLI,Mali,Sub-Saharan Africa,2009,6.592
MLI,Mali,Sub-Saharan Africa,2010,6.579
MLI,Mali,Sub-Saharan Africa,2011,6.545
MLI,Mali,Sub-Saharan Africa,2012,6.523
MLI,Mali,Sub-Saharan Africa,2013,6.491
MLI,Mali,Sub-Saharan Africa,2014,6.441
MLI,Mali,Sub-Saharan Africa,2015,6.385
MLI,Mali,Sub-Saharan Africa,2016,6.319
MLI,Mali,Sub-Saharan Africa,2017,6.251
MLI,Mali,Sub-Saharan Africa,2018,6.118
MLI,Mali,Sub-Saharan Africa,2019,5.892
MLI,Mali,Sub-Saharan Africa,2020,5.85
MLI,Mali,Sub-Saharan Africa,2021,5.779
MLI,Mali,Sub-Saharan Africa,2022,5.692
MLI,Mali,Sub-Saharan Africa,2023,5.614
MLI,Mali,Sub-Saharan Africa,2024,5.51
MLT,Malta,Middle East & North Africa,1960,3.62
MLT,Malta,Middle East & North Africa,1961,3.27
MLT,Malta,Middle East & North Africa,1962,3.24
MLT,Malta,Middle East & North Africa,1963,2.9
MLT,Malta,Middle East & North Africa,1964,2.79
MLT,Malta,Middle East & North Africa,1965,2.52
MLT,Malta,Middle East & North Africa,1966,2.33
MLT,Malta,Middle East & North Africa,1967,2.24
MLT,Malta,Middle East & North Africa,1968,2.12
MLT,Malta,Middle East & North Africa,1969,2.02
MLT,Malta,Middle East & North Africa,1970,2.03
MLT,Malta,Middle East & North Africa,1971,2.06
MLT,Malta,Middle East & North Africa,1972,2.01
MLT,Malta,Middle East & North Africa,1973,1.65
MLT,Malta,Middle East & North Africa,1974,1.64
MLT,Malta,Middle East & North Africa,1975,2.27
MLT,Malta,Middle East & North Africa,1976,2.21
MLT,Malta,Middle East & North Africa,1977,2.14
MLT,Malta,Middle East & North Africa,1978,2.05
MLT,Malta,Middle East & North Africa,1979,2.1
MLT,Malta,Middle East & North Africa,1980,1.99
MLT,Malta,Middle East & North Africa,1981,1.87
MLT,Malta,Middle East & North Africa,1982,1.9
MLT,Malta,Middle East & North Africa,1983,1.92
MLT,Malta,Middle East & North Africa,1984,1.95
MLT,Malta,Middle East & North Africa,1985,1.95
MLT,Malta,Middle East & North Africa,1986,1.93
MLT,Malta,Middle East & North Africa,1987,1.97
MLT,Malta,Middle East & North Africa,1988,2.06
MLT,Malta,Middle East & North Africa,1989,2.1
MLT,Malta,Middle East & North Africa,1990,2.02
MLT,Malta,Middle East & North Africa,1991,1.99
MLT,Malta,Middle East & North Africa,1992,2.07
MLT,Malta,Middle East & North Africa,1993,1.96
MLT,Malta,Middle East & North Africa,1994,1.84
MLT,Malta,Middle East & North Africa,1995,1.77
MLT,Malta,Middle East & North Africa,1996,1.99
MLT,Malta,Middle East & North Africa,1997,1.93
MLT,Malta,Middle East & North Africa,1998,1.84
MLT,Malta,Middle East & North Africa,1999,1.73
MLT,Malta,Middle East & North Africa,2000,1.68
MLT,Malta,Middle East & North Africa,2001,1.48
MLT,Malta,Middle East & North Africa,2002,1.45
MLT,Malta,Middle East & North Africa,2003,1.48
MLT,Malta,Middle East & North Africa,2004,1.4
MLT,Malta,Middle East & North Africa,2005,1.38
MLT,Malta,Middle East & North Africa,2006,1.36
MLT,Malta,Middle East & North Africa,2007,1.35
MLT,Malta,Middle East & North Africa,2008,1.43
MLT,Malta,Middle East & North Africa,2009,1.42
MLT,Malta,Middle East & North Africa,2010,1.36
MLT,Malta,Middle East & North Africa,2011,1.45
MLT,Malta,Middle East & North Africa,2012,1.42
MLT,Malta,Middle East & North Africa,2013,1.36
MLT,Malta,Middle East & North Africa,2014,1.38
MLT,Malta,Middle East & North Africa,2015,1.37
MLT,Malta,Middle East & North Africa,2016,1.37
MLT,Malta,Middle East & North Africa,2017,1.26
MLT,Malta,Middle East & North Africa,2018,1.23
MLT,Malta,Middle East & North Africa,2019,1.14
MLT,Malta,Middle East & North Africa,2020,1.14
MLT,Malta,Middle East & North Africa,2021,1.13
MLT,Malta,Middle East & North Africa,2022,1.08
MLT,Malta,Middle East & North Africa,2023,1.06
MLT,Malta,Middle East & North Africa,2024,1.01
MMR,Myanmar,East Asia & Pacific,1960,5.901
MMR,Myanmar,East Asia & Pacific,1961,5.9
MMR,Myanmar,East Asia & Pacific,1962,5.904
MMR,Myanmar,East Asia & Pacific,1963,5.905
MMR,Myanmar,East Asia & Pacific,1964,5.907
MMR,Myanmar,East Asia & Pacific,1965,5.912
MMR,Myanmar,East Asia & Pacific,1966,5.876
MMR,Myanmar,East Asia & Pacific,1967,5.842
MMR,Myanmar,East Asia & Pacific,1968,5.797
MMR,Myanmar,East Asia & Pacific,1969,5.747
MMR,Myanmar,East Asia & Pacific,1970,5.682
MMR,Myanmar,East Asia & Pacific,1971,5.615
MMR,Myanmar,East Asia & Pacific,1972,5.527
MMR,Myanmar,East Asia & Pacific,1973,5.435
MMR,Myanmar,East Asia & Pacific,1974,5.341
MMR,Myanmar,East Asia & Pacific,1975,5.249
MMR,Myanmar,East Asia & Pacific,1976,5.159
MMR,Myanmar,East Asia & Pacific,1977,5.069
MMR,Myanmar,East Asia & Pacific,1978,4.985
MMR,Myanmar,East Asia & Pacific,1979,4.897
MMR,Myanmar,East Asia & Pacific,1980,4.789
MMR,Myanmar,East Asia & Pacific,1981,4.688
MMR,Myanmar,East Asia & Pacific,1982,4.662
MMR,Myanmar,East Asia & Pacific,1983,4.633
MMR,Myanmar,East Asia & Pacific,1984,4.517
MMR,Myanmar,East Asia & Pacific,1985,4.316
MMR,Myanmar,East Asia & Pacific,1986,4.081
MMR,Myanmar,East Asia & Pacific,1987,3.861
MMR,Myanmar,East Asia & Pacific,1988,3.67
MMR,Myanmar,East Asia & Pacific,1989,3.593
MMR,Myanmar,East Asia & Pacific,1990,3.504
MMR,Myanmar,East Asia & Pacific,1991,3.432
MMR,Myanmar,East Asia & Pacific,1992,3.354
MMR,Myanmar,East Asia & Pacific,1993,3.281
MMR,Myanmar,East Asia & Pacific,1994,3.204
MMR,Myanmar,East Asia & Pacific,1995,3.127
MMR,Myanmar,East Asia & Pacific,1996,3.058
MMR,Myanmar,East Asia & Pacific,1997,2.985
MMR,Myanmar,East Asia & Pacific,1998,2.912
MMR,Myanmar,East Asia & Pacific,1999,2.851
MMR,Myanmar,East Asia & Pacific,2000,2.813
MMR,Myanmar,East Asia & Pacific,2001,2.793
MMR,Myanmar,East Asia & Pacific,2002,2.765
MMR,Myanmar,East Asia & Pacific,2003,2.68
MMR,Myanmar,East Asia & Pacific,2004,2.588
MMR,Myanmar,East Asia & Pacific,2005,2.515
MMR,Myanmar,East Asia & Pacific,2006,2.471
MMR,Myanmar,East Asia & Pacific,2007,2.447
MMR,Myanmar,East Asia & Pacific,2008,2.404
MMR,Myanmar,East Asia & Pacific,2009,2.369
MMR,Myanmar,East Asia & Pacific,2010,2.335
MMR,Myanmar,East Asia & Pacific,2011,2.306
MMR,Myanmar,East Asia & Pacific,2012,2.276
MMR,Myanmar,East Asia & Pacific,2013,2.264
MMR,Myanmar,East Asia & Pacific,2014,2.252
MMR,Myanmar,East Asia & Pacific,2015,2.266
MMR,Myanmar,East Asia & Pacific,2016,2.27
MMR,Myanmar,East Asia & Pacific,2017,2.252
MMR,Myanmar,East Asia & Pacific,2018,2.228
MMR,Myanmar,East Asia & Pacific,2019,2.206
MMR,Myanmar,East Asia & Pacific,2020,2.179
MMR,Myanmar,East Asia & Pacific,2021,2.158
MMR,Myanmar,East Asia & Pacific,2022,2.131
MMR,Myanmar,East Asia & Pacific,2023,2.115
MMR,Myanmar,East Asia & Pacific,2024,2.098
MNE,Montenegro,Europe & Central Asia,1960,3.532
MNE,Montenegro,Europe & Central Asia,1961,3.487
MNE,Montenegro,Europe & Central Asia,1962,3.443
MNE,Montenegro,Europe & Central Asia,1963,3.382
MNE,Montenegro,Europe & Central Asia,1964,3.279
MNE,Montenegro,Europe & Central Asia,1965,3.186
MNE,Montenegro,Europe & Central Asia,1966,3.093
MNE,Montenegro,Europe & Central Asia,1967,2.912
MNE,Montenegro,Europe & Central Asia,1968,2.795
MNE,Montenegro,Europe & Central Asia,1969,2.791
MNE,Montenegro,Europe & Central Asia,1970,2.687
MNE,Montenegro,Europe & Central Asia,1971,2.673
MNE,Montenegro,Europe & Central Asia,1972,2.611
MNE,Montenegro,Europe & Central Asia,1973,2.512
MNE,Montenegro,Europe & Central Asia,1974,2.434
MNE,Montenegro,Europe & Central Asia,1975,2.381
MNE,Montenegro,Europe & Central Asia,1976,2.352
MNE,Montenegro,Europe & Central Asia,1977,2.307
MNE,Montenegro,Europe & Central Asia,1978,2.247
MNE,Montenegro,Europe & Central Asia,1979,2.197
MNE,Montenegro,Europe & Central Asia,1980,2.217
MNE,Montenegro,Europe & Central Asia,1981,2.193
MNE,Montenegro,Europe & Central Asia,1982,2.186
MNE,Montenegro,Europe & Central Asia,1983,2.166
MNE,Montenegro,Europe & Central Asia,1984,2.136
MNE,Montenegro,Europe & Central Asia,1985,2.129
MNE,Montenegro,Europe & Central Asia,1986,2.091
MNE,Montenegro,Europe & Central Asia,1987,2.07
MNE,Montenegro,Europe & Central Asia,1988,2.006
MNE,Montenegro,Europe & Central Asia,1989,1.938
MNE,Montenegro,Europe & Central Asia,1990,1.945
MNE,Montenegro,Europe & Central Asia,1991,2.015
MNE,Montenegro,Europe & Central Asia,1992,2.013
MNE,Montenegro,Europe & Central Asia,1993,1.955
MNE,Montenegro,Europe & Central Asia,1994,1.936
MNE,Montenegro,Europe & Central Asia,1995,1.958
MNE,Montenegro,Europe & Central Asia,1996,1.922
MNE,Montenegro,Europe & Central Asia,1997,1.886
MNE,Montenegro,Europe & Central Asia,1998,1.893
MNE,Montenegro,Europe & Central Asia,1999,1.884
MNE,Montenegro,Europe & Central Asia,2000,1.903
MNE,Montenegro,Europe & Central Asia,2001,1.855
MNE,Montenegro,Europe & Central Asia,2002,1.813
MNE,Montenegro,Europe & Central Asia,2003,1.804
MNE,Montenegro,Europe & Central Asia,2004,1.734
MNE,Montenegro,Europe & Central Asia,2005,1.69
MNE,Montenegro,Europe & Central Asia,2006,1.73
MNE,Montenegro,Europe & Central Asia,2007,1.8
MNE,Montenegro,Europe & Central Asia,2008,1.89
MNE,Montenegro,Europe & Central Asia,2009,1.98
MNE,Montenegro,Europe & Central Asia,2010,1.7
MNE,Montenegro,Europe & Central Asia,2011,1.65
MNE,Montenegro,Europe & Central Asia,2012,1.72
MNE,Montenegro,Europe & Central Asia,2013,1.73
MNE,Montenegro,Europe & Central Asia,2014,1.75
MNE,Montenegro,Europe & Central Asia,2015,1.7
MNE,Montenegro,Europe & Central Asia,2016,1.8
MNE,Montenegro,Europe & Central Asia,2017,1.8
MNE,Montenegro,Europe & Central Asia,2018,1.8
MNE,Montenegro,Europe & Central Asia,2019,1.8
MNE,Montenegro,Europe & Central Asia,2020,1.75
MNE,Montenegro,Europe & Central Asia,2021,1.75
MNE,Montenegro,Europe & Central Asia,2022,1.8
MNE,Montenegro,Europe & Central Asia,2023,1.74
MNE,Montenegro,Europe & Central Asia,2024,1.8
MNG,Mongolia,East Asia & Pacific,1960,6.817
MNG,Mongolia,East Asia & Pacific,1961,6.963
MNG,Mongolia,East Asia & Pacific,1962,7.098
MNG,Mongolia,East Asia & Pacific,1963,7.238
MNG,Mongolia,East Asia & Pacific,1964,7.329
MNG,Mongolia,East Asia & Pacific,1965,7.377
MNG,Mongolia,East Asia & Pacific,1966,7.409
MNG,Mongolia,East Asia & Pacific,1967,7.389
MNG,Mongolia,East Asia & Pacific,1968,7.371
MNG,Mongolia,East Asia & Pacific,1969,7.337
MNG,Mongolia,East Asia & Pacific,1970,7.314
MNG,Mongolia,East Asia & Pacific,1971,7.297
MNG,Mongolia,East Asia & Pacific,1972,7.279
MNG,Mongolia,East Asia & Pacific,1973,7.24
MNG,Mongolia,East Asia & Pacific,1974,7.173
MNG,Mongolia,East Asia & Pacific,1975,7.066
MNG,Mongolia,East Asia & Pacific,1976,6.931
MNG,Mongolia,East Asia & Pacific,1977,6.79
MNG,Mongolia,East Asia & Pacific,1978,6.62
MNG,Mongolia,East Asia & Pacific,1979,6.424
MNG,Mongolia,East Asia & Pacific,1980,6.211
MNG,Mongolia,East Asia & Pacific,1981,5.982
MNG,Mongolia,East Asia & Pacific,1982,5.801
MNG,Mongolia,East Asia & Pacific,1983,5.628
MNG,Mongolia,East Asia & Pacific,1984,5.451
MNG,Mongolia,East Asia & Pacific,1985,5.262
MNG,Mongolia,East Asia & Pacific,1986,5.029
MNG,Mongolia,East Asia & Pacific,1987,4.829
MNG,Mongolia,East Asia & Pacific,1988,4.647
MNG,Mongolia,East Asia & Pacific,1989,4.42
MNG,Mongolia,East Asia & Pacific,1990,4.5
MNG,Mongolia,East Asia & Pacific,1991,4.0
MNG,Mongolia,East Asia & Pacific,1992,3.5
MNG,Mongolia,East Asia & Pacific,1993,2.5
MNG,Mongolia,East Asia & Pacific,1994,2.7
MNG,Mongolia,East Asia & Pacific,1995,2.77
MNG,Mongolia,East Asia & Pacific,1996,2.5
MNG,Mongolia,East Asia & Pacific,1997,2.4
MNG,Mongolia,East Asia & Pacific,1998,2.3
MNG,Mongolia,East Asia & Pacific,1999,2.3
MNG,Mongolia,East Asia & Pacific,2000,2.2
MNG,Mongolia,East Asia & Pacific,2001,2.2
MNG,Mongolia,East Asia & Pacific,2002,2.1
MNG,Mongolia,East Asia & Pacific,2003,2.0
MNG,Mongolia,East Asia & Pacific,2004,2.0
MNG,Mongolia,East Asia & Pacific,2005,2.0
MNG,Mongolia,East Asia & Pacific,2006,2.1
MNG,Mongolia,East Asia & Pacific,2007,2.3
MNG,Mongolia,East Asia & Pacific,2008,2.6
MNG,Mongolia,East Asia & Pacific,2009,2.8
MNG,Mongolia,East Asia & Pacific,2010,2.4
MNG,Mongolia,East Asia & Pacific,2011,2.6
MNG,Mongolia,East Asia & Pacific,2012,2.7
MNG,Mongolia,East Asia & Pacific,2013,3.0
MNG,Mongolia,East Asia & Pacific,2014,3.1
MNG,Mongolia,East Asia & Pacific,2015,3.0
MNG,Mongolia,East Asia & Pacific,2016,3.0
MNG,Mongolia,East Asia & Pacific,2017,2.8
MNG,Mongolia,East Asia & Pacific,2018,2.9
MNG,Mongolia,East Asia & Pacific,2019,3.0
MNG,Mongolia,East Asia & Pacific,2020,2.9
MNG,Mongolia,East Asia & Pacific,2021,2.8
MNG,Mongolia,East Asia & Pacific,2022,2.7
MNG,Mongolia,East Asia & Pacific,2023,2.7
MNG,Mongolia,East Asia & Pacific,2024,2.5
MNP,Northern Mariana Islands,East Asia & Pacific,1960,5.958
MNP,Northern Mariana Islands,East Asia & Pacific,1961,5.912
MNP,Northern Mariana Islands,East Asia & Pacific,1962,5.848
MNP,Northern Mariana Islands,East Asia & Pacific,1963,5.793
MNP,Northern Mariana Islands,East Asia & Pacific,1964,5.716
MNP,Northern Mariana Islands,East Asia & Pacific,1965,5.658
MNP,Northern Mariana Islands,East Asia & Pacific,1966,5.589
MNP,Northern Mariana Islands,East Asia & Pacific,1967,5.701
MNP,Northern Mariana Islands,East Asia & Pacific,1968,7.741
MNP,Northern Mariana Islands,East Asia & Pacific,1969,7.623
MNP,Northern Mariana Islands,East Asia & Pacific,1970,7.439
MNP,Northern Mariana Islands,East Asia & Pacific,1971,7.134
MNP,Northern Mariana Islands,East Asia & Pacific,1972,6.776
MNP,Northern Mariana Islands,East Asia & Pacific,1973,6.398
MNP,Northern Mariana Islands,East Asia & Pacific,1974,6.02
MNP,Northern Mariana Islands,East Asia & Pacific,1975,5.625
MNP,Northern Mariana Islands,East Asia & Pacific,1976,5.234
MNP,Northern Mariana Islands,East Asia & Pacific,1977,4.829
MNP,Northern Mariana Islands,East Asia & Pacific,1978,4.434
MNP,Northern Mariana Islands,East Asia & Pacific,1979,4.047
MNP,Northern Mariana Islands,East Asia & Pacific,1980,3.647
MNP,Northern Mariana Islands,East Asia & Pacific,1981,3.258
MNP,Northern Mariana Islands,East Asia & Pacific,1982,2.896
MNP,Northern Mariana Islands,East Asia & Pacific,1983,2.581
MNP,Northern Mariana Islands,East Asia & Pacific,1984,2.323
MNP,Northern Mariana Islands,East Asia & Pacific,1985,2.145
MNP,Northern Mariana Islands,East Asia & Pacific,1986,2.174
MNP,Northern Mariana Islands,East Asia & Pacific,1987,2.343
MNP,Northern Mariana Islands,East Asia & Pacific,1988,2.157
MNP,Northern Mariana Islands,East Asia & Pacific,1989,2.015
MNP,Northern Mariana Islands,East Asia & Pacific,1990,2.338
MNP,Northern Mariana Islands,East Asia & Pacific,1991,2.823
MNP,Northern Mariana Islands,East Asia & Pacific,1992,3.066
MNP,Northern Mariana Islands,East Asia & Pacific,1993,3.226
MNP,Northern Mariana Islands,East Asia & Pacific,1994,2.978
MNP,Northern Mariana Islands,East Asia & Pacific,1995,3.077
MNP,Northern Mariana Islands,East Asia & Pacific,1996,2.588
MNP,Northern Mariana Islands,East Asia & Pacific,1997,2.245
MNP,Northern Mariana Islands,East Asia & Pacific,1998,1.685
MNP,Northern Mariana Islands,East Asia & Pacific,1999,1.614
MNP,Northern Mariana Islands,East Asia & Pacific,2000,1.64
MNP,Northern Mariana Islands,East Asia & Pacific,2001,1.736
MNP,Northern Mariana Islands,East Asia & Pacific,2002,1.678
MNP,Northern Mariana Islands,East Asia & Pacific,2003,1.893
MNP,Northern Mariana Islands,East Asia & Pacific,2004,2.066
MNP,Northern Mariana Islands,East Asia & Pacific,2005,2.256
MNP,Northern Mariana Islands,East Asia & Pacific,2006,2.613
MNP,Northern Mariana Islands,East Asia & Pacific,2007,2.786
MNP,Northern Mariana Islands,East Asia & Pacific,2008,2.815
MNP,Northern Mariana Islands,East Asia & Pacific,2009,2.736
MNP,Northern Mariana Islands,East Asia & Pacific,2010,2.982
MNP,Northern Mariana Islands,East Asia & Pacific,2011,3.208
MNP,Northern Mariana Islands,East Asia & Pacific,2012,3.328
MNP,Northern Mariana Islands,East Asia & Pacific,2013,3.535
MNP,Northern Mariana Islands,East Asia & Pacific,2014,3.372
MNP,Northern Mariana Islands,East Asia & Pacific,2015,3.134
MNP,Northern Mariana Islands,East Asia & Pacific,2016,2.923
MNP,Northern Mariana Islands,East Asia & Pacific,2017,2.762
MNP,Northern Mariana Islands,East Asia & Pacific,2018,2.643
MNP,Northern Mariana Islands,East Asia & Pacific,2019,2.559
MNP,Northern Mariana Islands,East Asia & Pacific,2020,2.494
MNP,Northern Mariana Islands,East Asia & Pacific,2021,2.441
MNP,Northern Mariana Islands,East Asia & Pacific,2022,2.388
MNP,Northern Mariana Islands,East Asia & Pacific,2023,2.348
MNP,Northern Mariana Islands,East Asia & Pacific,2024,2.324
MOZ,Mozambique,Sub-Saharan Africa,1960,6.312
MOZ,Mozambique,Sub-Saharan Africa,1961,6.366
MOZ,Mozambique,Sub-Saharan Africa,1962,6.424
MOZ,Mozambique,Sub-Saharan Africa,1963,6.474
MOZ,Mozambique,Sub-Saharan Africa,1964,6.513
MOZ,Mozambique,Sub-Saharan Africa,1965,6.544
MOZ,Mozambique,Sub-Saharan Africa,1966,6.577
MOZ,Mozambique,Sub-Saharan Africa,1967,6.607
MOZ,Mozambique,Sub-Saharan Africa,1968,6.646
MOZ,Mozambique,Sub-Saharan Africa,1969,6.672
MOZ,Mozambique,Sub-Saharan Africa,1970,6.699
MOZ,Mozambique,Sub-Saharan Africa,1971,6.701
MOZ,Mozambique,Sub-Saharan Africa,1972,6.701
MOZ,Mozambique,Sub-Saharan Africa,1973,6.698
MOZ,Mozambique,Sub-Saharan Africa,1974,6.671
MOZ,Mozambique,Sub-Saharan Africa,1975,6.659
MOZ,Mozambique,Sub-Saharan Africa,1976,6.641
MOZ,Mozambique,Sub-Saharan Africa,1977,6.617
MOZ,Mozambique,Sub-Saharan Africa,1978,6.592
MOZ,Mozambique,Sub-Saharan Africa,1979,6.564
MOZ,Mozambique,Sub-Saharan Africa,1980,6.53
MOZ,Mozambique,Sub-Saharan Africa,1981,6.48
MOZ,Mozambique,Sub-Saharan Africa,1982,6.43
MOZ,Mozambique,Sub-Saharan Africa,1983,6.434
MOZ,Mozambique,Sub-Saharan Africa,1984,6.438
MOZ,Mozambique,Sub-Saharan Africa,1985,6.43
MOZ,Mozambique,Sub-Saharan Africa,1986,6.413
MOZ,Mozambique,Sub-Saharan Africa,1987,6.393
MOZ,Mozambique,Sub-Saharan Africa,1988,6.367
MOZ,Mozambique,Sub-Saharan Africa,1989,6.348
MOZ,Mozambique,Sub-Saharan Africa,1990,6.319
MOZ,Mozambique,Sub-Saharan Africa,1991,6.276
MOZ,Mozambique,Sub-Saharan Africa,1992,6.218
MOZ,Mozambique,Sub-Saharan Africa,1993,6.153
MOZ,Mozambique,Sub-Saharan Africa,1994,6.082
MOZ,Mozambique,Sub-Saharan Africa,1995,6.019
MOZ,Mozambique,Sub-Saharan Africa,1996,5.973
MOZ,Mozambique,Sub-Saharan Africa,1997,5.933
MOZ,Mozambique,Sub-Saharan Africa,1998,5.905
MOZ,Mozambique,Sub-Saharan Africa,1999,5.875
MOZ,Mozambique,Sub-Saharan Africa,2000,5.83
MOZ,Mozambique,Sub-Saharan Africa,2001,5.755
MOZ,Mozambique,Sub-Saharan Africa,2002,5.667
MOZ,Mozambique,Sub-Saharan Africa,2003,5.6
MOZ,Mozambique,Sub-Saharan Africa,2004,5.551
MOZ,Mozambique,Sub-Saharan Africa,2005,5.5
MOZ,Mozambique,Sub-Saharan Africa,2006,5.452
MOZ,Mozambique,Sub-Saharan Africa,2007,5.466
MOZ,Mozambique,Sub-Saharan Africa,2008,5.598
MOZ,Mozambique,Sub-Saharan Africa,2009,5.681
MOZ,Mozambique,Sub-Saharan Africa,2010,5.66
MOZ,Mozambique,Sub-Saharan Africa,2011,5.599
MOZ,Mozambique,Sub-Saharan Africa,2012,5.518
MOZ,Mozambique,Sub-Saharan Africa,2013,5.43
MOZ,Mozambique,Sub-Saharan Africa,2014,5.304
MOZ,Mozambique,Sub-Saharan Africa,2015,5.245
MOZ,Mozambique,Sub-Saharan Africa,2016,5.188
MOZ,Mozambique,Sub-Saharan Africa,2017,5.128
MOZ,Mozambique,Sub-Saharan Africa,2018,5.07
MOZ,Mozambique,Sub-Saharan Africa,2019,5.016
MOZ,Mozambique,Sub-Saharan Africa,2020,4.959
MOZ,Mozambique,Sub-Saharan Africa,2021,4.905
MOZ,Mozambique,Sub-Saharan Africa,2022,4.84
MOZ,Mozambique,Sub-Saharan Africa,2023,4.763
MOZ,Mozambique,Sub-Saharan Africa,2024,4.69
MRT,Mauritania,Sub-Saharan Africa,1960,6.149
MRT,Mauritania,Sub-Saharan Africa,1961,6.199
MRT,Mauritania,Sub-Saharan Africa,1962,6.244
MRT,Mauritania,Sub-Saharan Africa,1963,6.312
MRT,Mauritania,Sub-Saharan Africa,1964,6.37
MRT,Mauritania,Sub-Saharan Africa,1965,6.444
MRT,Mauritania,Sub-Saharan Africa,1966,6.516
MRT,Mauritania,Sub-Saharan Africa,1967,6.568
MRT,Mauritania,Sub-Saharan Africa,1968,6.603
MRT,Mauritania,Sub-Saharan Africa,1969,6.643
MRT,Mauritania,Sub-Saharan Africa,1970,6.677
MRT,Mauritania,Sub-Saharan Africa,1971,6.696
MRT,Mauritania,Sub-Saharan Africa,1972,6.706
MRT,Mauritania,Sub-Saharan Africa,1973,6.718
MRT,Mauritania,Sub-Saharan Africa,1974,6.73
MRT,Mauritania,Sub-Saharan Africa,1975,6.713
MRT,Mauritania,Sub-Saharan Africa,1976,6.727
MRT,Mauritania,Sub-Saharan Africa,1977,6.736
MRT,Mauritania,Sub-Saharan Africa,1978,6.727
MRT,Mauritania,Sub-Saharan Africa,1979,6.702
MRT,Mauritania,Sub-Saharan Africa,1980,6.671
MRT,Mauritania,Sub-Saharan Africa,1981,6.635
MRT,Mauritania,Sub-Saharan Africa,1982,6.588
MRT,Mauritania,Sub-Saharan Africa,1983,6.541
MRT,Mauritania,Sub-Saharan Africa,1984,6.483
MRT,Mauritania,Sub-Saharan Africa,1985,6.423
MRT,Mauritania,Sub-Saharan Africa,1986,6.343
MRT,Mauritania,Sub-Saharan Africa,1987,6.271
MRT,Mauritania,Sub-Saharan Africa,1988,6.213
MRT,Mauritania,Sub-Saharan Africa,1989,6.195
MRT,Mauritania,Sub-Saharan Africa,1990,6.175
MRT,Mauritania,Sub-Saharan Africa,1991,6.157
MRT,Mauritania,Sub-Saharan Africa,1992,6.126
MRT,Mauritania,Sub-Saharan Africa,1993,6.093
MRT,Mauritania,Sub-Saharan Africa,1994,6.058
MRT,Mauritania,Sub-Saharan Africa,1995,5.962
MRT,Mauritania,Sub-Saharan Africa,1996,5.861
MRT,Mauritania,Sub-Saharan Africa,1997,5.743
MRT,Mauritania,Sub-Saharan Africa,1998,5.623
MRT,Mauritania,Sub-Saharan Africa,1999,5.524
MRT,Mauritania,Sub-Saharan Africa,2000,5.456
MRT,Mauritania,Sub-Saharan Africa,2001,5.407
MRT,Mauritania,Sub-Saharan Africa,2002,5.373
MRT,Mauritania,Sub-Saharan Africa,2003,5.364
MRT,Mauritania,Sub-Saharan Africa,2004,5.374
MRT,Mauritania,Sub-Saharan Africa,2005,5.376
MRT,Mauritania,Sub-Saharan Africa,2006,5.404
MRT,Mauritania,Sub-Saharan Africa,2007,5.426
MRT,Mauritania,Sub-Saharan Africa,2008,5.436
MRT,Mauritania,Sub-Saharan Africa,2009,5.406
MRT,Mauritania,Sub-Saharan Africa,2010,5.384
MRT,Mauritania,Sub-Saharan Africa,2011,5.38
MRT,Mauritania,Sub-Saharan Africa,2012,5.352
MRT,Mauritania,Sub-Saharan Africa,2013,5.317
MRT,Mauritania,Sub-Saharan Africa,2014,5.261
MRT,Mauritania,Sub-Saharan Africa,2015,5.211
MRT,Mauritania,Sub-Saharan Africa,2016,5.157
MRT,Mauritania,Sub-Saharan Africa,2017,5.106
MRT,Mauritania,Sub-Saharan Africa,2018,5.044
MRT,Mauritania,Sub-Saharan Africa,2019,4.984
MRT,Mauritania,Sub-Saharan Africa,2020,4.912
MRT,Mauritania,Sub-Saharan Africa,2021,4.848
MRT,Mauritania,Sub-Saharan Africa,2022,4.77
MRT,Mauritania,Sub-Saharan Africa,2023,4.697
MRT,Mauritania,Sub-Saharan Africa,2024,4.625
MUS,Mauritius,Sub-Saharan Africa,1960,5.897
MUS,Mauritius,Sub-Saharan Africa,1961,5.982
MUS,Mauritius,Sub-Saharan Africa,1962,5.877
MUS,Mauritius,Sub-Saharan Africa,1963,6.18
MUS,Mauritius,Sub-Saharan Africa,1964,5.956
MUS,Mauritius,Sub-Saharan Africa,1965,5.508
MUS,Mauritius,Sub-Saharan Africa,1966,5.46
MUS,Mauritius,Sub-Saharan Africa,1967,4.626
MUS,Mauritius,Sub-Saharan Africa,1968,4.596
MUS,Mauritius,Sub-Saharan Africa,1969,3.965
MUS,Mauritius,Sub-Saharan Africa,1970,3.82
MUS,Mauritius,Sub-Saharan Africa,1971,3.508
MUS,Mauritius,Sub-Saharan Africa,1972,3.407
MUS,Mauritius,Sub-Saharan Africa,1973,3.071
MUS,Mauritius,Sub-Saharan Africa,1974,3.453
MUS,Mauritius,Sub-Saharan Africa,1975,3.197
MUS,Mauritius,Sub-Saharan Africa,1976,3.129
MUS,Mauritius,Sub-Saharan Africa,1977,3.071
MUS,Mauritius,Sub-Saharan Africa,1978,3.011
MUS,Mauritius,Sub-Saharan Africa,1979,2.914
MUS,Mauritius,Sub-Saharan Africa,1980,2.803
MUS,Mauritius,Sub-Saharan Africa,1981,2.666
MUS,Mauritius,Sub-Saharan Africa,1982,2.534
MUS,Mauritius,Sub-Saharan Africa,1983,2.396
MUS,Mauritius,Sub-Saharan Africa,1984,2.16
MUS,Mauritius,Sub-Saharan Africa,1985,2.02
MUS,Mauritius,Sub-Saharan Africa,1986,1.99
MUS,Mauritius,Sub-Saharan Africa,1987,2.05
MUS,Mauritius,Sub-Saharan Africa,1988,2.14
MUS,Mauritius,Sub-Saharan Africa,1989,2.23
MUS,Mauritius,Sub-Saharan Africa,1990,2.32
MUS,Mauritius,Sub-Saharan Africa,1991,2.3
MUS,Mauritius,Sub-Saharan Africa,1992,2.37
MUS,Mauritius,Sub-Saharan Africa,1993,2.21
MUS,Mauritius,Sub-Saharan Africa,1994,2.25
MUS,Mauritius,Sub-Saharan Africa,1995,2.14
MUS,Mauritius,Sub-Saharan Africa,1996,2.12
MUS,Mauritius,Sub-Saharan Africa,1997,2.04
MUS,Mauritius,Sub-Saharan Africa,1998,1.97
MUS,Mauritius,Sub-Saharan Africa,1999,2.05
MUS,Mauritius,Sub-Saharan Africa,2000,1.99
MUS,Mauritius,Sub-Saharan Africa,2001,1.91
MUS,Mauritius,Sub-Saharan Africa,2002,1.94
MUS,Mauritius,Sub-Saharan Africa,2003,1.87
MUS,Mauritius,Sub-Saharan Africa,2004,1.92
MUS,Mauritius,Sub-Saharan Africa,2005,1.88
MUS,Mauritius,Sub-Saharan Africa,2006,1.77
MUS,Mauritius,Sub-Saharan Africa,2007,1.74
MUS,Mauritius,Sub-Saharan Africa,2008,1.67
MUS,Mauritius,Sub-Saharan Africa,2009,1.59
MUS,Mauritius,Sub-Saharan Africa,2010,1.57
MUS,Mauritius,Sub-Saharan Africa,2011,1.55
MUS,Mauritius,Sub-Saharan Africa,2012,1.56
MUS,Mauritius,Sub-Saharan Africa,2013,1.45
MUS,Mauritius,Sub-Saharan Africa,2014,1.44
MUS,Mauritius,Sub-Saharan Africa,2015,1.37
MUS,Mauritius,Sub-Saharan Africa,2016,1.41
MUS,Mauritius,Sub-Saharan Africa,2017,1.46
MUS,Mauritius,Sub-Saharan Africa,2018,1.42
MUS,Mauritius,Sub-Saharan Africa,2019,1.41
MUS,Mauritius,Sub-Saharan Africa,2020,1.46
MUS,Mauritius,Sub-Saharan Africa,2021,1.42
MUS,Mauritius,Sub-Saharan Africa,2022,1.33
MUS,Mauritius,Sub-Saharan Africa,2023,1.4
MUS,Mauritius,Sub-Saharan Africa,2024,1.44
MWI,Malawi,Sub-Saharan Africa,1960,7.042
MWI,Malawi,Sub-Saharan Africa,1961,7.067
MWI,Malawi,Sub-Saharan Africa,1962,7.095
MWI,Malawi,Sub-Saharan Africa,1963,7.127
MWI,Malawi,Sub-Saharan Africa,1964,7.114
MWI,Malawi,Sub-Saharan Africa,1965,7.126
MWI,Malawi,Sub-Saharan Africa,1966,7.174
MWI,Malawi,Sub-Saharan Africa,1967,7.213
MWI,Malawi,Sub-Saharan Africa,1968,7.262
MWI,Malawi,Sub-Saharan Africa,1969,7.274
MWI,Malawi,Sub-Saharan Africa,1970,7.295
MWI,Malawi,Sub-Saharan Africa,1971,7.311
MWI,Malawi,Sub-Saharan Africa,1972,7.326
MWI,Malawi,Sub-Saharan Africa,1973,7.338
MWI,Malawi,Sub-Saharan Africa,1974,7.344
MWI,Malawi,Sub-Saharan Africa,1975,7.359
MWI,Malawi,Sub-Saharan Africa,1976,7.387
MWI,Malawi,Sub-Saharan Africa,1977,7.408
MWI,Malawi,Sub-Saharan Africa,1978,7.434
MWI,Malawi,Sub-Saharan Africa,1979,7.465
MWI,Malawi,Sub-Saharan Africa,1980,7.518
MWI,Malawi,Sub-Saharan Africa,1981,7.493
MWI,Malawi,Sub-Saharan Africa,1982,7.451
MWI,Malawi,Sub-Saharan Africa,1983,7.361
MWI,Malawi,Sub-Saharan Africa,1984,7.265
MWI,Malawi,Sub-Saharan Africa,1985,7.17
MWI,Malawi,Sub-Saharan Africa,1986,7.069
MWI,Malawi,Sub-Saharan Africa,1987,6.97
MWI,Malawi,Sub-Saharan Africa,1988,6.876
MWI,Malawi,Sub-Saharan Africa,1989,6.803
MWI,Malawi,Sub-Saharan Africa,1990,6.74
MWI,Malawi,Sub-Saharan Africa,1991,6.681
MWI,Malawi,Sub-Saharan Africa,1992,6.63
MWI,Malawi,Sub-Saharan Africa,1993,6.573
MWI,Malawi,Sub-Saharan Africa,1994,6.488
MWI,Malawi,Sub-Saharan Africa,1995,6.392
MWI,Malawi,Sub-Saharan Africa,1996,6.285
MWI,Malawi,Sub-Saharan Africa,1997,6.231
MWI,Malawi,Sub-Saharan Africa,1998,6.205
MWI,Malawi,Sub-Saharan Africa,1999,6.124
MWI,Malawi,Sub-Saharan Africa,2000,6.002
MWI,Malawi,Sub-Saharan Africa,2001,5.943
MWI,Malawi,Sub-Saharan Africa,2002,5.903
MWI,Malawi,Sub-Saharan Africa,2003,5.875
MWI,Malawi,Sub-Saharan Africa,2004,5.864
MWI,Malawi,Sub-Saharan Africa,2005,5.848
MWI,Malawi,Sub-Saharan Africa,2006,5.802
MWI,Malawi,Sub-Saharan Africa,2007,5.724
MWI,Malawi,Sub-Saharan Africa,2008,5.609
MWI,Malawi,Sub-Saharan Africa,2009,5.453
MWI,Malawi,Sub-Saharan Africa,2010,5.263
MWI,Malawi,Sub-Saharan Africa,2011,5.083
MWI,Malawi,Sub-Saharan Africa,2012,4.902
MWI,Malawi,Sub-Saharan Africa,2013,4.759
MWI,Malawi,Sub-Saharan Africa,2014,4.569
MWI,Malawi,Sub-Saharan Africa,2015,4.384
MWI,Malawi,Sub-Saharan Africa,2016,4.216
MWI,Malawi,Sub-Saharan Africa,2017,4.113
MWI,Malawi,Sub-Saharan Africa,2018,4.021
MWI,Malawi,Sub-Saharan Africa,2019,3.952
MWI,Malawi,Sub-Saharan Africa,2020,3.877
MWI,Malawi,Sub-Saharan Africa,2021,3.791
MWI,Malawi,Sub-Saharan Africa,2022,3.72
MWI,Malawi,Sub-Saharan Africa,2023,3.648
MWI,Malawi,Sub-Saharan Africa,2024,3.59
MYS,Malaysia,East Asia & Pacific,1960,6.412
MYS,Malaysia,East Asia & Pacific,1961,6.367
MYS,Malaysia,East Asia & Pacific,1962,6.296
MYS,Malaysia,East Asia & Pacific,1963,6.191
MYS,Malaysia,East Asia & Pacific,1964,6.03
MYS,Malaysia,East Asia & Pacific,1965,5.836
MYS,Malaysia,East Asia & Pacific,1966,5.635
MYS,Malaysia,East Asia & Pacific,1967,5.433
MYS,Malaysia,East Asia & Pacific,1968,5.291
MYS,Malaysia,East Asia & Pacific,1969,5.159
MYS,Malaysia,East Asia & Pacific,1970,5.035
MYS,Malaysia,East Asia & Pacific,1971,4.924
MYS,Malaysia,East Asia & Pacific,1972,4.822
MYS,Malaysia,East Asia & Pacific,1973,4.727
MYS,Malaysia,East Asia & Pacific,1974,4.619
MYS,Malaysia,East Asia & Pacific,1975,4.501
MYS,Malaysia,East Asia & Pacific,1976,4.398
MYS,Malaysia,East Asia & Pacific,1977,4.282
MYS,Malaysia,East Asia & Pacific,1978,4.179
MYS,Malaysia,East Asia & Pacific,1979,4.091
MYS,Malaysia,East Asia & Pacific,1980,4.035
MYS,Malaysia,East Asia & Pacific,1981,4.002
MYS,Malaysia,East Asia & Pacific,1982,3.967
MYS,Malaysia,East Asia & Pacific,1983,3.928
MYS,Malaysia,East Asia & Pacific,1984,3.885
MYS,Malaysia,East Asia & Pacific,1985,3.804
MYS,Malaysia,East Asia & Pacific,1986,3.699
MYS,Malaysia,East Asia & Pacific,1987,3.565
MYS,Malaysia,East Asia & Pacific,1988,3.502
MYS,Malaysia,East Asia & Pacific,1989,3.313
MYS,Malaysia,East Asia & Pacific,1990,3.304
MYS,Malaysia,East Asia & Pacific,1991,3.339
MYS,Malaysia,East Asia & Pacific,1992,3.373
MYS,Malaysia,East Asia & Pacific,1993,3.364
MYS,Malaysia,East Asia & Pacific,1994,3.346
MYS,Malaysia,East Asia & Pacific,1995,3.317
MYS,Malaysia,East Asia & Pacific,1996,3.297
MYS,Malaysia,East Asia & Pacific,1997,3.227
MYS,Malaysia,East Asia & Pacific,1998,3.12
MYS,Malaysia,East Asia & Pacific,1999,3.068
MYS,Malaysia,East Asia & Pacific,2000,2.942
MYS,Malaysia,East Asia & Pacific,2001,2.807
MYS,Malaysia,East Asia & Pacific,2002,2.658
MYS,Malaysia,East Asia & Pacific,2003,2.601
MYS,Malaysia,East Asia & Pacific,2004,2.493
MYS,Malaysia,East Asia & Pacific,2005,2.391
MYS,Malaysia,East Asia & Pacific,2006,2.308
MYS,Malaysia,East Asia & Pacific,2007,2.252
MYS,Malaysia,East Asia & Pacific,2008,2.262
MYS,Malaysia,East Asia & Pacific,2009,2.223
MYS,Malaysia,East Asia & Pacific,2010,2.144
MYS,Malaysia,East Asia & Pacific,2011,2.153
MYS,Malaysia,East Asia & Pacific,2012,2.117
MYS,Malaysia,East Asia & Pacific,2013,2.07
MYS,Malaysia,East Asia & Pacific,2014,2.058
MYS,Malaysia,East Asia & Pacific,2015,2.008
MYS,Malaysia,East Asia & Pacific,2016,1.942
MYS,Malaysia,East Asia & Pacific,2017,1.893
MYS,Malaysia,East Asia & Pacific,2018,1.838
MYS,Malaysia,East Asia & Pacific,2019,1.777
MYS,Malaysia,East Asia & Pacific,2020,1.68
MYS,Malaysia,East Asia & Pacific,2021,1.555
MYS,Malaysia,East Asia & Pacific,2022,1.55
MYS,Malaysia,East Asia & Pacific,2023,1.55
MYS,Malaysia,East Asia & Pacific,2024,1.543
NAM,Namibia,Sub-Saharan Africa,1960,6.243
NAM,Namibia,Sub-Saharan Africa,1961,6.293
NAM,Namibia,Sub-Saharan Africa,1962,6.35
NAM,Namibia,Sub-Saharan Africa,1963,6.408
NAM,Namibia,Sub-Saharan Africa,1964,6.428
NAM,Namibia,Sub-Saharan Africa,1965,6.445
NAM,Namibia,Sub-Saharan Africa,1966,6.472
NAM,Namibia,Sub-Saharan Africa,1967,6.485
NAM,Namibia,Sub-Saharan Africa,1968,6.502
NAM,Namibia,Sub-Saharan Africa,1969,6.508
NAM,Namibia,Sub-Saharan Africa,1970,6.52
NAM,Namibia,Sub-Saharan Africa,1971,6.521
NAM,Namibia,Sub-Saharan Africa,1972,6.533
NAM,Namibia,Sub-Saharan Africa,1973,6.54
NAM,Namibia,Sub-Saharan Africa,1974,6.552
NAM,Namibia,Sub-Saharan Africa,1975,6.533
NAM,Namibia,Sub-Saharan Africa,1976,6.494
NAM,Namibia,Sub-Saharan Africa,1977,6.441
NAM,Namibia,Sub-Saharan Africa,1978,6.384
NAM,Namibia,Sub-Saharan Africa,1979,6.314
NAM,Namibia,Sub-Saharan Africa,1980,6.238
NAM,Namibia,Sub-Saharan Africa,1981,6.159
NAM,Namibia,Sub-Saharan Africa,1982,6.078
NAM,Namibia,Sub-Saharan Africa,1983,5.995
NAM,Namibia,Sub-Saharan Africa,1984,5.94
NAM,Namibia,Sub-Saharan Africa,1985,5.877
NAM,Namibia,Sub-Saharan Africa,1986,5.793
NAM,Namibia,Sub-Saharan Africa,1987,5.699
NAM,Namibia,Sub-Saharan Africa,1988,5.609
NAM,Namibia,Sub-Saharan Africa,1989,5.517
NAM,Namibia,Sub-Saharan Africa,1990,5.398
NAM,Namibia,Sub-Saharan Africa,1991,5.29
NAM,Namibia,Sub-Saharan Africa,1992,5.107
NAM,Namibia,Sub-Saharan Africa,1993,4.905
NAM,Namibia,Sub-Saharan Africa,1994,4.676
NAM,Namibia,Sub-Saharan Africa,1995,4.417
NAM,Namibia,Sub-Saharan Africa,1996,4.201
NAM,Namibia,Sub-Saharan Africa,1997,4.166
NAM,Namibia,Sub-Saharan Africa,1998,4.176
NAM,Namibia,Sub-Saharan Africa,1999,4.138
NAM,Namibia,Sub-Saharan Africa,2000,3.991
NAM,Namibia,Sub-Saharan Africa,2001,3.827
NAM,Namibia,Sub-Saharan Africa,2002,3.693
NAM,Namibia,Sub-Saharan Africa,2003,3.58
NAM,Namibia,Sub-Saharan Africa,2004,3.545
NAM,Namibia,Sub-Saharan Africa,2005,3.571
NAM,Namibia,Sub-Saharan Africa,2006,3.601
NAM,Namibia,Sub-Saharan Africa,2007,3.608
NAM,Namibia,Sub-Saharan Africa,2008,3.616
NAM,Namibia,Sub-Saharan Africa,2009,3.633
NAM,Namibia,Sub-Saharan Africa,2010,3.657
NAM,Namibia,Sub-Saharan Africa,2011,3.658
NAM,Namibia,Sub-Saharan Africa,2012,3.676
NAM,Namibia,Sub-Saharan Africa,2013,3.653
NAM,Namibia,Sub-Saharan Africa,2014,3.635
NAM,Namibia,Sub-Saharan Africa,2015,3.604
NAM,Namibia,Sub-Saharan Africa,2016,3.574
NAM,Namibia,Sub-Saharan Africa,2017,3.511
NAM,Namibia,Sub-Saharan Africa,2018,3.462
NAM,Namibia,Sub-Saharan Africa,2019,3.404
NAM,Namibia,Sub-Saharan Africa,2020,3.349
NAM,Namibia,Sub-Saharan Africa,2021,3.303
NAM,Namibia,Sub-Saharan Africa,2022,3.248
NAM,Namibia,Sub-Saharan Africa,2023,3.212
NAM,Namibia,Sub-Saharan Africa,2024,3.211
NCL,New Caledonia,East Asia & Pacific,1960,5.436
NCL,New Caledonia,East Asia & Pacific,1961,5.465
NCL,New Caledonia,East Asia & Pacific,1962,5.388
NCL,New Caledonia,East Asia & Pacific,1963,5.343
NCL,New Caledonia,East Asia & Pacific,1964,5.368
NCL,New Caledonia,East Asia & Pacific,1965,5.311
NCL,New Caledonia,East Asia & Pacific,1966,5.248
NCL,New Caledonia,East Asia & Pacific,1967,5.15
NCL,New Caledonia,East Asia & Pacific,1968,5.058
NCL,New Caledonia,East Asia & Pacific,1969,5.008
NCL,New Caledonia,East Asia & Pacific,1970,5.07
NCL,New Caledonia,East Asia & Pacific,1971,5.051
NCL,New Caledonia,East Asia & Pacific,1972,5.047
NCL,New Caledonia,East Asia & Pacific,1973,4.932
NCL,New Caledonia,East Asia & Pacific,1974,4.686
NCL,New Caledonia,East Asia & Pacific,1975,4.456
NCL,New Caledonia,East Asia & Pacific,1976,4.231
NCL,New Caledonia,East Asia & Pacific,1977,4.054
NCL,New Caledonia,East Asia & Pacific,1978,3.875
NCL,New Caledonia,East Asia & Pacific,1979,3.749
NCL,New Caledonia,East Asia & Pacific,1980,3.659
NCL,New Caledonia,East Asia & Pacific,1981,3.586
NCL,New Caledonia,East Asia & Pacific,1982,3.484
NCL,New Caledonia,East Asia & Pacific,1983,3.353
NCL,New Caledonia,East Asia & Pacific,1984,3.164
NCL,New Caledonia,East Asia & Pacific,1985,3.046
NCL,New Caledonia,East Asia & Pacific,1986,3.079
NCL,New Caledonia,East Asia & Pacific,1987,3.081
NCL,New Caledonia,East Asia & Pacific,1988,3.083
NCL,New Caledonia,East Asia & Pacific,1989,3.057
NCL,New Caledonia,East Asia & Pacific,1990,3.1
NCL,New Caledonia,East Asia & Pacific,1991,3.072
NCL,New Caledonia,East Asia & Pacific,1992,2.948
NCL,New Caledonia,East Asia & Pacific,1993,2.823
NCL,New Caledonia,East Asia & Pacific,1994,2.715
NCL,New Caledonia,East Asia & Pacific,1995,2.652
NCL,New Caledonia,East Asia & Pacific,1996,2.654
NCL,New Caledonia,East Asia & Pacific,1997,2.646
NCL,New Caledonia,East Asia & Pacific,1998,2.547
NCL,New Caledonia,East Asia & Pacific,1999,2.484
NCL,New Caledonia,East Asia & Pacific,2000,2.509
NCL,New Caledonia,East Asia & Pacific,2001,2.422
NCL,New Caledonia,East Asia & Pacific,2002,2.347
NCL,New Caledonia,East Asia & Pacific,2003,2.268
NCL,New Caledonia,East Asia & Pacific,2004,2.243
NCL,New Caledonia,East Asia & Pacific,2005,2.227
NCL,New Caledonia,East Asia & Pacific,2006,2.241
NCL,New Caledonia,East Asia & Pacific,2007,2.215
NCL,New Caledonia,East Asia & Pacific,2008,2.204
NCL,New Caledonia,East Asia & Pacific,2009,2.194
NCL,New Caledonia,East Asia & Pacific,2010,2.187
NCL,New Caledonia,East Asia & Pacific,2011,2.2
NCL,New Caledonia,East Asia & Pacific,2012,2.202
NCL,New Caledonia,East Asia & Pacific,2013,2.167
NCL,New Caledonia,East Asia & Pacific,2014,2.118
NCL,New Caledonia,East Asia & Pacific,2015,2.079
NCL,New Caledonia,East Asia & Pacific,2016,2.078
NCL,New Caledonia,East Asia & Pacific,2017,2.043
NCL,New Caledonia,East Asia & Pacific,2018,2.041
NCL,New Caledonia,East Asia & Pacific,2019,2.05
NCL,New Caledonia,East Asia & Pacific,2020,2.022
NCL,New Caledonia,East Asia & Pacific,2021,2.012
NCL,New Caledonia,East Asia & Pacific,2022,1.998
NCL,New Caledonia,East Asia & Pacific,2023,1.98
NCL,New Caledonia,East Asia & Pacific,2024,1.964
NER,Niger,Sub-Saharan Africa,1960,7.53
NER,Niger,Sub-Saharan Africa,1961,7.512
NER,Niger,Sub-Saharan Africa,1962,7.501
NER,Niger,Sub-Saharan Africa,1963,7.489
NER,Niger,Sub-Saharan Africa,1964,7.48
NER,Niger,Sub-Saharan Africa,1965,7.466
NER,Niger,Sub-Saharan Africa,1966,7.481
NER,Niger,Sub-Saharan Africa,1967,7.49
NER,Niger,Sub-Saharan Africa,1968,7.497
NER,Niger,Sub-Saharan Africa,1969,7.506
NER,Niger,Sub-Saharan Africa,1970,7.514
NER,Niger,Sub-Saharan Africa,1971,7.518
NER,Niger,Sub-Saharan Africa,1972,7.523
NER,Niger,Sub-Saharan Africa,1973,7.529
NER,Niger,Sub-Saharan Africa,1974,7.539
NER,Niger,Sub-Saharan Africa,1975,7.539
NER,Niger,Sub-Saharan Africa,1976,7.563
NER,Niger,Sub-Saharan Africa,1977,7.595
NER,Niger,Sub-Saharan Africa,1978,7.662
NER,Niger,Sub-Saharan Africa,1979,7.722
NER,Niger,Sub-Saharan Africa,1980,7.782
NER,Niger,Sub-Saharan Africa,1981,7.822
NER,Niger,Sub-Saharan Africa,1982,7.862
NER,Niger,Sub-Saharan Africa,1983,7.902
NER,Niger,Sub-Saharan Africa,1984,7.921
NER,Niger,Sub-Saharan Africa,1985,7.932
NER,Niger,Sub-Saharan Africa,1986,7.904
NER,Niger,Sub-Saharan Africa,1987,7.871
NER,Niger,Sub-Saharan Africa,1988,7.841
NER,Niger,Sub-Saharan Africa,1989,7.818
NER,Niger,Sub-Saharan Africa,1990,7.806
NER,Niger,Sub-Saharan Africa,1991,7.798
NER,Niger,Sub-Saharan Africa,1992,7.795
NER,Niger,Sub-Saharan Africa,1993,7.79
NER,Niger,Sub-Saharan Africa,1994,7.786
NER,Niger,Sub-Saharan Africa,1995,7.776
NER,Niger,Sub-Saharan Africa,1996,7.78
NER,Niger,Sub-Saharan Africa,1997,7.802
NER,Niger,Sub-Saharan Africa,1998,7.84
NER,Niger,Sub-Saharan Africa,1999,7.84
NER,Niger,Sub-Saharan Africa,2000,7.829
NER,Niger,Sub-Saharan Africa,2001,7.81
NER,Niger,Sub-Saharan Africa,2002,7.797
NER,Niger,Sub-Saharan Africa,2003,7.789
NER,Niger,Sub-Saharan Africa,2004,7.777
NER,Niger,Sub-Saharan Africa,2005,7.769
NER,Niger,Sub-Saharan Africa,2006,7.744
NER,Niger,Sub-Saharan Africa,2007,7.726
NER,Niger,Sub-Saharan Africa,2008,7.702
NER,Niger,Sub-Saharan Africa,2009,7.679
NER,Niger,Sub-Saharan Africa,2010,7.64
NER,Niger,Sub-Saharan Africa,2011,7.592
NER,Niger,Sub-Saharan Africa,2012,7.527
NER,Niger,Sub-Saharan Africa,2013,7.445
NER,Niger,Sub-Saharan Africa,2014,7.342
NER,Niger,Sub-Saharan Africa,2015,7.215
NER,Niger,Sub-Saharan Africa,2016,7.043
NER,Niger,Sub-Saharan Africa,2017,6.874
NER,Niger,Sub-Saharan Africa,2018,6.706
NER,Niger,Sub-Saharan Africa,2019,6.537
NER,Niger,Sub-Saharan Africa,2020,6.369
NER,Niger,Sub-Saharan Africa,2021,6.2
NER,Niger,Sub-Saharan Africa,2022,6.135
NER,Niger,Sub-Saharan Africa,2023,6.061
NER,Niger,Sub-Saharan Africa,2024,5.935
NGA,Nigeria,Sub-Saharan Africa,1960,6.364
NGA,Nigeria,Sub-Saharan Africa,1961,6.353
NGA,Nigeria,Sub-Saharan Africa,1962,6.356
NGA,Nigeria,Sub-Saharan Africa,1963,6.349
NGA,Nigeria,Sub-Saharan Africa,1964,6.362
NGA,Nigeria,Sub-Saharan Africa,1965,6.367
NGA,Nigeria,Sub-Saharan Africa,1966,6.386
NGA,Nigeria,Sub-Saharan Africa,1967,6.401
NGA,Nigeria,Sub-Saharan Africa,1968,6.42
NGA,Nigeria,Sub-Saharan Africa,1969,6.438
NGA,Nigeria,Sub-Saharan Africa,1970,6.466
NGA,Nigeria,Sub-Saharan Africa,1971,6.532
NGA,Nigeria,Sub-Saharan Africa,1972,6.579
NGA,Nigeria,Sub-Saharan Africa,1973,6.633
NGA,Nigeria,Sub-Saharan Africa,1974,6.703
NGA,Nigeria,Sub-Saharan Africa,1975,6.773
NGA,Nigeria,Sub-Saharan Africa,1976,6.806
NGA,Nigeria,Sub-Saharan Africa,1977,6.862
NGA,Nigeria,Sub-Saharan Africa,1978,6.921
NGA,Nigeria,Sub-Saharan Africa,1979,6.887
NGA,Nigeria,Sub-Saharan Africa,1980,6.847
NGA,Nigeria,Sub-Saharan Africa,1981,6.82
NGA,Nigeria,Sub-Saharan Africa,1982,6.799
NGA,Nigeria,Sub-Saharan Africa,1983,6.775
NGA,Nigeria,Sub-Saharan Africa,1984,6.701
NGA,Nigeria,Sub-Saharan Africa,1985,6.616
NGA,Nigeria,Sub-Saharan Africa,1986,6.557
NGA,Nigeria,Sub-Saharan Africa,1987,6.504
NGA,Nigeria,Sub-Saharan Africa,1988,6.498
NGA,Nigeria,Sub-Saharan Africa,1989,6.494
NGA,Nigeria,Sub-Saharan Africa,1990,6.459
NGA,Nigeria,Sub-Saharan Africa,1991,6.426
NGA,Nigeria,Sub-Saharan Africa,1992,6.391
NGA,Nigeria,Sub-Saharan Africa,1993,6.354
NGA,Nigeria,Sub-Saharan Africa,1994,6.319
NGA,Nigeria,Sub-Saharan Africa,1995,6.273
NGA,Nigeria,Sub-Saharan Africa,1996,6.217
NGA,Nigeria,Sub-Saharan Africa,1997,6.138
NGA,Nigeria,Sub-Saharan Africa,1998,6.069
NGA,Nigeria,Sub-Saharan Africa,1999,6.082
NGA,Nigeria,Sub-Saharan Africa,2000,6.124
NGA,Nigeria,Sub-Saharan Africa,2001,6.128
NGA,Nigeria,Sub-Saharan Africa,2002,6.116
NGA,Nigeria,Sub-Saharan Africa,2003,6.1
NGA,Nigeria,Sub-Saharan Africa,2004,6.09
NGA,Nigeria,Sub-Saharan Africa,2005,6.063
NGA,Nigeria,Sub-Saharan Africa,2006,6.053
NGA,Nigeria,Sub-Saharan Africa,2007,6.027
NGA,Nigeria,Sub-Saharan Africa,2008,6.024
NGA,Nigeria,Sub-Saharan Africa,2009,5.993
NGA,Nigeria,Sub-Saharan Africa,2010,5.948
NGA,Nigeria,Sub-Saharan Africa,2011,5.893
NGA,Nigeria,Sub-Saharan Africa,2012,5.797
NGA,Nigeria,Sub-Saharan Africa,2013,5.694
NGA,Nigeria,Sub-Saharan Africa,2014,5.622
NGA,Nigeria,Sub-Saharan Africa,2015,5.503
NGA,Nigeria,Sub-Saharan Africa,2016,5.343
NGA,Nigeria,Sub-Saharan Africa,2017,5.182
NGA,Nigeria,Sub-Saharan Africa,2018,5.021
NGA,Nigeria,Sub-Saharan Africa,2019,4.861
NGA,Nigeria,Sub-Saharan Africa,2020,4.7
NGA,Nigeria,Sub-Saharan Africa,2021,4.636
NGA,Nigeria,Sub-Saharan Africa,2022,4.552
NGA,Nigeria,Sub-Saharan Africa,2023,4.482
NGA,Nigeria,Sub-Saharan Africa,2024,4.382
NIC,Nicaragua,Latin America & Caribbean,1960,7.159
NIC,Nicaragua,Latin America & Caribbean,1961,7.112
NIC,Nicaragua,Latin America & Caribbean,1962,7.1
NIC,Nicaragua,Latin America & Caribbean,1963,7.081
NIC,Nicaragua,Latin America & Caribbean,1964,7.064
NIC,Nicaragua,Latin America & Caribbean,1965,7.033
NIC,Nicaragua,Latin America & Caribbean,1966,6.99
NIC,Nicaragua,Latin America & Caribbean,1967,6.94
NIC,Nicaragua,Latin America & Caribbean,1968,6.885
NIC,Nicaragua,Latin America & Caribbean,1969,6.825
NIC,Nicaragua,Latin America & Caribbean,1970,6.773
NIC,Nicaragua,Latin America & Caribbean,1971,6.714
NIC,Nicaragua,Latin America & Caribbean,1972,6.653
NIC,Nicaragua,Latin America & Caribbean,1973,6.586
NIC,Nicaragua,Latin America & Caribbean,1974,6.521
NIC,Nicaragua,Latin America & Caribbean,1975,6.445
NIC,Nicaragua,Latin America & Caribbean,1976,6.366
NIC,Nicaragua,Latin America & Caribbean,1977,6.28
NIC,Nicaragua,Latin America & Caribbean,1978,6.164
NIC,Nicaragua,Latin America & Caribbean,1979,6.069
NIC,Nicaragua,Latin America & Caribbean,1980,5.959
NIC,Nicaragua,Latin America & Caribbean,1981,5.84
NIC,Nicaragua,Latin America & Caribbean,1982,5.737
NIC,Nicaragua,Latin America & Caribbean,1983,5.611
NIC,Nicaragua,Latin America & Caribbean,1984,5.488
NIC,Nicaragua,Latin America & Caribbean,1985,5.359
NIC,Nicaragua,Latin America & Caribbean,1986,5.217
NIC,Nicaragua,Latin America & Caribbean,1987,5.073
NIC,Nicaragua,Latin America & Caribbean,1988,4.931
NIC,Nicaragua,Latin America & Caribbean,1989,4.762
NIC,Nicaragua,Latin America & Caribbean,1990,4.596
NIC,Nicaragua,Latin America & Caribbean,1991,4.432
NIC,Nicaragua,Latin America & Caribbean,1992,4.267
NIC,Nicaragua,Latin America & Caribbean,1993,4.102
NIC,Nicaragua,Latin America & Caribbean,1994,3.937
NIC,Nicaragua,Latin America & Caribbean,1995,3.775
NIC,Nicaragua,Latin America & Caribbean,1996,3.62
NIC,Nicaragua,Latin America & Caribbean,1997,3.473
NIC,Nicaragua,Latin America & Caribbean,1998,3.339
NIC,Nicaragua,Latin America & Caribbean,1999,3.218
NIC,Nicaragua,Latin America & Caribbean,2000,3.12
NIC,Nicaragua,Latin America & Caribbean,2001,2.996
NIC,Nicaragua,Latin America & Caribbean,2002,2.887
NIC,Nicaragua,Latin America & Caribbean,2003,2.827
NIC,Nicaragua,Latin America & Caribbean,2004,2.784
NIC,Nicaragua,Latin America & Caribbean,2005,2.765
NIC,Nicaragua,Latin America & Caribbean,2006,2.733
NIC,Nicaragua,Latin America & Caribbean,2007,2.697
NIC,Nicaragua,Latin America & Caribbean,2008,2.66
NIC,Nicaragua,Latin America & Caribbean,2009,2.626
NIC,Nicaragua,Latin America & Caribbean,2010,2.596
NIC,Nicaragua,Latin America & Caribbean,2011,2.558
NIC,Nicaragua,Latin America & Caribbean,2012,2.527
NIC,Nicaragua,Latin America & Caribbean,2013,2.492
NIC,Nicaragua,Latin America & Caribbean,2014,2.463
NIC,Nicaragua,Latin America & Caribbean,2015,2.434
NIC,Nicaragua,Latin America & Caribbean,2016,2.407
NIC,Nicaragua,Latin America & Caribbean,2017,2.378
NIC,Nicaragua,Latin America & Caribbean,2018,2.347
NIC,Nicaragua,Latin America & Caribbean,2019,2.321
NIC,Nicaragua,Latin America & Caribbean,2020,2.299
NIC,Nicaragua,Latin America & Caribbean,2021,2.265
NIC,Nicaragua,Latin America & Caribbean,2022,2.24
NIC,Nicaragua,Latin America & Caribbean,2023,2.218
NIC,Nicaragua,Latin America & Caribbean,2024,2.206
NLD,Netherlands,Europe & Central Asia,1960,3.12
NLD,Netherlands,Europe & Central Asia,1961,3.22
NLD,Netherlands,Europe & Central Asia,1962,3.18
NLD,Netherlands,Europe & Central Asia,1963,3.19
NLD,Netherlands,Europe & Central Asia,1964,3.17
NLD,Netherlands,Europe & Central Asia,1965,3.04
NLD,Netherlands,Europe & Central Asia,1966,2.9
NLD,Netherlands,Europe & Central Asia,1967,2.81
NLD,Netherlands,Europe & Central Asia,1968,2.72
NLD,Netherlands,Europe & Central Asia,1969,2.75
NLD,Netherlands,Europe & Central Asia,1970,2.57
NLD,Netherlands,Europe & Central Asia,1971,2.36
NLD,Netherlands,Europe & Central Asia,1972,2.15
NLD,Netherlands,Europe & Central Asia,1973,1.9
NLD,Netherlands,Europe & Central Asia,1974,1.77
NLD,Netherlands,Europe & Central Asia,1975,1.66
NLD,Netherlands,Europe & Central Asia,1976,1.63
NLD,Netherlands,Europe & Central Asia,1977,1.58
NLD,Netherlands,Europe & Central Asia,1978,1.58
NLD,Netherlands,Europe & Central Asia,1979,1.56
NLD,Netherlands,Europe & Central Asia,1980,1.6
NLD,Netherlands,Europe & Central Asia,1981,1.56
NLD,Netherlands,Europe & Central Asia,1982,1.5
NLD,Netherlands,Europe & Central Asia,1983,1.47
NLD,Netherlands,Europe & Central Asia,1984,1.49
NLD,Netherlands,Europe & Central Asia,1985,1.51
NLD,Netherlands,Europe & Central Asia,1986,1.55
NLD,Netherlands,Europe & Central Asia,1987,1.56
NLD,Netherlands,Europe & Central Asia,1988,1.55
NLD,Netherlands,Europe & Central Asia,1989,1.55
NLD,Netherlands,Europe & Central Asia,1990,1.62
NLD,Netherlands,Europe & Central Asia,1991,1.61
NLD,Netherlands,Europe & Central Asia,1992,1.59
NLD,Netherlands,Europe & Central Asia,1993,1.57
NLD,Netherlands,Europe & Central Asia,1994,1.57
NLD,Netherlands,Europe & Central Asia,1995,1.53
NLD,Netherlands,Europe & Central Asia,1996,1.53
NLD,Netherlands,Europe & Central Asia,1997,1.56
NLD,Netherlands,Europe & Central Asia,1998,1.63
NLD,Netherlands,Europe & Central Asia,1999,1.65
NLD,Netherlands,Europe & Central Asia,2000,1.72
NLD,Netherlands,Europe & Central Asia,2001,1.71
NLD,Netherlands,Europe & Central Asia,2002,1.73
NLD,Netherlands,Europe & Central Asia,2003,1.75
NLD,Netherlands,Europe & Central Asia,2004,1.72
NLD,Netherlands,Europe & Central Asia,2005,1.71
NLD,Netherlands,Europe & Central Asia,2006,1.72
NLD,Netherlands,Europe & Central Asia,2007,1.72
NLD,Netherlands,Europe & Central Asia,2008,1.77
NLD,Netherlands,Europe & Central Asia,2009,1.79
NLD,Netherlands,Europe & Central Asia,2010,1.79
NLD,Netherlands,Europe & Central Asia,2011,1.76
NLD,Netherlands,Europe & Central Asia,2012,1.72
NLD,Netherlands,Europe & Central Asia,2013,1.68
NLD,Netherlands,Europe & Central Asia,2014,1.71
NLD,Netherlands,Europe & Central Asia,2015,1.66
NLD,Netherlands,Europe & Central Asia,2016,1.66
NLD,Netherlands,Europe & Central Asia,2017,1.62
NLD,Netherlands,Europe & Central Asia,2018,1.59
NLD,Netherlands,Europe & Central Asia,2019,1.57
NLD,Netherlands,Europe & Central Asia,2020,1.54
NLD,Netherlands,Europe & Central Asia,2021,1.62
NLD,Netherlands,Europe & Central Asia,2022,1.49
NLD,Netherlands,Europe & Central Asia,2023,1.43
NLD,Netherlands,Europe & Central Asia,2024,1.43
NOR,Norway,Europe & Central Asia,1960,2.85
NOR,Norway,Europe & Central Asia,1961,2.94
NOR,Norway,Europe & Central Asia,1962,2.91
NOR,Norway,Europe & Central Asia,1963,2.93
NOR,Norway,Europe & Central Asia,1964,2.98
NOR,Norway,Europe & Central Asia,1965,2.94
NOR,Norway,Europe & Central Asia,1966,2.9
NOR,Norway,Europe & Central Asia,1967,2.81
NOR,Norway,Europe & Central Asia,1968,2.75
NOR,Norway,Europe & Central Asia,1969,2.7
NOR,Norway,Europe & Central Asia,1970,2.5
NOR,Norway,Europe & Central Asia,1971,2.49
NOR,Norway,Europe & Central Asia,1972,2.38
NOR,Norway,Europe & Central Asia,1973,2.23
NOR,Norway,Europe & Central Asia,1974,2.13
NOR,Norway,Europe & Central Asia,1975,1.98
NOR,Norway,Europe & Central Asia,1976,1.86
NOR,Norway,Europe & Central Asia,1977,1.75
NOR,Norway,Europe & Central Asia,1978,1.77
NOR,Norway,Europe & Central Asia,1979,1.75
NOR,Norway,Europe & Central Asia,1980,1.72
NOR,Norway,Europe & Central Asia,1981,1.7
NOR,Norway,Europe & Central Asia,1982,1.71
NOR,Norway,Europe & Central Asia,1983,1.66
NOR,Norway,Europe & Central Asia,1984,1.66
NOR,Norway,Europe & Central Asia,1985,1.68
NOR,Norway,Europe & Central Asia,1986,1.71
NOR,Norway,Europe & Central Asia,1987,1.74
NOR,Norway,Europe & Central Asia,1988,1.84
NOR,Norway,Europe & Central Asia,1989,1.89
NOR,Norway,Europe & Central Asia,1990,1.93
NOR,Norway,Europe & Central Asia,1991,1.92
NOR,Norway,Europe & Central Asia,1992,1.88
NOR,Norway,Europe & Central Asia,1993,1.86
NOR,Norway,Europe & Central Asia,1994,1.87
NOR,Norway,Europe & Central Asia,1995,1.87
NOR,Norway,Europe & Central Asia,1996,1.89
NOR,Norway,Europe & Central Asia,1997,1.86
NOR,Norway,Europe & Central Asia,1998,1.81
NOR,Norway,Europe & Central Asia,1999,1.85
NOR,Norway,Europe & Central Asia,2000,1.85
NOR,Norway,Europe & Central Asia,2001,1.78
NOR,Norway,Europe & Central Asia,2002,1.75
NOR,Norway,Europe & Central Asia,2003,1.8
NOR,Norway,Europe & Central Asia,2004,1.83
NOR,Norway,Europe & Central Asia,2005,1.84
NOR,Norway,Europe & Central Asia,2006,1.9
NOR,Norway,Europe & Central Asia,2007,1.9
NOR,Norway,Europe & Central Asia,2008,1.96
NOR,Norway,Europe & Central Asia,2009,1.98
NOR,Norway,Europe & Central Asia,2010,1.95
NOR,Norway,Europe & Central Asia,2011,1.88
NOR,Norway,Europe & Central Asia,2012,1.85
NOR,Norway,Europe & Central Asia,2013,1.78
NOR,Norway,Europe & Central Asia,2014,1.75
NOR,Norway,Europe & Central Asia,2015,1.72
NOR,Norway,Europe & Central Asia,2016,1.71
NOR,Norway,Europe & Central Asia,2017,1.62
NOR,Norway,Europe & Central Asia,2018,1.56
NOR,Norway,Europe & Central Asia,2019,1.53
NOR,Norway,Europe & Central Asia,2020,1.48
NOR,Norway,Europe & Central Asia,2021,1.55
NOR,Norway,Europe & Central Asia,2022,1.41
NOR,Norway,Europe & Central Asia,2023,1.4
NOR,Norway,Europe & Central Asia,2024,1.45
NPL,Nepal,South Asia,1960,6.069
NPL,Nepal,South Asia,1961,6.093
NPL,Nepal,South Asia,1962,6.082
NPL,Nepal,South Asia,1963,6.056
NPL,Nepal,South Asia,1964,6.043
NPL,Nepal,South Asia,1965,6.007
NPL,Nepal,South Asia,1966,5.98
NPL,Nepal,South Asia,1967,5.954
NPL,Nepal,South Asia,1968,5.944
NPL,Nepal,South Asia,1969,5.893
NPL,Nepal,South Asia,1970,5.869
NPL,Nepal,South Asia,1971,5.845
NPL,Nepal,South Asia,1972,5.801
NPL,Nepal,South Asia,1973,5.701
NPL,Nepal,South Asia,1974,5.75
NPL,Nepal,South Asia,1975,5.733
NPL,Nepal,South Asia,1976,5.717
NPL,Nepal,South Asia,1977,5.688
NPL,Nepal,South Asia,1978,5.676
NPL,Nepal,South Asia,1979,5.644
NPL,Nepal,South Asia,1980,5.603
NPL,Nepal,South Asia,1981,5.576
NPL,Nepal,South Asia,1982,5.549
NPL,Nepal,South Asia,1983,5.536
NPL,Nepal,South Asia,1984,5.509
NPL,Nepal,South Asia,1985,5.457
NPL,Nepal,South Asia,1986,5.4
NPL,Nepal,South Asia,1987,5.348
NPL,Nepal,South Asia,1988,5.307
NPL,Nepal,South Asia,1989,5.258
NPL,Nepal,South Asia,1990,5.211
NPL,Nepal,South Asia,1991,5.151
NPL,Nepal,South Asia,1992,5.074
NPL,Nepal,South Asia,1993,5.042
NPL,Nepal,South Asia,1994,4.964
NPL,Nepal,South Asia,1995,4.869
NPL,Nepal,South Asia,1996,4.668
NPL,Nepal,South Asia,1997,4.442
NPL,Nepal,South Asia,1998,4.275
NPL,Nepal,South Asia,1999,4.13
NPL,Nepal,South Asia,2000,3.984
NPL,Nepal,South Asia,2001,3.793
NPL,Nepal,South Asia,2002,3.604
NPL,Nepal,South Asia,2003,3.439
NPL,Nepal,South Asia,2004,3.279
NPL,Nepal,South Asia,2005,3.115
NPL,Nepal,South Asia,2006,2.967
NPL,Nepal,South Asia,2007,2.857
NPL,Nepal,South Asia,2008,2.737
NPL,Nepal,South Asia,2009,2.63
NPL,Nepal,South Asia,2010,2.541
NPL,Nepal,South Asia,2011,2.462
NPL,Nepal,South Asia,2012,2.42
NPL,Nepal,South Asia,2013,2.36
NPL,Nepal,South Asia,2014,2.319
NPL,Nepal,South Asia,2015,2.273
NPL,Nepal,South Asia,2016,2.226
NPL,Nepal,South Asia,2017,2.173
NPL,Nepal,South Asia,2018,2.12
NPL,Nepal,South Asia,2019,2.08
NPL,Nepal,South Asia,2020,2.051
NPL,Nepal,South Asia,2021,2.025
NPL,Nepal,South Asia,2022,2.002
NPL,Nepal,South Asia,2023,1.984
NPL,Nepal,South Asia,2024,1.961
NRU,Naoero,East Asia & Pacific,1960,5.337
NRU,Naoero,East Asia & Pacific,1961,5.376
NRU,Naoero,East Asia & Pacific,1962,5.423
NRU,Naoero,East Asia & Pacific,1963,5.441
NRU,Naoero,East Asia & Pacific,1964,5.473
NRU,Naoero,East Asia & Pacific,1965,5.476
NRU,Naoero,East Asia & Pacific,1966,5.412
NRU,Naoero,East Asia & Pacific,1967,5.294
NRU,Naoero,East Asia & Pacific,1968,5.139
NRU,Naoero,East Asia & Pacific,1969,4.942
NRU,Naoero,East Asia & Pacific,1970,4.74
NRU,Naoero,East Asia & Pacific,1971,4.541
NRU,Naoero,East Asia & Pacific,1972,4.355
NRU,Naoero,East Asia & Pacific,1973,4.192
NRU,Naoero,East Asia & Pacific,1974,4.067
NRU,Naoero,East Asia & Pacific,1975,3.972
NRU,Naoero,East Asia & Pacific,1976,3.899
NRU,Naoero,East Asia & Pacific,1977,3.858
NRU,Naoero,East Asia & Pacific,1978,3.843
NRU,Naoero,East Asia & Pacific,1979,3.847
NRU,Naoero,East Asia & Pacific,1980,3.878
NRU,Naoero,East Asia & Pacific,1981,3.935
NRU,Naoero,East Asia & Pacific,1982,3.993
NRU,Naoero,East Asia & Pacific,1983,4.056
NRU,Naoero,East Asia & Pacific,1984,4.108
NRU,Naoero,East Asia & Pacific,1985,4.144
NRU,Naoero,East Asia & Pacific,1986,4.149
NRU,Naoero,East Asia & Pacific,1987,4.143
NRU,Naoero,East Asia & Pacific,1988,4.114
NRU,Naoero,East Asia & Pacific,1989,4.068
NRU,Naoero,East Asia & Pacific,1990,4.02
NRU,Naoero,East Asia & Pacific,1991,3.991
NRU,Naoero,East Asia & Pacific,1992,3.952
NRU,Naoero,East Asia & Pacific,1993,3.887
NRU,Naoero,East Asia & Pacific,1994,3.837
NRU,Naoero,East Asia & Pacific,1995,3.808
NRU,Naoero,East Asia & Pacific,1996,3.775
NRU,Naoero,East Asia & Pacific,1997,3.738
NRU,Naoero,East Asia & Pacific,1998,3.683
NRU,Naoero,East Asia & Pacific,1999,3.636
NRU,Naoero,East Asia & Pacific,2000,3.543
NRU,Naoero,East Asia & Pacific,2001,3.461
NRU,Naoero,East Asia & Pacific,2002,3.4
NRU,Naoero,East Asia & Pacific,2003,3.388
NRU,Naoero,East Asia & Pacific,2004,3.378
NRU,Naoero,East Asia & Pacific,2005,3.377
NRU,Naoero,East Asia & Pacific,2006,3.4
NRU,Naoero,East Asia & Pacific,2007,3.504
NRU,Naoero,East Asia & Pacific,2008,3.665
NRU,Naoero,East Asia & Pacific,2009,3.847
NRU,Naoero,East Asia & Pacific,2010,4.019
NRU,Naoero,East Asia & Pacific,2011,4.117
NRU,Naoero,East Asia & Pacific,2012,4.115
NRU,Naoero,East Asia & Pacific,2013,4.098
NRU,Naoero,East Asia & Pacific,2014,4.085
NRU,Naoero,East Asia & Pacific,2015,4.075
NRU,Naoero,East Asia & Pacific,2016,4.027
NRU,Naoero,East Asia & Pacific,2017,3.879
NRU,Naoero,East Asia & Pacific,2018,3.683
NRU,Naoero,East Asia & Pacific,2019,3.531
NRU,Naoero,East Asia & Pacific,2020,3.466
NRU,Naoero,East Asia & Pacific,2021,3.425
NRU,Naoero,East Asia & Pacific,2022,3.379
NRU,Naoero,East Asia & Pacific,2023,3.331
NRU,Naoero,East Asia & Pacific,2024,3.29
NZL,New Zealand,East Asia & Pacific,1960,4.24
NZL,New Zealand,East Asia & Pacific,1961,4.31
NZL,New Zealand,East Asia & Pacific,1962,4.19
NZL,New Zealand,East Asia & Pacific,1963,4.05
NZL,New Zealand,East Asia & Pacific,1964,3.8
NZL,New Zealand,East Asia & Pacific,1965,3.54
NZL,New Zealand,East Asia & Pacific,1966,3.41
NZL,New Zealand,East Asia & Pacific,1967,3.35
NZL,New Zealand,East Asia & Pacific,1968,3.34
NZL,New Zealand,East Asia & Pacific,1969,3.28
NZL,New Zealand,East Asia & Pacific,1970,3.17
NZL,New Zealand,East Asia & Pacific,1971,3.18
NZL,New Zealand,East Asia & Pacific,1972,3.0
NZL,New Zealand,East Asia & Pacific,1973,2.76
NZL,New Zealand,East Asia & Pacific,1974,2.58
NZL,New Zealand,East Asia & Pacific,1975,2.37
NZL,New Zealand,East Asia & Pacific,1976,2.27
NZL,New Zealand,East Asia & Pacific,1977,2.21
NZL,New Zealand,East Asia & Pacific,1978,2.07
NZL,New Zealand,East Asia & Pacific,1979,2.12
NZL,New Zealand,East Asia & Pacific,1980,2.03
NZL,New Zealand,East Asia & Pacific,1981,2.01
NZL,New Zealand,East Asia & Pacific,1982,1.95
NZL,New Zealand,East Asia & Pacific,1983,1.92
NZL,New Zealand,East Asia & Pacific,1984,1.93
NZL,New Zealand,East Asia & Pacific,1985,1.93
NZL,New Zealand,East Asia & Pacific,1986,1.96
NZL,New Zealand,East Asia & Pacific,1987,2.03
NZL,New Zealand,East Asia & Pacific,1988,2.1
NZL,New Zealand,East Asia & Pacific,1989,2.12
NZL,New Zealand,East Asia & Pacific,1990,2.18
NZL,New Zealand,East Asia & Pacific,1991,2.09
NZL,New Zealand,East Asia & Pacific,1992,2.06
NZL,New Zealand,East Asia & Pacific,1993,2.04
NZL,New Zealand,East Asia & Pacific,1994,1.98
NZL,New Zealand,East Asia & Pacific,1995,1.98
NZL,New Zealand,East Asia & Pacific,1996,1.96
NZL,New Zealand,East Asia & Pacific,1997,1.96
NZL,New Zealand,East Asia & Pacific,1998,1.89
NZL,New Zealand,East Asia & Pacific,1999,1.97
NZL,New Zealand,East Asia & Pacific,2000,1.98
NZL,New Zealand,East Asia & Pacific,2001,1.97
NZL,New Zealand,East Asia & Pacific,2002,1.89
NZL,New Zealand,East Asia & Pacific,2003,1.93
NZL,New Zealand,East Asia & Pacific,2004,1.98
NZL,New Zealand,East Asia & Pacific,2005,1.97
NZL,New Zealand,East Asia & Pacific,2006,2.01
NZL,New Zealand,East Asia & Pacific,2007,2.18
NZL,New Zealand,East Asia & Pacific,2008,2.19
NZL,New Zealand,East Asia & Pacific,2009,2.13
NZL,New Zealand,East Asia & Pacific,2010,2.17
NZL,New Zealand,East Asia & Pacific,2011,2.09
NZL,New Zealand,East Asia & Pacific,2012,2.1
NZL,New Zealand,East Asia & Pacific,2013,2.01
NZL,New Zealand,East Asia & Pacific,2014,1.92
NZL,New Zealand,East Asia & Pacific,2015,1.99
NZL,New Zealand,East Asia & Pacific,2016,1.87
NZL,New Zealand,East Asia & Pacific,2017,1.81
NZL,New Zealand,East Asia & Pacific,2018,1.71
NZL,New Zealand,East Asia & Pacific,2019,1.72
NZL,New Zealand,East Asia & Pacific,2020,1.62
NZL,New Zealand,East Asia & Pacific,2021,1.65
NZL,New Zealand,East Asia & Pacific,2022,1.67
NZL,New Zealand,East Asia & Pacific,2023,1.57
NZL,New Zealand,East Asia & Pacific,2024,1.57
OMN,Oman,Middle East & North Africa,1960,7.277
OMN,Oman,Middle East & North Africa,1961,7.287
OMN,Oman,Middle East & North Africa,1962,7.318
OMN,Oman,Middle East & North Africa,1963,7.334
OMN,Oman,Middle East & North Africa,1964,7.37
OMN,Oman,Middle East & North Africa,1965,7.391
OMN,Oman,Middle East & North Africa,1966,7.412
OMN,Oman,Middle East & North Africa,1967,7.437
OMN,Oman,Middle East & North Africa,1968,7.462
OMN,Oman,Middle East & North Africa,1969,7.489
OMN,Oman,Middle East & North Africa,1970,7.523
OMN,Oman,Middle East & North Africa,1971,7.558
OMN,Oman,Middle East & North Africa,1972,7.588
OMN,Oman,Middle East & North Africa,1973,7.625
OMN,Oman,Middle East & North Africa,1974,7.672
OMN,Oman,Middle East & North Africa,1975,7.711
OMN,Oman,Middle East & North Africa,1976,7.743
OMN,Oman,Middle East & North Africa,1977,7.781
OMN,Oman,Middle East & North Africa,1978,7.818
OMN,Oman,Middle East & North Africa,1979,7.85
OMN,Oman,Middle East & North Africa,1980,7.887
OMN,Oman,Middle East & North Africa,1981,7.904
OMN,Oman,Middle East & North Africa,1982,7.837
OMN,Oman,Middle East & North Africa,1983,7.748
OMN,Oman,Middle East & North Africa,1984,7.642
OMN,Oman,Middle East & North Africa,1985,7.512
OMN,Oman,Middle East & North Africa,1986,7.352
OMN,Oman,Middle East & North Africa,1987,7.175
OMN,Oman,Middle East & North Africa,1988,6.953
OMN,Oman,Middle East & North Africa,1989,6.717
OMN,Oman,Middle East & North Africa,1990,6.456
OMN,Oman,Middle East & North Africa,1991,6.197
OMN,Oman,Middle East & North Africa,1992,5.919
OMN,Oman,Middle East & North Africa,1993,5.638
OMN,Oman,Middle East & North Africa,1994,5.359
OMN,Oman,Middle East & North Africa,1995,5.067
OMN,Oman,Middle East & North Africa,1996,4.79
OMN,Oman,Middle East & North Africa,1997,4.524
OMN,Oman,Middle East & North Africa,1998,4.274
OMN,Oman,Middle East & North Africa,1999,4.064
OMN,Oman,Middle East & North Africa,2000,3.852
OMN,Oman,Middle East & North Africa,2001,3.662
OMN,Oman,Middle East & North Africa,2002,3.51
OMN,Oman,Middle East & North Africa,2003,3.371
OMN,Oman,Middle East & North Africa,2004,3.2
OMN,Oman,Middle East & North Africa,2005,3.029
OMN,Oman,Middle East & North Africa,2006,2.879
OMN,Oman,Middle East & North Africa,2007,2.761
OMN,Oman,Middle East & North Africa,2008,2.762
OMN,Oman,Middle East & North Africa,2009,2.829
OMN,Oman,Middle East & North Africa,2010,2.973
OMN,Oman,Middle East & North Africa,2011,2.955
OMN,Oman,Middle East & North Africa,2012,2.928
OMN,Oman,Middle East & North Africa,2013,2.954
OMN,Oman,Middle East & North Africa,2014,2.97
OMN,Oman,Middle East & North Africa,2015,2.965
OMN,Oman,Middle East & North Africa,2016,2.949
OMN,Oman,Middle East & North Africa,2017,2.923
OMN,Oman,Middle East & North Africa,2018,2.81
OMN,Oman,Middle East & North Africa,2019,2.696
OMN,Oman,Middle East & North Africa,2020,2.638
OMN,Oman,Middle East & North Africa,2021,2.588
OMN,Oman,Middle East & North Africa,2022,2.449
OMN,Oman,Middle East & North Africa,2023,2.525
OMN,Oman,Middle East & North Africa,2024,2.508
PAK,Pakistan,Middle East & North Africa,1960,6.8
PAK,Pakistan,Middle East & North Africa,1961,6.8
PAK,Pakistan,Middle East & North Africa,1962,6.8
PAK,Pakistan,Middle East & North Africa,1963,6.8
PAK,Pakistan,Middle East & North Africa,1964,6.8
PAK,Pakistan,Middle East & North Africa,1965,6.8
PAK,Pakistan,Middle East & North Africa,1966,6.8
PAK,Pakistan,Middle East & North Africa,1967,6.8
PAK,Pakistan,Middle East & North Africa,1968,6.8
PAK,Pakistan,Middle East & North Africa,1969,6.8
PAK,Pakistan,Middle East & North Africa,1970,6.801
PAK,Pakistan,Middle East & North Africa,1971,6.802
PAK,Pakistan,Middle East & North Africa,1972,6.805
PAK,Pakistan,Middle East & North Africa,1973,6.808
PAK,Pakistan,Middle East & North Africa,1974,6.811
PAK,Pakistan,Middle East & North Africa,1975,6.812
PAK,Pakistan,Middle East & North Africa,1976,6.808
PAK,Pakistan,Middle East & North Africa,1977,6.799
PAK,Pakistan,Middle East & North Africa,1978,6.783
PAK,Pakistan,Middle East & North Africa,1979,6.761
PAK,Pakistan,Middle East & North Africa,1980,6.734
PAK,Pakistan,Middle East & North Africa,1981,6.704
PAK,Pakistan,Middle East & North Africa,1982,6.674
PAK,Pakistan,Middle East & North Africa,1983,6.644
PAK,Pakistan,Middle East & North Africa,1984,6.615
PAK,Pakistan,Middle East & North Africa,1985,6.585
PAK,Pakistan,Middle East & North Africa,1986,6.554
PAK,Pakistan,Middle East & North Africa,1987,6.518
PAK,Pakistan,Middle East & North Africa,1988,6.476
PAK,Pakistan,Middle East & North Africa,1989,6.425
PAK,Pakistan,Middle East & North Africa,1990,6.364
PAK,Pakistan,Middle East & North Africa,1991,6.291
PAK,Pakistan,Middle East & North Africa,1992,6.207
PAK,Pakistan,Middle East & North Africa,1993,6.112
PAK,Pakistan,Middle East & North Africa,1994,6.008
PAK,Pakistan,Middle East & North Africa,1995,5.894
PAK,Pakistan,Middle East & North Africa,1996,5.771
PAK,Pakistan,Middle East & North Africa,1997,5.642
PAK,Pakistan,Middle East & North Africa,1998,5.507
PAK,Pakistan,Middle East & North Africa,1999,5.462
PAK,Pakistan,Middle East & North Africa,2000,5.352
PAK,Pakistan,Middle East & North Africa,2001,5.182
PAK,Pakistan,Middle East & North Africa,2002,5.012
PAK,Pakistan,Middle East & North Africa,2003,4.894
PAK,Pakistan,Middle East & North Africa,2004,4.685
PAK,Pakistan,Middle East & North Africa,2005,4.595
PAK,Pakistan,Middle East & North Africa,2006,4.589
PAK,Pakistan,Middle East & North Africa,2007,4.554
PAK,Pakistan,Middle East & North Africa,2008,4.515
PAK,Pakistan,Middle East & North Africa,2009,4.465
PAK,Pakistan,Middle East & North Africa,2010,4.398
PAK,Pakistan,Middle East & North Africa,2011,4.305
PAK,Pakistan,Middle East & North Africa,2012,4.204
PAK,Pakistan,Middle East & North Africa,2013,4.125
PAK,Pakistan,Middle East & North Africa,2014,4.055
PAK,Pakistan,Middle East & North Africa,2015,3.988
PAK,Pakistan,Middle East & North Africa,2016,3.902
PAK,Pakistan,Middle East & North Africa,2017,3.9
PAK,Pakistan,Middle East & North Africa,2018,3.855
PAK,Pakistan,Middle East & North Africa,2019,3.81
PAK,Pakistan,Middle East & North Africa,2020,3.765
PAK,Pakistan,Middle East & North Africa,2021,3.72
PAK,Pakistan,Middle East & North Africa,2022,3.662
PAK,Pakistan,Middle East & North Africa,2023,3.605
PAK,Pakistan,Middle East & North Africa,2024,3.547
PAN,Panama,Latin America & Caribbean,1960,5.829
PAN,Panama,Latin America & Caribbean,1961,5.865
PAN,Panama,Latin America & Caribbean,1962,5.872
PAN,Panama,Latin America & Caribbean,1963,5.865
PAN,Panama,Latin America & Caribbean,1964,5.808
PAN,Panama,Latin America & Caribbean,1965,5.728
PAN,Panama,Latin America & Caribbean,1966,5.649
PAN,Panama,Latin America & Caribbean,1967,5.534
PAN,Panama,Latin America & Caribbean,1968,5.411
PAN,Panama,Latin America & Caribbean,1969,5.287
PAN,Panama,Latin America & Caribbean,1970,5.175
PAN,Panama,Latin America & Caribbean,1971,5.054
PAN,Panama,Latin America & Caribbean,1972,4.908
PAN,Panama,Latin America & Caribbean,1973,4.741
PAN,Panama,Latin America & Caribbean,1974,4.576
PAN,Panama,Latin America & Caribbean,1975,4.414
PAN,Panama,Latin America & Caribbean,1976,4.264
PAN,Panama,Latin America & Caribbean,1977,4.118
PAN,Panama,Latin America & Caribbean,1978,3.984
PAN,Panama,Latin America & Caribbean,1979,3.884
PAN,Panama,Latin America & Caribbean,1980,3.796
PAN,Panama,Latin America & Caribbean,1981,3.723
PAN,Panama,Latin America & Caribbean,1982,3.659
PAN,Panama,Latin America & Caribbean,1983,3.601
PAN,Panama,Latin America & Caribbean,1984,3.519
PAN,Panama,Latin America & Caribbean,1985,3.427
PAN,Panama,Latin America & Caribbean,1986,3.339
PAN,Panama,Latin America & Caribbean,1987,3.251
PAN,Panama,Latin America & Caribbean,1988,3.173
PAN,Panama,Latin America & Caribbean,1989,3.121
PAN,Panama,Latin America & Caribbean,1990,3.072
PAN,Panama,Latin America & Caribbean,1991,2.999
PAN,Panama,Latin America & Caribbean,1992,2.95
PAN,Panama,Latin America & Caribbean,1993,2.909
PAN,Panama,Latin America & Caribbean,1994,2.877
PAN,Panama,Latin America & Caribbean,1995,2.852
PAN,Panama,Latin America & Caribbean,1996,2.83
PAN,Panama,Latin America & Caribbean,1997,2.81
PAN,Panama,Latin America & Caribbean,1998,2.789
PAN,Panama,Latin America & Caribbean,1999,2.767
PAN,Panama,Latin America & Caribbean,2000,2.744
PAN,Panama,Latin America & Caribbean,2001,2.72
PAN,Panama,Latin America & Caribbean,2002,2.698
PAN,Panama,Latin America & Caribbean,2003,2.679
PAN,Panama,Latin America & Caribbean,2004,2.68
PAN,Panama,Latin America & Caribbean,2005,2.643
PAN,Panama,Latin America & Caribbean,2006,2.62
PAN,Panama,Latin America & Caribbean,2007,2.612
PAN,Panama,Latin America & Caribbean,2008,2.608
PAN,Panama,Latin America & Caribbean,2009,2.593
PAN,Panama,Latin America & Caribbean,2010,2.587
PAN,Panama,Latin America & Caribbean,2011,2.604
PAN,Panama,Latin America & Caribbean,2012,2.591
PAN,Panama,Latin America & Caribbean,2013,2.569
PAN,Panama,Latin America & Caribbean,2014,2.552
PAN,Panama,Latin America & Caribbean,2015,2.53
PAN,Panama,Latin America & Caribbean,2016,2.502
PAN,Panama,Latin America & Caribbean,2017,2.462
PAN,Panama,Latin America & Caribbean,2018,2.402
PAN,Panama,Latin America & Caribbean,2019,2.288
PAN,Panama,Latin America & Caribbean,2020,2.184
PAN,Panama,Latin America & Caribbean,2021,2.152
PAN,Panama,Latin America & Caribbean,2022,2.139
PAN,Panama,Latin America & Caribbean,2023,2.119
PAN,Panama,Latin America & Caribbean,2024,2.106
PER,Peru,Latin America & Caribbean,1960,6.941
PER,Peru,Latin America & Caribbean,1961,6.923
PER,Peru,Latin America & Caribbean,1962,6.895
PER,Peru,Latin America & Caribbean,1963,6.858
PER,Peru,Latin America & Caribbean,1964,6.81
PER,Peru,Latin America & Caribbean,1965,6.75
PER,Peru,Latin America & Caribbean,1966,6.68
PER,Peru,Latin America & Caribbean,1967,6.6
PER,Peru,Latin America & Caribbean,1968,6.513
PER,Peru,Latin America & Caribbean,1969,6.418
PER,Peru,Latin America & Caribbean,1970,6.316
PER,Peru,Latin America & Caribbean,1971,6.207
PER,Peru,Latin America & Caribbean,1972,6.091
PER,Peru,Latin America & Caribbean,1973,5.968
PER,Peru,Latin America & Caribbean,1974,5.841
PER,Peru,Latin America & Caribbean,1975,5.709
PER,Peru,Latin America & Caribbean,1976,5.575
PER,Peru,Latin America & Caribbean,1977,5.44
PER,Peru,Latin America & Caribbean,1978,5.305
PER,Peru,Latin America & Caribbean,1979,5.171
PER,Peru,Latin America & Caribbean,1980,5.041
PER,Peru,Latin America & Caribbean,1981,4.915
PER,Peru,Latin America & Caribbean,1982,4.795
PER,Peru,Latin America & Caribbean,1983,4.68
PER,Peru,Latin America & Caribbean,1984,4.568
PER,Peru,Latin America & Caribbean,1985,4.46
PER,Peru,Latin America & Caribbean,1986,4.354
PER,Peru,Latin America & Caribbean,1987,4.247
PER,Peru,Latin America & Caribbean,1988,4.138
PER,Peru,Latin America & Caribbean,1989,4.026
PER,Peru,Latin America & Caribbean,1990,3.912
PER,Peru,Latin America & Caribbean,1991,3.794
PER,Peru,Latin America & Caribbean,1992,3.673
PER,Peru,Latin America & Caribbean,1993,3.552
PER,Peru,Latin America & Caribbean,1994,3.432
PER,Peru,Latin America & Caribbean,1995,3.315
PER,Peru,Latin America & Caribbean,1996,3.203
PER,Peru,Latin America & Caribbean,1997,3.099
PER,Peru,Latin America & Caribbean,1998,3.002
PER,Peru,Latin America & Caribbean,1999,2.917
PER,Peru,Latin America & Caribbean,2000,2.845
PER,Peru,Latin America & Caribbean,2001,2.744
PER,Peru,Latin America & Caribbean,2002,2.693
PER,Peru,Latin America & Caribbean,2003,2.661
PER,Peru,Latin America & Caribbean,2004,2.673
PER,Peru,Latin America & Caribbean,2005,2.643
PER,Peru,Latin America & Caribbean,2006,2.619
PER,Peru,Latin America & Caribbean,2007,2.583
PER,Peru,Latin America & Caribbean,2008,2.528
PER,Peru,Latin America & Caribbean,2009,2.48
PER,Peru,Latin America & Caribbean,2010,2.421
PER,Peru,Latin America & Caribbean,2011,2.413
PER,Peru,Latin America & Caribbean,2012,2.356
PER,Peru,Latin America & Caribbean,2013,2.317
PER,Peru,Latin America & Caribbean,2014,2.271
PER,Peru,Latin America & Caribbean,2015,2.229
PER,Peru,Latin America & Caribbean,2016,2.189
PER,Peru,Latin America & Caribbean,2017,2.152
PER,Peru,Latin America & Caribbean,2018,2.118
PER,Peru,Latin America & Caribbean,2019,2.086
PER,Peru,Latin America & Caribbean,2020,2.056
PER,Peru,Latin America & Caribbean,2021,2.029
PER,Peru,Latin America & Caribbean,2022,2.004
PER,Peru,Latin America & Caribbean,2023,1.98
PER,Peru,Latin America & Caribbean,2024,1.965
PHL,Philippines,East Asia & Pacific,1960,6.996
PHL,Philippines,East Asia & Pacific,1961,6.994
PHL,Philippines,East Asia & Pacific,1962,6.98
PHL,Philippines,East Asia & Pacific,1963,6.952
PHL,Philippines,East Asia & Pacific,1964,6.886
PHL,Philippines,East Asia & Pacific,1965,6.799
PHL,Philippines,East Asia & Pacific,1966,6.691
PHL,Philippines,East Asia & Pacific,1967,6.572
PHL,Philippines,East Asia & Pacific,1968,6.448
PHL,Philippines,East Asia & Pacific,1969,6.333
PHL,Philippines,East Asia & Pacific,1970,6.218
PHL,Philippines,East Asia & Pacific,1971,6.083
PHL,Philippines,East Asia & Pacific,1972,5.937
PHL,Philippines,East Asia & Pacific,1973,5.787
PHL,Philippines,East Asia & Pacific,1974,5.693
PHL,Philippines,East Asia & Pacific,1975,5.596
PHL,Philippines,East Asia & Pacific,1976,5.505
PHL,Philippines,East Asia & Pacific,1977,5.442
PHL,Philippines,East Asia & Pacific,1978,5.393
PHL,Philippines,East Asia & Pacific,1979,5.255
PHL,Philippines,East Asia & Pacific,1980,5.108
PHL,Philippines,East Asia & Pacific,1981,4.973
PHL,Philippines,East Asia & Pacific,1982,4.917
PHL,Philippines,East Asia & Pacific,1983,4.867
PHL,Philippines,East Asia & Pacific,1984,4.77
PHL,Philippines,East Asia & Pacific,1985,4.664
PHL,Philippines,East Asia & Pacific,1986,4.563
PHL,Philippines,East Asia & Pacific,1987,4.509
PHL,Philippines,East Asia & Pacific,1988,4.449
PHL,Philippines,East Asia & Pacific,1989,4.365
PHL,Philippines,East Asia & Pacific,1990,4.322
PHL,Philippines,East Asia & Pacific,1991,4.273
PHL,Philippines,East Asia & Pacific,1992,4.161
PHL,Philippines,East Asia & Pacific,1993,4.098
PHL,Philippines,East Asia & Pacific,1994,4.079
PHL,Philippines,East Asia & Pacific,1995,4.067
PHL,Philippines,East Asia & Pacific,1996,4.004
PHL,Philippines,East Asia & Pacific,1997,3.943
PHL,Philippines,East Asia & Pacific,1998,3.884
PHL,Philippines,East Asia & Pacific,1999,3.825
PHL,Philippines,East Asia & Pacific,2000,3.754
PHL,Philippines,East Asia & Pacific,2001,3.719
PHL,Philippines,East Asia & Pacific,2002,3.651
PHL,Philippines,East Asia & Pacific,2003,3.591
PHL,Philippines,East Asia & Pacific,2004,3.524
PHL,Philippines,East Asia & Pacific,2005,3.448
PHL,Philippines,East Asia & Pacific,2006,3.466
PHL,Philippines,East Asia & Pacific,2007,3.403
PHL,Philippines,East Asia & Pacific,2008,3.401
PHL,Philippines,East Asia & Pacific,2009,3.376
PHL,Philippines,East Asia & Pacific,2010,3.315
PHL,Philippines,East Asia & Pacific,2011,3.236
PHL,Philippines,East Asia & Pacific,2012,3.143
PHL,Philippines,East Asia & Pacific,2013,3.042
PHL,Philippines,East Asia & Pacific,2014,2.894
PHL,Philippines,East Asia & Pacific,2015,2.829
PHL,Philippines,East Asia & Pacific,2016,2.679
PHL,Philippines,East Asia & Pacific,2017,2.525
PHL,Philippines,East Asia & Pacific,2018,2.378
PHL,Philippines,East Asia & Pacific,2019,2.215
PHL,Philippines,East Asia & Pacific,2020,2.075
PHL,Philippines,East Asia & Pacific,2021,1.95
PHL,Philippines,East Asia & Pacific,2022,1.929
PHL,Philippines,East Asia & Pacific,2023,1.916
PHL,Philippines,East Asia & Pacific,2024,1.894
PLW,Palau,East Asia & Pacific,1960,7.189
PLW,Palau,East Asia & Pacific,1961,7.173
PLW,Palau,East Asia & Pacific,1962,7.145
PLW,Palau,East Asia & Pacific,1963,7.117
PLW,Palau,East Asia & Pacific,1964,7.076
PLW,Palau,East Asia & Pacific,1965,7.014
PLW,Palau,East Asia & Pacific,1966,6.932
PLW,Palau,East Asia & Pacific,1967,6.836
PLW,Palau,East Asia & Pacific,1968,6.714
PLW,Palau,East Asia & Pacific,1969,6.576
PLW,Palau,East Asia & Pacific,1970,6.387
PLW,Palau,East Asia & Pacific,1971,6.164
PLW,Palau,East Asia & Pacific,1972,5.896
PLW,Palau,East Asia & Pacific,1973,5.592
PLW,Palau,East Asia & Pacific,1974,5.258
PLW,Palau,East Asia & Pacific,1975,4.903
PLW,Palau,East Asia & Pacific,1976,4.526
PLW,Palau,East Asia & Pacific,1977,4.09
PLW,Palau,East Asia & Pacific,1978,3.74
PLW,Palau,East Asia & Pacific,1979,3.486
PLW,Palau,East Asia & Pacific,1980,3.351
PLW,Palau,East Asia & Pacific,1981,3.276
PLW,Palau,East Asia & Pacific,1982,3.22
PLW,Palau,East Asia & Pacific,1983,3.143
PLW,Palau,East Asia & Pacific,1984,3.08
PLW,Palau,East Asia & Pacific,1985,3.01
PLW,Palau,East Asia & Pacific,1986,2.976
PLW,Palau,East Asia & Pacific,1987,2.933
PLW,Palau,East Asia & Pacific,1988,2.905
PLW,Palau,East Asia & Pacific,1989,2.917
PLW,Palau,East Asia & Pacific,1990,2.881
PLW,Palau,East Asia & Pacific,1991,2.742
PLW,Palau,East Asia & Pacific,1992,2.71
PLW,Palau,East Asia & Pacific,1993,2.727
PLW,Palau,East Asia & Pacific,1994,2.661
PLW,Palau,East Asia & Pacific,1995,2.553
PLW,Palau,East Asia & Pacific,1996,2.39
PLW,Palau,East Asia & Pacific,1997,2.187
PLW,Palau,East Asia & Pacific,1998,2.006
PLW,Palau,East Asia & Pacific,1999,1.906
PLW,Palau,East Asia & Pacific,2000,1.819
PLW,Palau,East Asia & Pacific,2001,1.87
PLW,Palau,East Asia & Pacific,2002,1.923
PLW,Palau,East Asia & Pacific,2003,1.962
PLW,Palau,East Asia & Pacific,2004,1.989
PLW,Palau,East Asia & Pacific,2005,2.017
PLW,Palau,East Asia & Pacific,2006,1.996
PLW,Palau,East Asia & Pacific,2007,1.968
PLW,Palau,East Asia & Pacific,2008,1.947
PLW,Palau,East Asia & Pacific,2009,1.935
PLW,Palau,East Asia & Pacific,2010,1.937
PLW,Palau,East Asia & Pacific,2011,1.965
PLW,Palau,East Asia & Pacific,2012,2.006
PLW,Palau,East Asia & Pacific,2013,2.054
PLW,Palau,East Asia & Pacific,2014,2.032
PLW,Palau,East Asia & Pacific,2015,2.002
PLW,Palau,East Asia & Pacific,2016,2.055
PLW,Palau,East Asia & Pacific,2017,2.019
PLW,Palau,East Asia & Pacific,2018,1.97
PLW,Palau,East Asia & Pacific,2019,1.984
PLW,Palau,East Asia & Pacific,2020,1.972
PLW,Palau,East Asia & Pacific,2021,1.95
PLW,Palau,East Asia & Pacific,2022,1.927
PLW,Palau,East Asia & Pacific,2023,1.907
PLW,Palau,East Asia & Pacific,2024,1.883
PNG,Papua New Guinea,East Asia & Pacific,1960,6.018
PNG,Papua New Guinea,East Asia & Pacific,1961,6.074
PNG,Papua New Guinea,East Asia & Pacific,1962,6.135
PNG,Papua New Guinea,East Asia & Pacific,1963,6.153
PNG,Papua New Guinea,East Asia & Pacific,1964,6.191
PNG,Papua New Guinea,East Asia & Pacific,1965,6.203
PNG,Papua New Guinea,East Asia & Pacific,1966,6.232
PNG,Papua New Guinea,East Asia & Pacific,1967,6.242
PNG,Papua New Guinea,East Asia & Pacific,1968,6.252
PNG,Papua New Guinea,East Asia & Pacific,1969,6.258
PNG,Papua New Guinea,East Asia & Pacific,1970,6.25
PNG,Papua New Guinea,East Asia & Pacific,1971,6.229
PNG,Papua New Guinea,East Asia & Pacific,1972,6.197
PNG,Papua New Guinea,East Asia & Pacific,1973,6.16
PNG,Papua New Guinea,East Asia & Pacific,1974,6.114
PNG,Papua New Guinea,East Asia & Pacific,1975,6.065
PNG,Papua New Guinea,East Asia & Pacific,1976,6.018
PNG,Papua New Guinea,East Asia & Pacific,1977,5.957
PNG,Papua New Guinea,East Asia & Pacific,1978,5.879
PNG,Papua New Guinea,East Asia & Pacific,1979,5.785
PNG,Papua New Guinea,East Asia & Pacific,1980,5.705
PNG,Papua New Guinea,East Asia & Pacific,1981,5.645
PNG,Papua New Guinea,East Asia & Pacific,1982,5.587
PNG,Papua New Guinea,East Asia & Pacific,1983,5.563
PNG,Papua New Guinea,East Asia & Pacific,1984,5.514
PNG,Papua New Guinea,East Asia & Pacific,1985,5.47
PNG,Papua New Guinea,East Asia & Pacific,1986,5.415
PNG,Papua New Guinea,East Asia & Pacific,1987,5.359
PNG,Papua New Guinea,East Asia & Pacific,1988,5.302
PNG,Papua New Guinea,East Asia & Pacific,1989,5.243
PNG,Papua New Guinea,East Asia & Pacific,1990,5.18
PNG,Papua New Guinea,East Asia & Pacific,1991,5.109
PNG,Papua New Guinea,East Asia & Pacific,1992,5.033
PNG,Papua New Guinea,East Asia & Pacific,1993,4.962
PNG,Papua New Guinea,East Asia & Pacific,1994,4.87
PNG,Papua New Guinea,East Asia & Pacific,1995,4.78
PNG,Papua New Guinea,East Asia & Pacific,1996,4.728
PNG,Papua New Guinea,East Asia & Pacific,1997,4.679
PNG,Papua New Guinea,East Asia & Pacific,1998,4.632
PNG,Papua New Guinea,East Asia & Pacific,1999,4.587
PNG,Papua New Guinea,East Asia & Pacific,2000,4.525
PNG,Papua New Guinea,East Asia & Pacific,2001,4.469
PNG,Papua New Guinea,East Asia & Pacific,2002,4.419
PNG,Papua New Guinea,East Asia & Pacific,2003,4.362
PNG,Papua New Guinea,East Asia & Pacific,2004,4.283
PNG,Papua New Guinea,East Asia & Pacific,2005,4.22
PNG,Papua New Guinea,East Asia & Pacific,2006,4.148
PNG,Papua New Guinea,East Asia & Pacific,2007,4.076
PNG,Papua New Guinea,East Asia & Pacific,2008,4.015
PNG,Papua New Guinea,East Asia & Pacific,2009,3.941
PNG,Papua New Guinea,East Asia & Pacific,2010,3.883
PNG,Papua New Guinea,East Asia & Pacific,2011,3.816
PNG,Papua New Guinea,East Asia & Pacific,2012,3.746
PNG,Papua New Guinea,East Asia & Pacific,2013,3.684
PNG,Papua New Guinea,East Asia & Pacific,2014,3.625
PNG,Papua New Guinea,East Asia & Pacific,2015,3.558
PNG,Papua New Guinea,East Asia & Pacific,2016,3.495
PNG,Papua New Guinea,East Asia & Pacific,2017,3.432
PNG,Papua New Guinea,East Asia & Pacific,2018,3.382
PNG,Papua New Guinea,East Asia & Pacific,2019,3.322
PNG,Papua New Guinea,East Asia & Pacific,2020,3.274
PNG,Papua New Guinea,East Asia & Pacific,2021,3.215
PNG,Papua New Guinea,East Asia & Pacific,2022,3.165
PNG,Papua New Guinea,East Asia & Pacific,2023,3.099
PNG,Papua New Guinea,East Asia & Pacific,2024,3.072
POL,Poland,Europe & Central Asia,1960,2.98
POL,Poland,Europe & Central Asia,1961,2.83
POL,Poland,Europe & Central Asia,1962,2.72
POL,Poland,Europe & Central Asia,1963,2.7
POL,Poland,Europe & Central Asia,1964,2.57
POL,Poland,Europe & Central Asia,1965,2.52
POL,Poland,Europe & Central Asia,1966,2.34
POL,Poland,Europe & Central Asia,1967,2.33
POL,Poland,Europe & Central Asia,1968,2.24
POL,Poland,Europe & Central Asia,1969,2.2
POL,Poland,Europe & Central Asia,1970,2.2
POL,Poland,Europe & Central Asia,1971,2.25
POL,Poland,Europe & Central Asia,1972,2.24
POL,Poland,Europe & Central Asia,1973,2.26
POL,Poland,Europe & Central Asia,1974,2.26
POL,Poland,Europe & Central Asia,1975,2.27
POL,Poland,Europe & Central Asia,1976,2.3
POL,Poland,Europe & Central Asia,1977,2.23
POL,Poland,Europe & Central Asia,1978,2.21
POL,Poland,Europe & Central Asia,1979,2.28
POL,Poland,Europe & Central Asia,1980,2.28
POL,Poland,Europe & Central Asia,1981,2.24
POL,Poland,Europe & Central Asia,1982,2.34
POL,Poland,Europe & Central Asia,1983,2.42
POL,Poland,Europe & Central Asia,1984,2.37
POL,Poland,Europe & Central Asia,1985,2.33
POL,Poland,Europe & Central Asia,1986,2.22
POL,Poland,Europe & Central Asia,1987,2.15
POL,Poland,Europe & Central Asia,1988,2.13
POL,Poland,Europe & Central Asia,1989,2.08
POL,Poland,Europe & Central Asia,1990,2.06
POL,Poland,Europe & Central Asia,1991,2.07
POL,Poland,Europe & Central Asia,1992,1.95
POL,Poland,Europe & Central Asia,1993,1.87
POL,Poland,Europe & Central Asia,1994,1.81
POL,Poland,Europe & Central Asia,1995,1.62
POL,Poland,Europe & Central Asia,1996,1.59
POL,Poland,Europe & Central Asia,1997,1.51
POL,Poland,Europe & Central Asia,1998,1.44
POL,Poland,Europe & Central Asia,1999,1.37
POL,Poland,Europe & Central Asia,2000,1.37
POL,Poland,Europe & Central Asia,2001,1.31
POL,Poland,Europe & Central Asia,2002,1.25
POL,Poland,Europe & Central Asia,2003,1.22
POL,Poland,Europe & Central Asia,2004,1.23
POL,Poland,Europe & Central Asia,2005,1.24
POL,Poland,Europe & Central Asia,2006,1.27
POL,Poland,Europe & Central Asia,2007,1.31
POL,Poland,Europe & Central Asia,2008,1.39
POL,Poland,Europe & Central Asia,2009,1.4
POL,Poland,Europe & Central Asia,2010,1.41
POL,Poland,Europe & Central Asia,2011,1.33
POL,Poland,Europe & Central Asia,2012,1.33
POL,Poland,Europe & Central Asia,2013,1.29
POL,Poland,Europe & Central Asia,2014,1.32
POL,Poland,Europe & Central Asia,2015,1.32
POL,Poland,Europe & Central Asia,2016,1.39
POL,Poland,Europe & Central Asia,2017,1.48
POL,Poland,Europe & Central Asia,2018,1.46
POL,Poland,Europe & Central Asia,2019,1.44
POL,Poland,Europe & Central Asia,2020,1.39
POL,Poland,Europe & Central Asia,2021,1.33
POL,Poland,Europe & Central Asia,2022,1.29
POL,Poland,Europe & Central Asia,2023,1.2
POL,Poland,Europe & Central Asia,2024,1.14
PRI,Puerto Rico (US),Latin America & Caribbean,1960,4.796
PRI,Puerto Rico (US),Latin America & Caribbean,1961,4.51
PRI,Puerto Rico (US),Latin America & Caribbean,1962,4.359
PRI,Puerto Rico (US),Latin America & Caribbean,1963,4.525
PRI,Puerto Rico (US),Latin America & Caribbean,1964,4.108
PRI,Puerto Rico (US),Latin America & Caribbean,1965,4.044
PRI,Puerto Rico (US),Latin America & Caribbean,1966,3.817
PRI,Puerto Rico (US),Latin America & Caribbean,1967,3.569
PRI,Puerto Rico (US),Latin America & Caribbean,1968,3.381
PRI,Puerto Rico (US),Latin America & Caribbean,1969,3.315
PRI,Puerto Rico (US),Latin America & Caribbean,1970,3.243
PRI,Puerto Rico (US),Latin America & Caribbean,1971,3.291
PRI,Puerto Rico (US),Latin America & Caribbean,1972,3.058
PRI,Puerto Rico (US),Latin America & Caribbean,1973,2.93
PRI,Puerto Rico (US),Latin America & Caribbean,1974,2.882
PRI,Puerto Rico (US),Latin America & Caribbean,1975,2.772
PRI,Puerto Rico (US),Latin America & Caribbean,1976,2.863
PRI,Puerto Rico (US),Latin America & Caribbean,1977,2.923
PRI,Puerto Rico (US),Latin America & Caribbean,1978,2.9
PRI,Puerto Rico (US),Latin America & Caribbean,1979,2.846
PRI,Puerto Rico (US),Latin America & Caribbean,1980,2.815
PRI,Puerto Rico (US),Latin America & Caribbean,1981,2.711
PRI,Puerto Rico (US),Latin America & Caribbean,1982,2.613
PRI,Puerto Rico (US),Latin America & Caribbean,1983,2.456
PRI,Puerto Rico (US),Latin America & Caribbean,1984,2.353
PRI,Puerto Rico (US),Latin America & Caribbean,1985,2.351
PRI,Puerto Rico (US),Latin America & Caribbean,1986,2.355
PRI,Puerto Rico (US),Latin America & Caribbean,1987,2.328
PRI,Puerto Rico (US),Latin America & Caribbean,1988,2.307
PRI,Puerto Rico (US),Latin America & Caribbean,1989,2.386
PRI,Puerto Rico (US),Latin America & Caribbean,1990,2.378
PRI,Puerto Rico (US),Latin America & Caribbean,1991,2.302
PRI,Puerto Rico (US),Latin America & Caribbean,1992,2.29
PRI,Puerto Rico (US),Latin America & Caribbean,1993,2.307
PRI,Puerto Rico (US),Latin America & Caribbean,1994,2.278
PRI,Puerto Rico (US),Latin America & Caribbean,1995,2.248
PRI,Puerto Rico (US),Latin America & Caribbean,1996,1.94
PRI,Puerto Rico (US),Latin America & Caribbean,1997,1.9
PRI,Puerto Rico (US),Latin America & Caribbean,1998,1.9
PRI,Puerto Rico (US),Latin America & Caribbean,1999,2.0
PRI,Puerto Rico (US),Latin America & Caribbean,2000,2.048
PRI,Puerto Rico (US),Latin America & Caribbean,2001,1.935
PRI,Puerto Rico (US),Latin America & Caribbean,2002,1.832
PRI,Puerto Rico (US),Latin America & Caribbean,2003,1.762
PRI,Puerto Rico (US),Latin America & Caribbean,2004,1.782
PRI,Puerto Rico (US),Latin America & Caribbean,2005,1.77
PRI,Puerto Rico (US),Latin America & Caribbean,2006,1.712
PRI,Puerto Rico (US),Latin America & Caribbean,2007,1.65
PRI,Puerto Rico (US),Latin America & Caribbean,2008,1.652
PRI,Puerto Rico (US),Latin America & Caribbean,2009,1.653
PRI,Puerto Rico (US),Latin America & Caribbean,2010,1.624
PRI,Puerto Rico (US),Latin America & Caribbean,2011,1.596
PRI,Puerto Rico (US),Latin America & Caribbean,2012,1.542
PRI,Puerto Rico (US),Latin America & Caribbean,2013,1.47
PRI,Puerto Rico (US),Latin America & Caribbean,2014,1.432
PRI,Puerto Rico (US),Latin America & Caribbean,2015,1.336
PRI,Puerto Rico (US),Latin America & Caribbean,2016,1.242
PRI,Puerto Rico (US),Latin America & Caribbean,2017,1.101
PRI,Puerto Rico (US),Latin America & Caribbean,2018,1.035
PRI,Puerto Rico (US),Latin America & Caribbean,2019,0.982
PRI,Puerto Rico (US),Latin America & Caribbean,2020,0.922
PRI,Puerto Rico (US),Latin America & Caribbean,2021,0.907
PRI,Puerto Rico (US),Latin America & Caribbean,2022,0.914
PRI,Puerto Rico (US),Latin America & Caribbean,2023,0.92
PRI,Puerto Rico (US),Latin America & Caribbean,2024,0.92
PRK,"Korea, Dem. People's Rep.",East Asia & Pacific,1960,3.568
PRK,"Korea, Dem. People's Rep.",East Asia & Pacific,1961,3.261
PRK,"Korea, Dem. People's Rep.",East Asia & Pacific,1962,3.412
PRK,"Korea, Dem. People's Rep.",East Asia & Pacific,1963,3.626
PRK,"Korea, Dem. People's Rep.",East Asia & Pacific,1964,3.547
PRK,"Korea, Dem. People's Rep.",East Asia & Pacific,1965,3.556
PRK,"Korea, Dem. People's Rep.",East Asia & Pacific,1966,3.709
PRK,"Korea, Dem. People's Rep.",East Asia & Pacific,1967,4.05
PRK,"Korea, Dem. People's Rep.",East Asia & Pacific,1968,3.872
PRK,"Korea, Dem. People's Rep.",East Asia & Pacific,1969,3.86
PRK,"Korea, Dem. People's Rep.",East Asia & Pacific,1970,3.848
PRK,"Korea, Dem. People's Rep.",East Asia & Pacific,1971,3.739
PRK,"Korea, Dem. People's Rep.",East Asia & Pacific,1972,3.889
PRK,"Korea, Dem. People's Rep.",East Asia & Pacific,1973,3.353
PRK,"Korea, Dem. People's Rep.",East Asia & Pacific,1974,3.142
PRK,"Korea, Dem. People's Rep.",East Asia & Pacific,1975,3.047
PRK,"Korea, Dem. People's Rep.",East Asia & Pacific,1976,2.836
PRK,"Korea, Dem. People's Rep.",East Asia & Pacific,1977,2.771
PRK,"Korea, Dem. People's Rep.",East Asia & Pacific,1978,2.793
PRK,"Korea, Dem. People's Rep.",East Asia & Pacific,1979,2.849
PRK,"Korea, Dem. People's Rep.",East Asia & Pacific,1980,2.841
PRK,"Korea, Dem. People's Rep.",East Asia & Pacific,1981,2.921
PRK,"Korea, Dem. People's Rep.",East Asia & Pacific,1982,2.854
PRK,"Korea, Dem. People's Rep.",East Asia & Pacific,1983,2.777
PRK,"Korea, Dem. People's Rep.",East Asia & Pacific,1984,2.708
PRK,"Korea, Dem. People's Rep.",East Asia & Pacific,1985,2.646
PRK,"Korea, Dem. People's Rep.",East Asia & Pacific,1986,2.594
PRK,"Korea, Dem. People's Rep.",East Asia & Pacific,1987,2.529
PRK,"Korea, Dem. People's Rep.",East Asia & Pacific,1988,2.468
PRK,"Korea, Dem. People's Rep.",East Asia & Pacific,1989,2.412
PRK,"Korea, Dem. People's Rep.",East Asia & Pacific,1990,2.388
PRK,"Korea, Dem. People's Rep.",East Asia & Pacific,1991,2.351
PRK,"Korea, Dem. People's Rep.",East Asia & Pacific,1992,2.287
PRK,"Korea, Dem. People's Rep.",East Asia & Pacific,1993,2.218
PRK,"Korea, Dem. People's Rep.",East Asia & Pacific,1994,2.183
PRK,"Korea, Dem. People's Rep.",East Asia & Pacific,1995,2.146
PRK,"Korea, Dem. People's Rep.",East Asia & Pacific,1996,2.093
PRK,"Korea, Dem. People's Rep.",East Asia & Pacific,1997,2.027
PRK,"Korea, Dem. People's Rep.",East Asia & Pacific,1998,1.991
PRK,"Korea, Dem. People's Rep.",East Asia & Pacific,1999,1.966
PRK,"Korea, Dem. People's Rep.",East Asia & Pacific,2000,1.941
PRK,"Korea, Dem. People's Rep.",East Asia & Pacific,2001,1.94
PRK,"Korea, Dem. People's Rep.",East Asia & Pacific,2002,1.919
PRK,"Korea, Dem. People's Rep.",East Asia & Pacific,2003,1.909
PRK,"Korea, Dem. People's Rep.",East Asia & Pacific,2004,1.899
PRK,"Korea, Dem. People's Rep.",East Asia & Pacific,2005,1.872
PRK,"Korea, Dem. People's Rep.",East Asia & Pacific,2006,1.936
PRK,"Korea, Dem. People's Rep.",East Asia & Pacific,2007,1.943
PRK,"Korea, Dem. People's Rep.",East Asia & Pacific,2008,1.97
PRK,"Korea, Dem. People's Rep.",East Asia & Pacific,2009,1.905
PRK,"Korea, Dem. People's Rep.",East Asia & Pacific,2010,1.89
PRK,"Korea, Dem. People's Rep.",East Asia & Pacific,2011,1.883
PRK,"Korea, Dem. People's Rep.",East Asia & Pacific,2012,1.882
PRK,"Korea, Dem. People's Rep.",East Asia & Pacific,2013,1.877
PRK,"Korea, Dem. People's Rep.",East Asia & Pacific,2014,1.874
PRK,"Korea, Dem. People's Rep.",East Asia & Pacific,2015,1.863
PRK,"Korea, Dem. People's Rep.",East Asia & Pacific,2016,1.856
PRK,"Korea, Dem. People's Rep.",East Asia & Pacific,2017,1.848
PRK,"Korea, Dem. People's Rep.",East Asia & Pacific,2018,1.834
PRK,"Korea, Dem. People's Rep.",East Asia & Pacific,2019,1.825
PRK,"Korea, Dem. People's Rep.",East Asia & Pacific,2020,1.821
PRK,"Korea, Dem. People's Rep.",East Asia & Pacific,2021,1.806
PRK,"Korea, Dem. People's Rep.",East Asia & Pacific,2022,1.797
PRK,"Korea, Dem. People's Rep.",East Asia & Pacific,2023,1.78
PRK,"Korea, Dem. People's Rep.",East Asia & Pacific,2024,1.784
PRT,Portugal,Europe & Central Asia,1960,3.16
PRT,Portugal,Europe & Central Asia,1961,3.21
PRT,Portugal,Europe & Central Asia,1962,3.23
PRT,Portugal,Europe & Central Asia,1963,3.12
PRT,Portugal,Europe & Central Asia,1964,3.21
PRT,Portugal,Europe & Central Asia,1965,3.15
PRT,Portugal,Europe & Central Asia,1966,3.16
PRT,Portugal,Europe & Central Asia,1967,3.16
PRT,Portugal,Europe & Central Asia,1968,3.12
PRT,Portugal,Europe & Central Asia,1969,3.12
PRT,Portugal,Europe & Central Asia,1970,3.01
PRT,Portugal,Europe & Central Asia,1971,3.0
PRT,Portugal,Europe & Central Asia,1972,2.86
PRT,Portugal,Europe & Central Asia,1973,2.77
PRT,Portugal,Europe & Central Asia,1974,2.7
PRT,Portugal,Europe & Central Asia,1975,2.75
PRT,Portugal,Europe & Central Asia,1976,2.82
PRT,Portugal,Europe & Central Asia,1977,2.69
PRT,Portugal,Europe & Central Asia,1978,2.45
PRT,Portugal,Europe & Central Asia,1979,2.31
PRT,Portugal,Europe & Central Asia,1980,2.25
PRT,Portugal,Europe & Central Asia,1981,2.13
PRT,Portugal,Europe & Central Asia,1982,2.07
PRT,Portugal,Europe & Central Asia,1983,1.95
PRT,Portugal,Europe & Central Asia,1984,1.9
PRT,Portugal,Europe & Central Asia,1985,1.72
PRT,Portugal,Europe & Central Asia,1986,1.66
PRT,Portugal,Europe & Central Asia,1987,1.62
PRT,Portugal,Europe & Central Asia,1988,1.61
PRT,Portugal,Europe & Central Asia,1989,1.57
PRT,Portugal,Europe & Central Asia,1990,1.56
PRT,Portugal,Europe & Central Asia,1991,1.56
PRT,Portugal,Europe & Central Asia,1992,1.54
PRT,Portugal,Europe & Central Asia,1993,1.52
PRT,Portugal,Europe & Central Asia,1994,1.45
PRT,Portugal,Europe & Central Asia,1995,1.41
PRT,Portugal,Europe & Central Asia,1996,1.44
PRT,Portugal,Europe & Central Asia,1997,1.47
PRT,Portugal,Europe & Central Asia,1998,1.47
PRT,Portugal,Europe & Central Asia,1999,1.5
PRT,Portugal,Europe & Central Asia,2000,1.55
PRT,Portugal,Europe & Central Asia,2001,1.45
PRT,Portugal,Europe & Central Asia,2002,1.46
PRT,Portugal,Europe & Central Asia,2003,1.44
PRT,Portugal,Europe & Central Asia,2004,1.4
PRT,Portugal,Europe & Central Asia,2005,1.41
PRT,Portugal,Europe & Central Asia,2006,1.37
PRT,Portugal,Europe & Central Asia,2007,1.35
PRT,Portugal,Europe & Central Asia,2008,1.39
PRT,Portugal,Europe & Central Asia,2009,1.34
PRT,Portugal,Europe & Central Asia,2010,1.39
PRT,Portugal,Europe & Central Asia,2011,1.35
PRT,Portugal,Europe & Central Asia,2012,1.28
PRT,Portugal,Europe & Central Asia,2013,1.21
PRT,Portugal,Europe & Central Asia,2014,1.24
PRT,Portugal,Europe & Central Asia,2015,1.31
PRT,Portugal,Europe & Central Asia,2016,1.37
PRT,Portugal,Europe & Central Asia,2017,1.38
PRT,Portugal,Europe & Central Asia,2018,1.42
PRT,Portugal,Europe & Central Asia,2019,1.44
PRT,Portugal,Europe & Central Asia,2020,1.42
PRT,Portugal,Europe & Central Asia,2021,1.35
PRT,Portugal,Europe & Central Asia,2022,1.43
PRT,Portugal,Europe & Central Asia,2023,1.45
PRT,Portugal,Europe & Central Asia,2024,1.41
PRY,Paraguay,Latin America & Caribbean,1960,6.5
PRY,Paraguay,Latin America & Caribbean,1961,6.489
PRY,Paraguay,Latin America & Caribbean,1962,6.472
PRY,Paraguay,Latin America & Caribbean,1963,6.447
PRY,Paraguay,Latin America & Caribbean,1964,6.421
PRY,Paraguay,Latin America & Caribbean,1965,6.345
PRY,Paraguay,Latin America & Caribbean,1966,6.231
PRY,Paraguay,Latin America & Caribbean,1967,6.097
PRY,Paraguay,Latin America & Caribbean,1968,5.972
PRY,Paraguay,Latin America & Caribbean,1969,5.837
PRY,Paraguay,Latin America & Caribbean,1970,5.718
PRY,Paraguay,Latin America & Caribbean,1971,5.591
PRY,Paraguay,Latin America & Caribbean,1972,5.458
PRY,Paraguay,Latin America & Caribbean,1973,5.351
PRY,Paraguay,Latin America & Caribbean,1974,5.272
PRY,Paraguay,Latin America & Caribbean,1975,5.177
PRY,Paraguay,Latin America & Caribbean,1976,5.117
PRY,Paraguay,Latin America & Caribbean,1977,5.078
PRY,Paraguay,Latin America & Caribbean,1978,5.036
PRY,Paraguay,Latin America & Caribbean,1979,5.062
PRY,Paraguay,Latin America & Caribbean,1980,5.102
PRY,Paraguay,Latin America & Caribbean,1981,5.153
PRY,Paraguay,Latin America & Caribbean,1982,5.126
PRY,Paraguay,Latin America & Caribbean,1983,5.087
PRY,Paraguay,Latin America & Caribbean,1984,5.037
PRY,Paraguay,Latin America & Caribbean,1985,4.974
PRY,Paraguay,Latin America & Caribbean,1986,4.929
PRY,Paraguay,Latin America & Caribbean,1987,4.847
PRY,Paraguay,Latin America & Caribbean,1988,4.774
PRY,Paraguay,Latin America & Caribbean,1989,4.681
PRY,Paraguay,Latin America & Caribbean,1990,4.565
PRY,Paraguay,Latin America & Caribbean,1991,4.481
PRY,Paraguay,Latin America & Caribbean,1992,4.402
PRY,Paraguay,Latin America & Caribbean,1993,4.282
PRY,Paraguay,Latin America & Caribbean,1994,4.196
PRY,Paraguay,Latin America & Caribbean,1995,4.108
PRY,Paraguay,Latin America & Caribbean,1996,4.014
PRY,Paraguay,Latin America & Caribbean,1997,3.911
PRY,Paraguay,Latin America & Caribbean,1998,3.798
PRY,Paraguay,Latin America & Caribbean,1999,3.67
PRY,Paraguay,Latin America & Caribbean,2000,3.508
PRY,Paraguay,Latin America & Caribbean,2001,3.361
PRY,Paraguay,Latin America & Caribbean,2002,3.233
PRY,Paraguay,Latin America & Caribbean,2003,3.123
PRY,Paraguay,Latin America & Caribbean,2004,3.053
PRY,Paraguay,Latin America & Caribbean,2005,2.973
PRY,Paraguay,Latin America & Caribbean,2006,2.889
PRY,Paraguay,Latin America & Caribbean,2007,2.823
PRY,Paraguay,Latin America & Caribbean,2008,2.792
PRY,Paraguay,Latin America & Caribbean,2009,2.757
PRY,Paraguay,Latin America & Caribbean,2010,2.695
PRY,Paraguay,Latin America & Caribbean,2011,2.667
PRY,Paraguay,Latin America & Caribbean,2012,2.658
PRY,Paraguay,Latin America & Caribbean,2013,2.636
PRY,Paraguay,Latin America & Caribbean,2014,2.646
PRY,Paraguay,Latin America & Caribbean,2015,2.645
PRY,Paraguay,Latin America & Caribbean,2016,2.624
PRY,Paraguay,Latin America & Caribbean,2017,2.591
PRY,Paraguay,Latin America & Caribbean,2018,2.561
PRY,Paraguay,Latin America & Caribbean,2019,2.525
PRY,Paraguay,Latin America & Caribbean,2020,2.497
PRY,Paraguay,Latin America & Caribbean,2021,2.469
PRY,Paraguay,Latin America & Caribbean,2022,2.444
PRY,Paraguay,Latin America & Caribbean,2023,2.422
PRY,Paraguay,Latin America & Caribbean,2024,2.416
PSE,West Bank and Gaza,Middle East & North Africa,1990,6.809
PSE,West Bank and Gaza,Middle East & North Africa,1991,6.751
PSE,West Bank and Gaza,Middle East & North Africa,1992,6.65
PSE,West Bank and Gaza,Middle East & North Africa,1993,6.501
PSE,West Bank and Gaza,Middle East & North Africa,1994,6.334
PSE,West Bank and Gaza,Middle East & North Africa,1995,6.161
PSE,West Bank and Gaza,Middle East & North Africa,1996,5.988
PSE,West Bank and Gaza,Middle East & North Africa,1997,5.817
PSE,West Bank and Gaza,Middle East & North Africa,1998,5.693
PSE,West Bank and Gaza,Middle East & North Africa,1999,5.583
PSE,West Bank and Gaza,Middle East & North Africa,2000,5.457
PSE,West Bank and Gaza,Middle East & North Africa,2001,5.342
PSE,West Bank and Gaza,Middle East & North Africa,2002,5.216
PSE,West Bank and Gaza,Middle East & North Africa,2003,5.062
PSE,West Bank and Gaza,Middle East & North Africa,2004,4.971
PSE,West Bank and Gaza,Middle East & North Africa,2005,4.867
PSE,West Bank and Gaza,Middle East & North Africa,2006,4.739
PSE,West Bank and Gaza,Middle East & North Africa,2007,4.627
PSE,West Bank and Gaza,Middle East & North Africa,2008,4.509
PSE,West Bank and Gaza,Middle East & North Africa,2009,4.44
PSE,West Bank and Gaza,Middle East & North Africa,2010,4.434
PSE,West Bank and Gaza,Middle East & North Africa,2011,4.305
PSE,West Bank and Gaza,Middle East & North Africa,2012,4.154
PSE,West Bank and Gaza,Middle East & North Africa,2013,4.049
PSE,West Bank and Gaza,Middle East & North Africa,2014,3.995
PSE,West Bank and Gaza,Middle East & North Africa,2015,3.977
PSE,West Bank and Gaza,Middle East & North Africa,2016,3.887
PSE,West Bank and Gaza,Middle East & North Africa,2017,3.771
PSE,West Bank and Gaza,Middle East & North Africa,2018,3.674
PSE,West Bank and Gaza,Middle East & North Africa,2019,3.591
PSE,West Bank and Gaza,Middle East & North Africa,2020,3.511
PSE,West Bank and Gaza,Middle East & North Africa,2021,3.442
PSE,West Bank and Gaza,Middle East & North Africa,2022,3.375
PSE,West Bank and Gaza,Middle East & North Africa,2023,3.311
PSE,West Bank and Gaza,Middle East & North Africa,2024,3.25
PYF,French Polynesia,East Asia & Pacific,1960,5.931
PYF,French Polynesia,East Asia & Pacific,1961,5.946
PYF,French Polynesia,East Asia & Pacific,1962,5.968
PYF,French Polynesia,East Asia & Pacific,1963,5.975
PYF,French Polynesia,East Asia & Pacific,1964,5.98
PYF,French Polynesia,East Asia & Pacific,1965,6.0
PYF,French Polynesia,East Asia & Pacific,1966,5.981
PYF,French Polynesia,East Asia & Pacific,1967,5.951
PYF,French Polynesia,East Asia & Pacific,1968,5.9
PYF,French Polynesia,East Asia & Pacific,1969,5.818
PYF,French Polynesia,East Asia & Pacific,1970,5.628
PYF,French Polynesia,East Asia & Pacific,1971,5.446
PYF,French Polynesia,East Asia & Pacific,1972,5.272
PYF,French Polynesia,East Asia & Pacific,1973,5.091
PYF,French Polynesia,East Asia & Pacific,1974,4.906
PYF,French Polynesia,East Asia & Pacific,1975,4.713
PYF,French Polynesia,East Asia & Pacific,1976,4.512
PYF,French Polynesia,East Asia & Pacific,1977,4.366
PYF,French Polynesia,East Asia & Pacific,1978,4.045
PYF,French Polynesia,East Asia & Pacific,1979,3.941
PYF,French Polynesia,East Asia & Pacific,1980,3.935
PYF,French Polynesia,East Asia & Pacific,1981,3.934
PYF,French Polynesia,East Asia & Pacific,1982,3.797
PYF,French Polynesia,East Asia & Pacific,1983,3.743
PYF,French Polynesia,East Asia & Pacific,1984,3.834
PYF,French Polynesia,East Asia & Pacific,1985,3.862
PYF,French Polynesia,East Asia & Pacific,1986,3.714
PYF,French Polynesia,East Asia & Pacific,1987,3.622
PYF,French Polynesia,East Asia & Pacific,1988,3.748
PYF,French Polynesia,East Asia & Pacific,1989,3.49
PYF,French Polynesia,East Asia & Pacific,1990,3.434
PYF,French Polynesia,East Asia & Pacific,1991,3.259
PYF,French Polynesia,East Asia & Pacific,1992,3.15
PYF,French Polynesia,East Asia & Pacific,1993,3.084
PYF,French Polynesia,East Asia & Pacific,1994,2.942
PYF,French Polynesia,East Asia & Pacific,1995,2.781
PYF,French Polynesia,East Asia & Pacific,1996,2.716
PYF,French Polynesia,East Asia & Pacific,1997,2.59
PYF,French Polynesia,East Asia & Pacific,1998,2.49
PYF,French Polynesia,East Asia & Pacific,1999,2.581
PYF,French Polynesia,East Asia & Pacific,2000,2.596
PYF,French Polynesia,East Asia & Pacific,2001,2.523
PYF,French Polynesia,East Asia & Pacific,2002,2.425
PYF,French Polynesia,East Asia & Pacific,2003,2.26
PYF,French Polynesia,East Asia & Pacific,2004,2.198
PYF,French Polynesia,East Asia & Pacific,2005,2.181
PYF,French Polynesia,East Asia & Pacific,2006,2.217
PYF,French Polynesia,East Asia & Pacific,2007,2.122
PYF,French Polynesia,East Asia & Pacific,2008,2.195
PYF,French Polynesia,East Asia & Pacific,2009,2.148
PYF,French Polynesia,East Asia & Pacific,2010,2.165
PYF,French Polynesia,East Asia & Pacific,2011,2.061
PYF,French Polynesia,East Asia & Pacific,2012,2.026
PYF,French Polynesia,East Asia & Pacific,2013,1.937
PYF,French Polynesia,East Asia & Pacific,2014,1.957
PYF,French Polynesia,East Asia & Pacific,2015,1.872
PYF,French Polynesia,East Asia & Pacific,2016,1.763
PYF,French Polynesia,East Asia & Pacific,2017,1.669
PYF,French Polynesia,East Asia & Pacific,2018,1.645
PYF,French Polynesia,East Asia & Pacific,2019,1.567
PYF,French Polynesia,East Asia & Pacific,2020,1.57
PYF,French Polynesia,East Asia & Pacific,2021,1.532
PYF,French Polynesia,East Asia & Pacific,2022,1.515
PYF,French Polynesia,East Asia & Pacific,2023,1.501
PYF,French Polynesia,East Asia & Pacific,2024,1.491
QAT,Qatar,Middle East & North Africa,1960,6.531
QAT,Qatar,Middle East & North Africa,1961,6.526
QAT,Qatar,Middle East & North Africa,1962,6.53
QAT,Qatar,Middle East & North Africa,1963,6.527
QAT,Qatar,Middle East & North Africa,1964,6.525
QAT,Qatar,Middle East & North Africa,1965,6.527
QAT,Qatar,Middle East & North Africa,1966,6.521
QAT,Qatar,Middle East & North Africa,1967,6.462
QAT,Qatar,Middle East & North Africa,1968,6.392
QAT,Qatar,Middle East & North Africa,1969,6.311
QAT,Qatar,Middle East & North Africa,1970,6.228
QAT,Qatar,Middle East & North Africa,1971,6.145
QAT,Qatar,Middle East & North Africa,1972,6.073
QAT,Qatar,Middle East & North Africa,1973,6.008
QAT,Qatar,Middle East & North Africa,1974,5.935
QAT,Qatar,Middle East & North Africa,1975,5.861
QAT,Qatar,Middle East & North Africa,1976,5.782
QAT,Qatar,Middle East & North Africa,1977,5.691
QAT,Qatar,Middle East & North Africa,1978,5.577
QAT,Qatar,Middle East & North Africa,1979,5.461
QAT,Qatar,Middle East & North Africa,1980,5.329
QAT,Qatar,Middle East & North Africa,1981,5.196
QAT,Qatar,Middle East & North Africa,1982,5.044
QAT,Qatar,Middle East & North Africa,1983,4.898
QAT,Qatar,Middle East & North Africa,1984,4.756
QAT,Qatar,Middle East & North Africa,1985,4.642
QAT,Qatar,Middle East & North Africa,1986,4.565
QAT,Qatar,Middle East & North Africa,1987,4.539
QAT,Qatar,Middle East & North Africa,1988,4.515
QAT,Qatar,Middle East & North Africa,1989,4.412
QAT,Qatar,Middle East & North Africa,1990,4.23
QAT,Qatar,Middle East & North Africa,1991,3.988
QAT,Qatar,Middle East & North Africa,1992,3.852
QAT,Qatar,Middle East & North Africa,1993,3.765
QAT,Qatar,Middle East & North Africa,1994,3.665
QAT,Qatar,Middle East & North Africa,1995,3.557
QAT,Qatar,Middle East & North Africa,1996,3.444
QAT,Qatar,Middle East & North Africa,1997,3.327
QAT,Qatar,Middle East & North Africa,1998,3.211
QAT,Qatar,Middle East & North Africa,1999,3.117
QAT,Qatar,Middle East & North Africa,2000,3.073
QAT,Qatar,Middle East & North Africa,2001,3.08
QAT,Qatar,Middle East & North Africa,2002,3.011
QAT,Qatar,Middle East & North Africa,2003,2.925
QAT,Qatar,Middle East & North Africa,2004,2.794
QAT,Qatar,Middle East & North Africa,2005,2.635
QAT,Qatar,Middle East & North Africa,2006,2.509
QAT,Qatar,Middle East & North Africa,2007,2.438
QAT,Qatar,Middle East & North Africa,2008,2.369
QAT,Qatar,Middle East & North Africa,2009,2.254
QAT,Qatar,Middle East & North Africa,2010,2.137
QAT,Qatar,Middle East & North Africa,2011,2.07
QAT,Qatar,Middle East & North Africa,2012,2.04
QAT,Qatar,Middle East & North Africa,2013,2.032
QAT,Qatar,Middle East & North Africa,2014,2.03
QAT,Qatar,Middle East & North Africa,2015,1.976
QAT,Qatar,Middle East & North Africa,2016,1.856
QAT,Qatar,Middle East & North Africa,2017,1.834
QAT,Qatar,Middle East & North Africa,2018,1.756
QAT,Qatar,Middle East & North Africa,2019,1.731
QAT,Qatar,Middle East & North Africa,2020,1.675
QAT,Qatar,Middle East & North Africa,2021,1.605
QAT,Qatar,Middle East & North Africa,2022,1.739
QAT,Qatar,Middle East & North Africa,2023,1.729
QAT,Qatar,Middle East & North Africa,2024,1.717
ROU,Romania,Europe & Central Asia,1960,2.34
ROU,Romania,Europe & Central Asia,1961,2.17
ROU,Romania,Europe & Central Asia,1962,2.04
ROU,Romania,Europe & Central Asia,1963,2.01
ROU,Romania,Europe & Central Asia,1964,1.96
ROU,Romania,Europe & Central Asia,1965,1.91
ROU,Romania,Europe & Central Asia,1966,1.9
ROU,Romania,Europe & Central Asia,1967,3.66
ROU,Romania,Europe & Central Asia,1968,3.63
ROU,Romania,Europe & Central Asia,1969,3.19
ROU,Romania,Europe & Central Asia,1970,2.89
ROU,Romania,Europe & Central Asia,1971,2.67
ROU,Romania,Europe & Central Asia,1972,2.55
ROU,Romania,Europe & Central Asia,1973,2.44
ROU,Romania,Europe & Central Asia,1974,2.71
ROU,Romania,Europe & Central Asia,1975,2.59
ROU,Romania,Europe & Central Asia,1976,2.54
ROU,Romania,Europe & Central Asia,1977,2.57
ROU,Romania,Europe & Central Asia,1978,2.52
ROU,Romania,Europe & Central Asia,1979,2.49
ROU,Romania,Europe & Central Asia,1980,2.43
ROU,Romania,Europe & Central Asia,1981,2.36
ROU,Romania,Europe & Central Asia,1982,2.17
ROU,Romania,Europe & Central Asia,1983,2.06
ROU,Romania,Europe & Central Asia,1984,2.26
ROU,Romania,Europe & Central Asia,1985,2.31
ROU,Romania,Europe & Central Asia,1986,2.39
ROU,Romania,Europe & Central Asia,1987,2.38
ROU,Romania,Europe & Central Asia,1988,2.3
ROU,Romania,Europe & Central Asia,1989,2.22
ROU,Romania,Europe & Central Asia,1990,1.83
ROU,Romania,Europe & Central Asia,1991,1.59
ROU,Romania,Europe & Central Asia,1992,1.51
ROU,Romania,Europe & Central Asia,1993,1.43
ROU,Romania,Europe & Central Asia,1994,1.4
ROU,Romania,Europe & Central Asia,1995,1.33
ROU,Romania,Europe & Central Asia,1996,1.3
ROU,Romania,Europe & Central Asia,1997,1.32
ROU,Romania,Europe & Central Asia,1998,1.32
ROU,Romania,Europe & Central Asia,1999,1.3
ROU,Romania,Europe & Central Asia,2000,1.31
ROU,Romania,Europe & Central Asia,2001,1.27
ROU,Romania,Europe & Central Asia,2002,1.27
ROU,Romania,Europe & Central Asia,2003,1.3
ROU,Romania,Europe & Central Asia,2004,1.33
ROU,Romania,Europe & Central Asia,2005,1.4
ROU,Romania,Europe & Central Asia,2006,1.42
ROU,Romania,Europe & Central Asia,2007,1.45
ROU,Romania,Europe & Central Asia,2008,1.6
ROU,Romania,Europe & Central Asia,2009,1.66
ROU,Romania,Europe & Central Asia,2010,1.59
ROU,Romania,Europe & Central Asia,2011,1.47
ROU,Romania,Europe & Central Asia,2012,1.52
ROU,Romania,Europe & Central Asia,2013,1.46
ROU,Romania,Europe & Central Asia,2014,1.56
ROU,Romania,Europe & Central Asia,2015,1.62
ROU,Romania,Europe & Central Asia,2016,1.69
ROU,Romania,Europe & Central Asia,2017,1.78
ROU,Romania,Europe & Central Asia,2018,1.76
ROU,Romania,Europe & Central Asia,2019,1.77
ROU,Romania,Europe & Central Asia,2020,1.8
ROU,Romania,Europe & Central Asia,2021,1.81
ROU,Romania,Europe & Central Asia,2022,1.71
ROU,Romania,Europe & Central Asia,2023,1.54
ROU,Romania,Europe & Central Asia,2024,1.39
RUS,Russian Federation,Europe & Central Asia,1960,2.52
RUS,Russian Federation,Europe & Central Asia,1961,2.45
RUS,Russian Federation,Europe & Central Asia,1962,2.36
RUS,Russian Federation,Europe & Central Asia,1963,2.27
RUS,Russian Federation,Europe & Central Asia,1964,2.18
RUS,Russian Federation,Europe & Central Asia,1965,2.13
RUS,Russian Federation,Europe & Central Asia,1966,2.1
RUS,Russian Federation,Europe & Central Asia,1967,2.04
RUS,Russian Federation,Europe & Central Asia,1968,1.99
RUS,Russian Federation,Europe & Central Asia,1969,1.97
RUS,Russian Federation,Europe & Central Asia,1970,1.99
RUS,Russian Federation,Europe & Central Asia,1971,2.03
RUS,Russian Federation,Europe & Central Asia,1972,2.04
RUS,Russian Federation,Europe & Central Asia,1973,2.01
RUS,Russian Federation,Europe & Central Asia,1974,2.0
RUS,Russian Federation,Europe & Central Asia,1975,1.98
RUS,Russian Federation,Europe & Central Asia,1976,1.97
RUS,Russian Federation,Europe & Central Asia,1977,1.95
RUS,Russian Federation,Europe & Central Asia,1978,1.92
RUS,Russian Federation,Europe & Central Asia,1979,1.9
RUS,Russian Federation,Europe & Central Asia,1980,1.89
RUS,Russian Federation,Europe & Central Asia,1981,1.91
RUS,Russian Federation,Europe & Central Asia,1982,2.04
RUS,Russian Federation,Europe & Central Asia,1983,2.11
RUS,Russian Federation,Europe & Central Asia,1984,2.06
RUS,Russian Federation,Europe & Central Asia,1985,2.05
RUS,Russian Federation,Europe & Central Asia,1986,2.15
RUS,Russian Federation,Europe & Central Asia,1987,2.22
RUS,Russian Federation,Europe & Central Asia,1988,2.12
RUS,Russian Federation,Europe & Central Asia,1989,2.01
RUS,Russian Federation,Europe & Central Asia,1990,1.892
RUS,Russian Federation,Europe & Central Asia,1991,1.732
RUS,Russian Federation,Europe & Central Asia,1992,1.552
RUS,Russian Federation,Europe & Central Asia,1993,1.385
RUS,Russian Federation,Europe & Central Asia,1994,1.4
RUS,Russian Federation,Europe & Central Asia,1995,1.337
RUS,Russian Federation,Europe & Central Asia,1996,1.27
RUS,Russian Federation,Europe & Central Asia,1997,1.218
RUS,Russian Federation,Europe & Central Asia,1998,1.232
RUS,Russian Federation,Europe & Central Asia,1999,1.157
RUS,Russian Federation,Europe & Central Asia,2000,1.195
RUS,Russian Federation,Europe & Central Asia,2001,1.223
RUS,Russian Federation,Europe & Central Asia,2002,1.286
RUS,Russian Federation,Europe & Central Asia,2003,1.319
RUS,Russian Federation,Europe & Central Asia,2004,1.344
RUS,Russian Federation,Europe & Central Asia,2005,1.294
RUS,Russian Federation,Europe & Central Asia,2006,1.305
RUS,Russian Federation,Europe & Central Asia,2007,1.416
RUS,Russian Federation,Europe & Central Asia,2008,1.502
RUS,Russian Federation,Europe & Central Asia,2009,1.542
RUS,Russian Federation,Europe & Central Asia,2010,1.567
RUS,Russian Federation,Europe & Central Asia,2011,1.582
RUS,Russian Federation,Europe & Central Asia,2012,1.691
RUS,Russian Federation,Europe & Central Asia,2013,1.707
RUS,Russian Federation,Europe & Central Asia,2014,1.75
RUS,Russian Federation,Europe & Central Asia,2015,1.777
RUS,Russian Federation,Europe & Central Asia,2016,1.762
RUS,Russian Federation,Europe & Central Asia,2017,1.621
RUS,Russian Federation,Europe & Central Asia,2018,1.579
RUS,Russian Federation,Europe & Central Asia,2019,1.504
RUS,Russian Federation,Europe & Central Asia,2020,1.505
RUS,Russian Federation,Europe & Central Asia,2021,1.505
RUS,Russian Federation,Europe & Central Asia,2022,1.416
RUS,Russian Federation,Europe & Central Asia,2023,1.41
RUS,Russian Federation,Europe & Central Asia,2024,1.418
RWA,Rwanda,Sub-Saharan Africa,1960,8.283
RWA,Rwanda,Sub-Saharan Africa,1961,8.279
RWA,Rwanda,Sub-Saharan Africa,1962,8.271
RWA,Rwanda,Sub-Saharan Africa,1963,8.269
RWA,Rwanda,Sub-Saharan Africa,1964,8.266
RWA,Rwanda,Sub-Saharan Africa,1965,8.249
RWA,Rwanda,Sub-Saharan Africa,1966,8.23
RWA,Rwanda,Sub-Saharan Africa,1967,8.211
RWA,Rwanda,Sub-Saharan Africa,1968,8.187
RWA,Rwanda,Sub-Saharan Africa,1969,8.176
RWA,Rwanda,Sub-Saharan Africa,1970,8.145
RWA,Rwanda,Sub-Saharan Africa,1971,8.092
RWA,Rwanda,Sub-Saharan Africa,1972,8.089
RWA,Rwanda,Sub-Saharan Africa,1973,8.092
RWA,Rwanda,Sub-Saharan Africa,1974,8.102
RWA,Rwanda,Sub-Saharan Africa,1975,8.096
RWA,Rwanda,Sub-Saharan Africa,1976,8.122
RWA,Rwanda,Sub-Saharan Africa,1977,8.138
RWA,Rwanda,Sub-Saharan Africa,1978,8.157
RWA,Rwanda,Sub-Saharan Africa,1979,8.13
RWA,Rwanda,Sub-Saharan Africa,1980,8.115
RWA,Rwanda,Sub-Saharan Africa,1981,8.102
RWA,Rwanda,Sub-Saharan Africa,1982,8.064
RWA,Rwanda,Sub-Saharan Africa,1983,8.001
RWA,Rwanda,Sub-Saharan Africa,1984,7.913
RWA,Rwanda,Sub-Saharan Africa,1985,7.786
RWA,Rwanda,Sub-Saharan Africa,1986,7.612
RWA,Rwanda,Sub-Saharan Africa,1987,7.426
RWA,Rwanda,Sub-Saharan Africa,1988,7.234
RWA,Rwanda,Sub-Saharan Africa,1989,7.029
RWA,Rwanda,Sub-Saharan Africa,1990,6.803
RWA,Rwanda,Sub-Saharan Africa,1991,6.622
RWA,Rwanda,Sub-Saharan Africa,1992,6.539
RWA,Rwanda,Sub-Saharan Africa,1993,6.479
RWA,Rwanda,Sub-Saharan Africa,1994,6.415
RWA,Rwanda,Sub-Saharan Africa,1995,6.345
RWA,Rwanda,Sub-Saharan Africa,1996,6.289
RWA,Rwanda,Sub-Saharan Africa,1997,6.235
RWA,Rwanda,Sub-Saharan Africa,1998,6.171
RWA,Rwanda,Sub-Saharan Africa,1999,6.059
RWA,Rwanda,Sub-Saharan Africa,2000,5.967
RWA,Rwanda,Sub-Saharan Africa,2001,5.893
RWA,Rwanda,Sub-Saharan Africa,2002,5.816
RWA,Rwanda,Sub-Saharan Africa,2003,5.737
RWA,Rwanda,Sub-Saharan Africa,2004,5.64
RWA,Rwanda,Sub-Saharan Africa,2005,5.5
RWA,Rwanda,Sub-Saharan Africa,2006,5.335
RWA,Rwanda,Sub-Saharan Africa,2007,5.141
RWA,Rwanda,Sub-Saharan Africa,2008,4.922
RWA,Rwanda,Sub-Saharan Africa,2009,4.707
RWA,Rwanda,Sub-Saharan Africa,2010,4.522
RWA,Rwanda,Sub-Saharan Africa,2011,4.332
RWA,Rwanda,Sub-Saharan Africa,2012,4.201
RWA,Rwanda,Sub-Saharan Africa,2013,4.136
RWA,Rwanda,Sub-Saharan Africa,2014,4.117
RWA,Rwanda,Sub-Saharan Africa,2015,4.108
RWA,Rwanda,Sub-Saharan Africa,2016,4.106
RWA,Rwanda,Sub-Saharan Africa,2017,4.084
RWA,Rwanda,Sub-Saharan Africa,2018,4.047
RWA,Rwanda,Sub-Saharan Africa,2019,3.985
RWA,Rwanda,Sub-Saharan Africa,2020,3.913
RWA,Rwanda,Sub-Saharan Africa,2021,3.841
RWA,Rwanda,Sub-Saharan Africa,2022,3.778
RWA,Rwanda,Sub-Saharan Africa,2023,3.698
RWA,Rwanda,Sub-Saharan Africa,2024,3.645
SAU,Saudi Arabia,Middle East & North Africa,1960,7.626
SAU,Saudi Arabia,Middle East & North Africa,1961,7.634
SAU,Saudi Arabia,Middle East & North Africa,1962,7.636
SAU,Saudi Arabia,Middle East & North Africa,1963,7.654
SAU,Saudi Arabia,Middle East & North Africa,1964,7.672
SAU,Saudi Arabia,Middle East & North Africa,1965,7.658
SAU,Saudi Arabia,Middle East & North Africa,1966,7.655
SAU,Saudi Arabia,Middle East & North Africa,1967,7.658
SAU,Saudi Arabia,Middle East & North Africa,1968,7.627
SAU,Saudi Arabia,Middle East & North Africa,1969,7.597
SAU,Saudi Arabia,Middle East & North Africa,1970,7.583
SAU,Saudi Arabia,Middle East & North Africa,1971,7.556
SAU,Saudi Arabia,Middle East & North Africa,1972,7.539
SAU,Saudi Arabia,Middle East & North Africa,1973,7.484
SAU,Saudi Arabia,Middle East & North Africa,1974,7.426
SAU,Saudi Arabia,Middle East & North Africa,1975,7.37
SAU,Saudi Arabia,Middle East & North Africa,1976,7.33
SAU,Saudi Arabia,Middle East & North Africa,1977,7.295
SAU,Saudi Arabia,Middle East & North Africa,1978,7.263
SAU,Saudi Arabia,Middle East & North Africa,1979,7.227
SAU,Saudi Arabia,Middle East & North Africa,1980,7.145
SAU,Saudi Arabia,Middle East & North Africa,1981,7.067
SAU,Saudi Arabia,Middle East & North Africa,1982,6.979
SAU,Saudi Arabia,Middle East & North Africa,1983,6.875
SAU,Saudi Arabia,Middle East & North Africa,1984,6.776
SAU,Saudi Arabia,Middle East & North Africa,1985,6.649
SAU,Saudi Arabia,Middle East & North Africa,1986,6.517
SAU,Saudi Arabia,Middle East & North Africa,1987,6.343
SAU,Saudi Arabia,Middle East & North Africa,1988,6.15
SAU,Saudi Arabia,Middle East & North Africa,1989,5.975
SAU,Saudi Arabia,Middle East & North Africa,1990,5.804
SAU,Saudi Arabia,Middle East & North Africa,1991,5.644
SAU,Saudi Arabia,Middle East & North Africa,1992,5.489
SAU,Saudi Arabia,Middle East & North Africa,1993,5.326
SAU,Saudi Arabia,Middle East & North Africa,1994,5.161
SAU,Saudi Arabia,Middle East & North Africa,1995,4.986
SAU,Saudi Arabia,Middle East & North Africa,1996,4.812
SAU,Saudi Arabia,Middle East & North Africa,1997,4.656
SAU,Saudi Arabia,Middle East & North Africa,1998,4.524
SAU,Saudi Arabia,Middle East & North Africa,1999,4.354
SAU,Saudi Arabia,Middle East & North Africa,2000,4.206
SAU,Saudi Arabia,Middle East & North Africa,2001,3.964
SAU,Saudi Arabia,Middle East & North Africa,2002,3.709
SAU,Saudi Arabia,Middle East & North Africa,2003,3.465
SAU,Saudi Arabia,Middle East & North Africa,2004,3.264
SAU,Saudi Arabia,Middle East & North Africa,2005,3.161
SAU,Saudi Arabia,Middle East & North Africa,2006,3.176
SAU,Saudi Arabia,Middle East & North Africa,2007,3.185
SAU,Saudi Arabia,Middle East & North Africa,2008,3.074
SAU,Saudi Arabia,Middle East & North Africa,2009,2.95
SAU,Saudi Arabia,Middle East & North Africa,2010,2.81
SAU,Saudi Arabia,Middle East & North Africa,2011,2.8
SAU,Saudi Arabia,Middle East & North Africa,2012,2.78
SAU,Saudi Arabia,Middle East & North Africa,2013,2.67
SAU,Saudi Arabia,Middle East & North Africa,2014,2.68
SAU,Saudi Arabia,Middle East & North Africa,2015,2.63
SAU,Saudi Arabia,Middle East & North Africa,2016,2.65
SAU,Saudi Arabia,Middle East & North Africa,2017,2.67
SAU,Saudi Arabia,Middle East & North Africa,2018,2.67
SAU,Saudi Arabia,Middle East & North Africa,2019,2.49
SAU,Saudi Arabia,Middle East & North Africa,2020,2.27
SAU,Saudi Arabia,Middle East & North Africa,2021,2.17
SAU,Saudi Arabia,Middle East & North Africa,2022,2.14
SAU,Saudi Arabia,Middle East & North Africa,2023,2.28
SAU,Saudi Arabia,Middle East & North Africa,2024,2.308
SDN,Sudan,Sub-Saharan Africa,1960,6.663
SDN,Sudan,Sub-Saharan Africa,1961,6.656
SDN,Sudan,Sub-Saharan Africa,1962,6.704
SDN,Sudan,Sub-Saharan Africa,1963,6.758
SDN,Sudan,Sub-Saharan Africa,1964,6.804
SDN,Sudan,Sub-Saharan Africa,1965,6.84
SDN,Sudan,Sub-Saharan Africa,1966,6.879
SDN,Sudan,Sub-Saharan Africa,1967,6.909
SDN,Sudan,Sub-Saharan Africa,1968,6.946
SDN,Sudan,Sub-Saharan Africa,1969,6.967
SDN,Sudan,Sub-Saharan Africa,1970,6.986
SDN,Sudan,Sub-Saharan Africa,1971,7.019
SDN,Sudan,Sub-Saharan Africa,1972,6.983
SDN,Sudan,Sub-Saharan Africa,1973,6.939
SDN,Sudan,Sub-Saharan Africa,1974,6.909
SDN,Sudan,Sub-Saharan Africa,1975,6.866
SDN,Sudan,Sub-Saharan Africa,1976,6.823
SDN,Sudan,Sub-Saharan Africa,1977,6.775
SDN,Sudan,Sub-Saharan Africa,1978,6.72
SDN,Sudan,Sub-Saharan Africa,1979,6.651
SDN,Sudan,Sub-Saharan Africa,1980,6.592
SDN,Sudan,Sub-Saharan Africa,1981,6.528
SDN,Sudan,Sub-Saharan Africa,1982,6.473
SDN,Sudan,Sub-Saharan Africa,1983,6.413
SDN,Sudan,Sub-Saharan Africa,1984,6.343
SDN,Sudan,Sub-Saharan Africa,1985,6.279
SDN,Sudan,Sub-Saharan Africa,1986,6.225
SDN,Sudan,Sub-Saharan Africa,1987,6.175
SDN,Sudan,Sub-Saharan Africa,1988,6.132
SDN,Sudan,Sub-Saharan Africa,1989,6.106
SDN,Sudan,Sub-Saharan Africa,1990,6.074
SDN,Sudan,Sub-Saharan Africa,1991,6.05
SDN,Sudan,Sub-Saharan Africa,1992,6.019
SDN,Sudan,Sub-Saharan Africa,1993,5.97
SDN,Sudan,Sub-Saharan Africa,1994,5.912
SDN,Sudan,Sub-Saharan Africa,1995,5.856
SDN,Sudan,Sub-Saharan Africa,1996,5.792
SDN,Sudan,Sub-Saharan Africa,1997,5.717
SDN,Sudan,Sub-Saharan Africa,1998,5.646
SDN,Sudan,Sub-Saharan Africa,1999,5.622
SDN,Sudan,Sub-Saharan Africa,2000,5.596
SDN,Sudan,Sub-Saharan Africa,2001,5.562
SDN,Sudan,Sub-Saharan Africa,2002,5.531
SDN,Sudan,Sub-Saharan Africa,2003,5.489
SDN,Sudan,Sub-Saharan Africa,2004,5.455
SDN,Sudan,Sub-Saharan Africa,2005,5.397
SDN,Sudan,Sub-Saharan Africa,2006,5.332
SDN,Sudan,Sub-Saharan Africa,2007,5.27
SDN,Sudan,Sub-Saharan Africa,2008,5.212
SDN,Sudan,Sub-Saharan Africa,2009,5.173
SDN,Sudan,Sub-Saharan Africa,2010,5.141
SDN,Sudan,Sub-Saharan Africa,2011,5.087
SDN,Sudan,Sub-Saharan Africa,2012,5.031
SDN,Sudan,Sub-Saharan Africa,2013,4.965
SDN,Sudan,Sub-Saharan Africa,2014,4.912
SDN,Sudan,Sub-Saharan Africa,2015,4.898
SDN,Sudan,Sub-Saharan Africa,2016,4.829
SDN,Sudan,Sub-Saharan Africa,2017,4.761
SDN,Sudan,Sub-Saharan Africa,2018,4.681
SDN,Sudan,Sub-Saharan Africa,2019,4.617
SDN,Sudan,Sub-Saharan Africa,2020,4.542
SDN,Sudan,Sub-Saharan Africa,2021,4.457
SDN,Sudan,Sub-Saharan Africa,2022,4.384
SDN,Sudan,Sub-Saharan Africa,2023,4.323
SDN,Sudan,Sub-Saharan Africa,2024,4.264
SEN,Senegal,Sub-Saharan Africa,1960,6.996
SEN,Senegal,Sub-Saharan Africa,1961,7.038
SEN,Senegal,Sub-Saharan Africa,1962,7.079
SEN,Senegal,Sub-Saharan Africa,1963,7.12
SEN,Senegal,Sub-Saharan Africa,1964,7.157
SEN,Senegal,Sub-Saharan Africa,1965,7.19
SEN,Senegal,Sub-Saharan Africa,1966,7.217
SEN,Senegal,Sub-Saharan Africa,1967,7.237
SEN,Senegal,Sub-Saharan Africa,1968,7.251
SEN,Senegal,Sub-Saharan Africa,1969,7.259
SEN,Senegal,Sub-Saharan Africa,1970,7.262
SEN,Senegal,Sub-Saharan Africa,1971,7.261
SEN,Senegal,Sub-Saharan Africa,1972,7.258
SEN,Senegal,Sub-Saharan Africa,1973,7.255
SEN,Senegal,Sub-Saharan Africa,1974,7.252
SEN,Senegal,Sub-Saharan Africa,1975,7.252
SEN,Senegal,Sub-Saharan Africa,1976,7.258
SEN,Senegal,Sub-Saharan Africa,1977,7.268
SEN,Senegal,Sub-Saharan Africa,1978,7.279
SEN,Senegal,Sub-Saharan Africa,1979,7.29
SEN,Senegal,Sub-Saharan Africa,1980,7.292
SEN,Senegal,Sub-Saharan Africa,1981,7.279
SEN,Senegal,Sub-Saharan Africa,1982,7.245
SEN,Senegal,Sub-Saharan Africa,1983,7.189
SEN,Senegal,Sub-Saharan Africa,1984,7.111
SEN,Senegal,Sub-Saharan Africa,1985,7.013
SEN,Senegal,Sub-Saharan Africa,1986,6.902
SEN,Senegal,Sub-Saharan Africa,1987,6.785
SEN,Senegal,Sub-Saharan Africa,1988,6.577
SEN,Senegal,Sub-Saharan Africa,1989,6.479
SEN,Senegal,Sub-Saharan Africa,1990,6.396
SEN,Senegal,Sub-Saharan Africa,1991,6.267
SEN,Senegal,Sub-Saharan Africa,1992,6.149
SEN,Senegal,Sub-Saharan Africa,1993,6.049
SEN,Senegal,Sub-Saharan Africa,1994,5.915
SEN,Senegal,Sub-Saharan Africa,1995,5.819
SEN,Senegal,Sub-Saharan Africa,1996,5.723
SEN,Senegal,Sub-Saharan Africa,1997,5.639
SEN,Senegal,Sub-Saharan Africa,1998,5.581
SEN,Senegal,Sub-Saharan Africa,1999,5.573
SEN,Senegal,Sub-Saharan Africa,2000,5.498
SEN,Senegal,Sub-Saharan Africa,2001,5.397
SEN,Senegal,Sub-Saharan Africa,2002,5.301
SEN,Senegal,Sub-Saharan Africa,2003,5.246
SEN,Senegal,Sub-Saharan Africa,2004,5.192
SEN,Senegal,Sub-Saharan Africa,2005,5.133
SEN,Senegal,Sub-Saharan Africa,2006,5.064
SEN,Senegal,Sub-Saharan Africa,2007,5.018
SEN,Senegal,Sub-Saharan Africa,2008,5.024
SEN,Senegal,Sub-Saharan Africa,2009,5.025
SEN,Senegal,Sub-Saharan Africa,2010,5.055
SEN,Senegal,Sub-Saharan Africa,2011,5.099
SEN,Senegal,Sub-Saharan Africa,2012,5.129
SEN,Senegal,Sub-Saharan Africa,2013,5.049
SEN,Senegal,Sub-Saharan Africa,2014,4.884
SEN,Senegal,Sub-Saharan Africa,2015,4.751
SEN,Senegal,Sub-Saharan Africa,2016,4.648
SEN,Senegal,Sub-Saharan Africa,2017,4.489
SEN,Senegal,Sub-Saharan Africa,2018,4.294
SEN,Senegal,Sub-Saharan Africa,2019,4.1
SEN,Senegal,Sub-Saharan Africa,2020,4.003
SEN,Senegal,Sub-Saharan Africa,2021,3.936
SEN,Senegal,Sub-Saharan Africa,2022,3.864
SEN,Senegal,Sub-Saharan Africa,2023,3.818
SEN,Senegal,Sub-Saharan Africa,2024,3.765
SGP,Singapore,East Asia & Pacific,1960,5.76
SGP,Singapore,East Asia & Pacific,1961,5.41
SGP,Singapore,East Asia & Pacific,1962,5.21
SGP,Singapore,East Asia & Pacific,1963,5.16
SGP,Singapore,East Asia & Pacific,1964,4.97
SGP,Singapore,East Asia & Pacific,1965,4.66
SGP,Singapore,East Asia & Pacific,1966,4.46
SGP,Singapore,East Asia & Pacific,1967,3.91
SGP,Singapore,East Asia & Pacific,1968,3.53
SGP,Singapore,East Asia & Pacific,1969,3.22
SGP,Singapore,East Asia & Pacific,1970,3.07
SGP,Singapore,East Asia & Pacific,1971,3.02
SGP,Singapore,East Asia & Pacific,1972,3.04
SGP,Singapore,East Asia & Pacific,1973,2.79
SGP,Singapore,East Asia & Pacific,1974,2.35
SGP,Singapore,East Asia & Pacific,1975,2.07
SGP,Singapore,East Asia & Pacific,1976,2.11
SGP,Singapore,East Asia & Pacific,1977,1.82
SGP,Singapore,East Asia & Pacific,1978,1.79
SGP,Singapore,East Asia & Pacific,1979,1.79
SGP,Singapore,East Asia & Pacific,1980,1.82
SGP,Singapore,East Asia & Pacific,1981,1.78
SGP,Singapore,East Asia & Pacific,1982,1.74
SGP,Singapore,East Asia & Pacific,1983,1.61
SGP,Singapore,East Asia & Pacific,1984,1.62
SGP,Singapore,East Asia & Pacific,1985,1.61
SGP,Singapore,East Asia & Pacific,1986,1.43
SGP,Singapore,East Asia & Pacific,1987,1.62
SGP,Singapore,East Asia & Pacific,1988,1.96
SGP,Singapore,East Asia & Pacific,1989,1.75
SGP,Singapore,East Asia & Pacific,1990,1.83
SGP,Singapore,East Asia & Pacific,1991,1.73
SGP,Singapore,East Asia & Pacific,1992,1.72
SGP,Singapore,East Asia & Pacific,1993,1.74
SGP,Singapore,East Asia & Pacific,1994,1.71
SGP,Singapore,East Asia & Pacific,1995,1.67
SGP,Singapore,East Asia & Pacific,1996,1.66
SGP,Singapore,East Asia & Pacific,1997,1.61
SGP,Singapore,East Asia & Pacific,1998,1.48
SGP,Singapore,East Asia & Pacific,1999,1.47
SGP,Singapore,East Asia & Pacific,2000,1.6
SGP,Singapore,East Asia & Pacific,2001,1.41
SGP,Singapore,East Asia & Pacific,2002,1.37
SGP,Singapore,East Asia & Pacific,2003,1.27
SGP,Singapore,East Asia & Pacific,2004,1.26
SGP,Singapore,East Asia & Pacific,2005,1.26
SGP,Singapore,East Asia & Pacific,2006,1.28
SGP,Singapore,East Asia & Pacific,2007,1.29
SGP,Singapore,East Asia & Pacific,2008,1.28
SGP,Singapore,East Asia & Pacific,2009,1.22
SGP,Singapore,East Asia & Pacific,2010,1.15
SGP,Singapore,East Asia & Pacific,2011,1.2
SGP,Singapore,East Asia & Pacific,2012,1.29
SGP,Singapore,East Asia & Pacific,2013,1.19
SGP,Singapore,East Asia & Pacific,2014,1.25
SGP,Singapore,East Asia & Pacific,2015,1.24
SGP,Singapore,East Asia & Pacific,2016,1.2
SGP,Singapore,East Asia & Pacific,2017,1.16
SGP,Singapore,East Asia & Pacific,2018,1.14
SGP,Singapore,East Asia & Pacific,2019,1.14
SGP,Singapore,East Asia & Pacific,2020,1.1
SGP,Singapore,East Asia & Pacific,2021,1.12
SGP,Singapore,East Asia & Pacific,2022,1.04
SGP,Singapore,East Asia & Pacific,2023,0.97
SGP,Singapore,East Asia & Pacific,2024,0.97
SLB,Solomon Islands,East Asia & Pacific,1960,7.065
SLB,Solomon Islands,East Asia & Pacific,1961,7.052
SLB,Solomon Islands,East Asia & Pacific,1962,7.042
SLB,Solomon Islands,East Asia & Pacific,1963,7.034
SLB,Solomon Islands,East Asia & Pacific,1964,7.047
SLB,Solomon Islands,East Asia & Pacific,1965,7.017
SLB,Solomon Islands,East Asia & Pacific,1966,6.997
SLB,Solomon Islands,East Asia & Pacific,1967,6.974
SLB,Solomon Islands,East Asia & Pacific,1968,6.948
SLB,Solomon Islands,East Asia & Pacific,1969,6.974
SLB,Solomon Islands,East Asia & Pacific,1970,6.983
SLB,Solomon Islands,East Asia & Pacific,1971,6.985
SLB,Solomon Islands,East Asia & Pacific,1972,6.992
SLB,Solomon Islands,East Asia & Pacific,1973,7.001
SLB,Solomon Islands,East Asia & Pacific,1974,7.01
SLB,Solomon Islands,East Asia & Pacific,1975,6.988
SLB,Solomon Islands,East Asia & Pacific,1976,6.954
SLB,Solomon Islands,East Asia & Pacific,1977,6.915
SLB,Solomon Islands,East Asia & Pacific,1978,6.871
SLB,Solomon Islands,East Asia & Pacific,1979,6.822
SLB,Solomon Islands,East Asia & Pacific,1980,6.768
SLB,Solomon Islands,East Asia & Pacific,1981,6.709
SLB,Solomon Islands,East Asia & Pacific,1982,6.64
SLB,Solomon Islands,East Asia & Pacific,1983,6.569
SLB,Solomon Islands,East Asia & Pacific,1984,6.489
SLB,Solomon Islands,East Asia & Pacific,1985,6.375
SLB,Solomon Islands,East Asia & Pacific,1986,6.259
SLB,Solomon Islands,East Asia & Pacific,1987,6.115
SLB,Solomon Islands,East Asia & Pacific,1988,5.99
SLB,Solomon Islands,East Asia & Pacific,1989,5.867
SLB,Solomon Islands,East Asia & Pacific,1990,5.74
SLB,Solomon Islands,East Asia & Pacific,1991,5.62
SLB,Solomon Islands,East Asia & Pacific,1992,5.509
SLB,Solomon Islands,East Asia & Pacific,1993,5.453
SLB,Solomon Islands,East Asia & Pacific,1994,5.398
SLB,Solomon Islands,East Asia & Pacific,1995,5.335
SLB,Solomon Islands,East Asia & Pacific,1996,5.221
SLB,Solomon Islands,East Asia & Pacific,1997,5.093
SLB,Solomon Islands,East Asia & Pacific,1998,4.977
SLB,Solomon Islands,East Asia & Pacific,1999,4.861
SLB,Solomon Islands,East Asia & Pacific,2000,4.757
SLB,Solomon Islands,East Asia & Pacific,2001,4.673
SLB,Solomon Islands,East Asia & Pacific,2002,4.602
SLB,Solomon Islands,East Asia & Pacific,2003,4.539
SLB,Solomon Islands,East Asia & Pacific,2004,4.466
SLB,Solomon Islands,East Asia & Pacific,2005,4.411
SLB,Solomon Islands,East Asia & Pacific,2006,4.39
SLB,Solomon Islands,East Asia & Pacific,2007,4.372
SLB,Solomon Islands,East Asia & Pacific,2008,4.358
SLB,Solomon Islands,East Asia & Pacific,2009,4.349
SLB,Solomon Islands,East Asia & Pacific,2010,4.341
SLB,Solomon Islands,East Asia & Pacific,2011,4.335
SLB,Solomon Islands,East Asia & Pacific,2012,4.332
SLB,Solomon Islands,East Asia & Pacific,2013,4.325
SLB,Solomon Islands,East Asia & Pacific,2014,4.36
SLB,Solomon Islands,East Asia & Pacific,2015,4.291
SLB,Solomon Islands,East Asia & Pacific,2016,4.2
SLB,Solomon Islands,East Asia & Pacific,2017,4.06
SLB,Solomon Islands,East Asia & Pacific,2018,3.93
SLB,Solomon Islands,East Asia & Pacific,2019,3.8
SLB,Solomon Islands,East Asia & Pacific,2020,3.749
SLB,Solomon Islands,East Asia & Pacific,2021,3.694
SLB,Solomon Islands,East Asia & Pacific,2022,3.62
SLB,Solomon Islands,East Asia & Pacific,2023,3.557
SLB,Solomon Islands,East Asia & Pacific,2024,3.513
SLE,Sierra Leone,Sub-Saharan Africa,1960,6.175
SLE,Sierra Leone,Sub-Saharan Africa,1961,6.205
SLE,Sierra Leone,Sub-Saharan Africa,1962,6.222
SLE,Sierra Leone,Sub-Saharan Africa,1963,6.261
SLE,Sierra Leone,Sub-Saharan Africa,1964,6.294
SLE,Sierra Leone,Sub-Saharan Africa,1965,6.311
SLE,Sierra Leone,Sub-Saharan Africa,1966,6.345
SLE,Sierra Leone,Sub-Saharan Africa,1967,6.383
SLE,Sierra Leone,Sub-Saharan Africa,1968,6.385
SLE,Sierra Leone,Sub-Saharan Africa,1969,6.393
SLE,Sierra Leone,Sub-Saharan Africa,1970,6.411
SLE,Sierra Leone,Sub-Saharan Africa,1971,6.429
SLE,Sierra Leone,Sub-Saharan Africa,1972,6.447
SLE,Sierra Leone,Sub-Saharan Africa,1973,6.473
SLE,Sierra Leone,Sub-Saharan Africa,1974,6.534
SLE,Sierra Leone,Sub-Saharan Africa,1975,6.546
SLE,Sierra Leone,Sub-Saharan Africa,1976,6.553
SLE,Sierra Leone,Sub-Saharan Africa,1977,6.568
SLE,Sierra Leone,Sub-Saharan Africa,1978,6.591
SLE,Sierra Leone,Sub-Saharan Africa,1979,6.582
SLE,Sierra Leone,Sub-Saharan Africa,1980,6.562
SLE,Sierra Leone,Sub-Saharan Africa,1981,6.554
SLE,Sierra Leone,Sub-Saharan Africa,1982,6.563
SLE,Sierra Leone,Sub-Saharan Africa,1983,6.573
SLE,Sierra Leone,Sub-Saharan Africa,1984,6.592
SLE,Sierra Leone,Sub-Saharan Africa,1985,6.592
SLE,Sierra Leone,Sub-Saharan Africa,1986,6.597
SLE,Sierra Leone,Sub-Saharan Africa,1987,6.609
SLE,Sierra Leone,Sub-Saharan Africa,1988,6.588
SLE,Sierra Leone,Sub-Saharan Africa,1989,6.571
SLE,Sierra Leone,Sub-Saharan Africa,1990,6.567
SLE,Sierra Leone,Sub-Saharan Africa,1991,6.553
SLE,Sierra Leone,Sub-Saharan Africa,1992,6.555
SLE,Sierra Leone,Sub-Saharan Africa,1993,6.569
SLE,Sierra Leone,Sub-Saharan Africa,1994,6.557
SLE,Sierra Leone,Sub-Saharan Africa,1995,6.555
SLE,Sierra Leone,Sub-Saharan Africa,1996,6.552
SLE,Sierra Leone,Sub-Saharan Africa,1997,6.531
SLE,Sierra Leone,Sub-Saharan Africa,1998,6.495
SLE,Sierra Leone,Sub-Saharan Africa,1999,6.423
SLE,Sierra Leone,Sub-Saharan Africa,2000,6.355
SLE,Sierra Leone,Sub-Saharan Africa,2001,6.305
SLE,Sierra Leone,Sub-Saharan Africa,2002,6.23
SLE,Sierra Leone,Sub-Saharan Africa,2003,6.087
SLE,Sierra Leone,Sub-Saharan Africa,2004,5.919
SLE,Sierra Leone,Sub-Saharan Africa,2005,5.807
SLE,Sierra Leone,Sub-Saharan Africa,2006,5.737
SLE,Sierra Leone,Sub-Saharan Africa,2007,5.643
SLE,Sierra Leone,Sub-Saharan Africa,2008,5.563
SLE,Sierra Leone,Sub-Saharan Africa,2009,5.448
SLE,Sierra Leone,Sub-Saharan Africa,2010,5.327
SLE,Sierra Leone,Sub-Saharan Africa,2011,5.209
SLE,Sierra Leone,Sub-Saharan Africa,2012,5.064
SLE,Sierra Leone,Sub-Saharan Africa,2013,4.873
SLE,Sierra Leone,Sub-Saharan Africa,2014,4.703
SLE,Sierra Leone,Sub-Saharan Africa,2015,4.548
SLE,Sierra Leone,Sub-Saharan Africa,2016,4.466
SLE,Sierra Leone,Sub-Saharan Africa,2017,4.389
SLE,Sierra Leone,Sub-Saharan Africa,2018,4.294
SLE,Sierra Leone,Sub-Saharan Africa,2019,4.192
SLE,Sierra Leone,Sub-Saharan Africa,2020,4.08
SLE,Sierra Leone,Sub-Saharan Africa,2021,3.978
SLE,Sierra Leone,Sub-Saharan Africa,2022,3.876
SLE,Sierra Leone,Sub-Saharan Africa,2023,3.791
SLE,Sierra Leone,Sub-Saharan Africa,2024,3.703
SLV,El Salvador,Latin America & Caribbean,1960,6.618
SLV,El Salvador,Latin America & Caribbean,1961,6.644
SLV,El Salvador,Latin America & Caribbean,1962,6.675
SLV,El Salvador,Latin America & Caribbean,1963,6.69
SLV,El Salvador,Latin America & Caribbean,1964,6.684
SLV,El Salvador,Latin America & Caribbean,1965,6.636
SLV,El Salvador,Latin America & Caribbean,1966,6.565
SLV,El Salvador,Latin America & Caribbean,1967,6.487
SLV,El Salvador,Latin America & Caribbean,1968,6.386
SLV,El Salvador,Latin America & Caribbean,1969,6.278
SLV,El Salvador,Latin America & Caribbean,1970,6.178
SLV,El Salvador,Latin America & Caribbean,1971,6.13
SLV,El Salvador,Latin America & Caribbean,1972,6.032
SLV,El Salvador,Latin America & Caribbean,1973,5.929
SLV,El Salvador,Latin America & Caribbean,1974,5.822
SLV,El Salvador,Latin America & Caribbean,1975,5.705
SLV,El Salvador,Latin America & Caribbean,1976,5.59
SLV,El Salvador,Latin America & Caribbean,1977,5.473
SLV,El Salvador,Latin America & Caribbean,1978,5.357
SLV,El Salvador,Latin America & Caribbean,1979,5.234
SLV,El Salvador,Latin America & Caribbean,1980,5.107
SLV,El Salvador,Latin America & Caribbean,1981,4.986
SLV,El Salvador,Latin America & Caribbean,1982,4.826
SLV,El Salvador,Latin America & Caribbean,1983,4.65
SLV,El Salvador,Latin America & Caribbean,1984,4.478
SLV,El Salvador,Latin America & Caribbean,1985,4.316
SLV,El Salvador,Latin America & Caribbean,1986,4.194
SLV,El Salvador,Latin America & Caribbean,1987,4.175
SLV,El Salvador,Latin America & Caribbean,1988,4.103
SLV,El Salvador,Latin America & Caribbean,1989,4.033
SLV,El Salvador,Latin America & Caribbean,1990,3.964
SLV,El Salvador,Latin America & Caribbean,1991,3.889
SLV,El Salvador,Latin America & Caribbean,1992,3.802
SLV,El Salvador,Latin America & Caribbean,1993,3.691
SLV,El Salvador,Latin America & Caribbean,1994,3.613
SLV,El Salvador,Latin America & Caribbean,1995,3.568
SLV,El Salvador,Latin America & Caribbean,1996,3.482
SLV,El Salvador,Latin America & Caribbean,1997,3.377
SLV,El Salvador,Latin America & Caribbean,1998,3.342
SLV,El Salvador,Latin America & Caribbean,1999,3.217
SLV,El Salvador,Latin America & Caribbean,2000,3.076
SLV,El Salvador,Latin America & Caribbean,2001,2.93
SLV,El Salvador,Latin America & Caribbean,2002,2.775
SLV,El Salvador,Latin America & Caribbean,2003,2.636
SLV,El Salvador,Latin America & Caribbean,2004,2.516
SLV,El Salvador,Latin America & Caribbean,2005,2.44
SLV,El Salvador,Latin America & Caribbean,2006,2.395
SLV,El Salvador,Latin America & Caribbean,2007,2.354
SLV,El Salvador,Latin America & Caribbean,2008,2.291
SLV,El Salvador,Latin America & Caribbean,2009,2.261
SLV,El Salvador,Latin America & Caribbean,2010,2.239
SLV,El Salvador,Latin America & Caribbean,2011,2.224
SLV,El Salvador,Latin America & Caribbean,2012,2.187
SLV,El Salvador,Latin America & Caribbean,2013,2.154
SLV,El Salvador,Latin America & Caribbean,2014,2.126
SLV,El Salvador,Latin America & Caribbean,2015,2.067
SLV,El Salvador,Latin America & Caribbean,2016,1.965
SLV,El Salvador,Latin America & Caribbean,2017,1.896
SLV,El Salvador,Latin America & Caribbean,2018,1.849
SLV,El Salvador,Latin America & Caribbean,2019,1.838
SLV,El Salvador,Latin America & Caribbean,2020,1.819
SLV,El Salvador,Latin America & Caribbean,2021,1.803
SLV,El Salvador,Latin America & Caribbean,2022,1.785
SLV,El Salvador,Latin America & Caribbean,2023,1.775
SLV,El Salvador,Latin America & Caribbean,2024,1.768
SMR,San Marino,Europe & Central Asia,1960,2.428
SMR,San Marino,Europe & Central Asia,1961,2.684
SMR,San Marino,Europe & Central Asia,1962,2.434
SMR,San Marino,Europe & Central Asia,1963,2.401
SMR,San Marino,Europe & Central Asia,1964,2.368
SMR,San Marino,Europe & Central Asia,1965,2.334
SMR,San Marino,Europe & Central Asia,1966,2.326
SMR,San Marino,Europe & Central Asia,1967,2.305
SMR,San Marino,Europe & Central Asia,1968,2.299
SMR,San Marino,Europe & Central Asia,1969,2.312
SMR,San Marino,Europe & Central Asia,1970,2.316
SMR,San Marino,Europe & Central Asia,1971,2.326
SMR,San Marino,Europe & Central Asia,1972,2.286
SMR,San Marino,Europe & Central Asia,1973,2.227
SMR,San Marino,Europe & Central Asia,1974,2.134
SMR,San Marino,Europe & Central Asia,1975,2.053
SMR,San Marino,Europe & Central Asia,1976,1.947
SMR,San Marino,Europe & Central Asia,1977,1.868
SMR,San Marino,Europe & Central Asia,1978,1.771
SMR,San Marino,Europe & Central Asia,1979,1.634
SMR,San Marino,Europe & Central Asia,1980,1.525
SMR,San Marino,Europe & Central Asia,1981,1.412
SMR,San Marino,Europe & Central Asia,1982,1.304
SMR,San Marino,Europe & Central Asia,1983,1.248
SMR,San Marino,Europe & Central Asia,1984,1.198
SMR,San Marino,Europe & Central Asia,1985,1.17
SMR,San Marino,Europe & Central Asia,1986,1.147
SMR,San Marino,Europe & Central Asia,1987,1.135
SMR,San Marino,Europe & Central Asia,1988,1.14
SMR,San Marino,Europe & Central Asia,1989,1.145
SMR,San Marino,Europe & Central Asia,1990,1.162
SMR,San Marino,Europe & Central Asia,1991,1.167
SMR,San Marino,Europe & Central Asia,1992,1.15
SMR,San Marino,Europe & Central Asia,1993,1.123
SMR,San Marino,Europe & Central Asia,1994,1.138
SMR,San Marino,Europe & Central Asia,1995,1.166
SMR,San Marino,Europe & Central Asia,1996,1.212
SMR,San Marino,Europe & Central Asia,1997,1.243
SMR,San Marino,Europe & Central Asia,1998,1.263
SMR,San Marino,Europe & Central Asia,1999,1.288
SMR,San Marino,Europe & Central Asia,2000,1.404
SMR,San Marino,Europe & Central Asia,2001,1.519
SMR,San Marino,Europe & Central Asia,2002,1.432
SMR,San Marino,Europe & Central Asia,2003,1.296
SMR,San Marino,Europe & Central Asia,2004,1.298
SMR,San Marino,Europe & Central Asia,2005,1.198
SMR,San Marino,Europe & Central Asia,2006,1.242
SMR,San Marino,Europe & Central Asia,2007,1.257
SMR,San Marino,Europe & Central Asia,2008,1.521
SMR,San Marino,Europe & Central Asia,2009,1.358
SMR,San Marino,Europe & Central Asia,2010,1.459
SMR,San Marino,Europe & Central Asia,2011,1.456
SMR,San Marino,Europe & Central Asia,2012,1.289
SMR,San Marino,Europe & Central Asia,2013,1.483
SMR,San Marino,Europe & Central Asia,2014,1.259
SMR,San Marino,Europe & Central Asia,2015,1.196
SMR,San Marino,Europe & Central Asia,2016,1.127
SMR,San Marino,Europe & Central Asia,2017,1.054
SMR,San Marino,Europe & Central Asia,2018,1.077
SMR,San Marino,Europe & Central Asia,2019,1.096
SMR,San Marino,Europe & Central Asia,2020,1.113
SMR,San Marino,Europe & Central Asia,2021,1.125
SMR,San Marino,Europe & Central Asia,2022,1.136
SMR,San Marino,Europe & Central Asia,2023,1.149
SMR,San Marino,Europe & Central Asia,2024,1.158
SOM,"Somalia, Fed. Rep.",Sub-Saharan Africa,1960,7.25
SOM,"Somalia, Fed. Rep.",Sub-Saharan Africa,1961,7.252
SOM,"Somalia, Fed. Rep.",Sub-Saharan Africa,1962,7.255
SOM,"Somalia, Fed. Rep.",Sub-Saharan Africa,1963,7.258
SOM,"Somalia, Fed. Rep.",Sub-Saharan Africa,1964,7.261
SOM,"Somalia, Fed. Rep.",Sub-Saharan Africa,1965,7.261
SOM,"Somalia, Fed. Rep.",Sub-Saharan Africa,1966,7.257
SOM,"Somalia, Fed. Rep.",Sub-Saharan Africa,1967,7.248
SOM,"Somalia, Fed. Rep.",Sub-Saharan Africa,1968,7.231
SOM,"Somalia, Fed. Rep.",Sub-Saharan Africa,1969,7.209
SOM,"Somalia, Fed. Rep.",Sub-Saharan Africa,1970,7.182
SOM,"Somalia, Fed. Rep.",Sub-Saharan Africa,1971,7.151
SOM,"Somalia, Fed. Rep.",Sub-Saharan Africa,1972,7.118
SOM,"Somalia, Fed. Rep.",Sub-Saharan Africa,1973,7.086
SOM,"Somalia, Fed. Rep.",Sub-Saharan Africa,1974,7.057
SOM,"Somalia, Fed. Rep.",Sub-Saharan Africa,1975,7.033
SOM,"Somalia, Fed. Rep.",Sub-Saharan Africa,1976,7.016
SOM,"Somalia, Fed. Rep.",Sub-Saharan Africa,1977,7.004
SOM,"Somalia, Fed. Rep.",Sub-Saharan Africa,1978,7.13
SOM,"Somalia, Fed. Rep.",Sub-Saharan Africa,1979,7.161
SOM,"Somalia, Fed. Rep.",Sub-Saharan Africa,1980,7.178
SOM,"Somalia, Fed. Rep.",Sub-Saharan Africa,1981,7.227
SOM,"Somalia, Fed. Rep.",Sub-Saharan Africa,1982,7.252
SOM,"Somalia, Fed. Rep.",Sub-Saharan Africa,1983,7.277
SOM,"Somalia, Fed. Rep.",Sub-Saharan Africa,1984,7.3
SOM,"Somalia, Fed. Rep.",Sub-Saharan Africa,1985,7.327
SOM,"Somalia, Fed. Rep.",Sub-Saharan Africa,1986,7.349
SOM,"Somalia, Fed. Rep.",Sub-Saharan Africa,1987,7.373
SOM,"Somalia, Fed. Rep.",Sub-Saharan Africa,1988,7.398
SOM,"Somalia, Fed. Rep.",Sub-Saharan Africa,1989,7.424
SOM,"Somalia, Fed. Rep.",Sub-Saharan Africa,1990,7.44
SOM,"Somalia, Fed. Rep.",Sub-Saharan Africa,1991,7.47
SOM,"Somalia, Fed. Rep.",Sub-Saharan Africa,1992,7.5
SOM,"Somalia, Fed. Rep.",Sub-Saharan Africa,1993,7.526
SOM,"Somalia, Fed. Rep.",Sub-Saharan Africa,1994,7.544
SOM,"Somalia, Fed. Rep.",Sub-Saharan Africa,1995,7.581
SOM,"Somalia, Fed. Rep.",Sub-Saharan Africa,1996,7.621
SOM,"Somalia, Fed. Rep.",Sub-Saharan Africa,1997,7.662
SOM,"Somalia, Fed. Rep.",Sub-Saharan Africa,1998,7.656
SOM,"Somalia, Fed. Rep.",Sub-Saharan Africa,1999,7.657
SOM,"Somalia, Fed. Rep.",Sub-Saharan Africa,2000,7.645
SOM,"Somalia, Fed. Rep.",Sub-Saharan Africa,2001,7.636
SOM,"Somalia, Fed. Rep.",Sub-Saharan Africa,2002,7.626
SOM,"Somalia, Fed. Rep.",Sub-Saharan Africa,2003,7.603
SOM,"Somalia, Fed. Rep.",Sub-Saharan Africa,2004,7.568
SOM,"Somalia, Fed. Rep.",Sub-Saharan Africa,2005,7.527
SOM,"Somalia, Fed. Rep.",Sub-Saharan Africa,2006,7.49
SOM,"Somalia, Fed. Rep.",Sub-Saharan Africa,2007,7.457
SOM,"Somalia, Fed. Rep.",Sub-Saharan Africa,2008,7.415
SOM,"Somalia, Fed. Rep.",Sub-Saharan Africa,2009,7.376
SOM,"Somalia, Fed. Rep.",Sub-Saharan Africa,2010,7.322
SOM,"Somalia, Fed. Rep.",Sub-Saharan Africa,2011,7.268
SOM,"Somalia, Fed. Rep.",Sub-Saharan Africa,2012,7.211
SOM,"Somalia, Fed. Rep.",Sub-Saharan Africa,2013,7.14
SOM,"Somalia, Fed. Rep.",Sub-Saharan Africa,2014,7.061
SOM,"Somalia, Fed. Rep.",Sub-Saharan Africa,2015,6.975
SOM,"Somalia, Fed. Rep.",Sub-Saharan Africa,2016,6.878
SOM,"Somalia, Fed. Rep.",Sub-Saharan Africa,2017,6.766
SOM,"Somalia, Fed. Rep.",Sub-Saharan Africa,2018,6.662
SOM,"Somalia, Fed. Rep.",Sub-Saharan Africa,2019,6.56
SOM,"Somalia, Fed. Rep.",Sub-Saharan Africa,2020,6.453
SOM,"Somalia, Fed. Rep.",Sub-Saharan Africa,2021,6.353
SOM,"Somalia, Fed. Rep.",Sub-Saharan Africa,2022,6.255
SOM,"Somalia, Fed. Rep.",Sub-Saharan Africa,2023,6.132
SOM,"Somalia, Fed. Rep.",Sub-Saharan Africa,2024,6.013
SRB,Serbia,Europe & Central Asia,1960,2.155
SRB,Serbia,Europe & Central Asia,1961,2.133
SRB,Serbia,Europe & Central Asia,1962,2.109
SRB,Serbia,Europe & Central Asia,1963,2.084
SRB,Serbia,Europe & Central Asia,1964,2.067
SRB,Serbia,Europe & Central Asia,1965,2.057
SRB,Serbia,Europe & Central Asia,1966,2.041
SRB,Serbia,Europe & Central Asia,1967,2.02
SRB,Serbia,Europe & Central Asia,1968,2.005
SRB,Serbia,Europe & Central Asia,1969,1.986
SRB,Serbia,Europe & Central Asia,1970,1.973
SRB,Serbia,Europe & Central Asia,1971,1.96
SRB,Serbia,Europe & Central Asia,1972,1.952
SRB,Serbia,Europe & Central Asia,1973,1.94
SRB,Serbia,Europe & Central Asia,1974,1.93
SRB,Serbia,Europe & Central Asia,1975,1.923
SRB,Serbia,Europe & Central Asia,1976,1.913
SRB,Serbia,Europe & Central Asia,1977,1.901
SRB,Serbia,Europe & Central Asia,1978,1.889
SRB,Serbia,Europe & Central Asia,1979,1.875
SRB,Serbia,Europe & Central Asia,1980,1.863
SRB,Serbia,Europe & Central Asia,1981,1.852
SRB,Serbia,Europe & Central Asia,1982,1.842
SRB,Serbia,Europe & Central Asia,1983,1.832
SRB,Serbia,Europe & Central Asia,1984,1.814
SRB,Serbia,Europe & Central Asia,1985,1.8
SRB,Serbia,Europe & Central Asia,1986,1.778
SRB,Serbia,Europe & Central Asia,1987,1.749
SRB,Serbia,Europe & Central Asia,1988,1.72
SRB,Serbia,Europe & Central Asia,1989,1.685
SRB,Serbia,Europe & Central Asia,1990,1.649
SRB,Serbia,Europe & Central Asia,1991,1.612
SRB,Serbia,Europe & Central Asia,1992,1.573
SRB,Serbia,Europe & Central Asia,1993,1.544
SRB,Serbia,Europe & Central Asia,1994,1.505
SRB,Serbia,Europe & Central Asia,1995,1.468
SRB,Serbia,Europe & Central Asia,1996,1.436
SRB,Serbia,Europe & Central Asia,1997,1.398
SRB,Serbia,Europe & Central Asia,1998,1.37
SRB,Serbia,Europe & Central Asia,1999,1.354
SRB,Serbia,Europe & Central Asia,2000,1.48
SRB,Serbia,Europe & Central Asia,2001,1.58
SRB,Serbia,Europe & Central Asia,2002,1.57
SRB,Serbia,Europe & Central Asia,2003,1.59
SRB,Serbia,Europe & Central Asia,2004,1.57
SRB,Serbia,Europe & Central Asia,2005,1.45
SRB,Serbia,Europe & Central Asia,2006,1.43
SRB,Serbia,Europe & Central Asia,2007,1.38
SRB,Serbia,Europe & Central Asia,2008,1.4
SRB,Serbia,Europe & Central Asia,2009,1.44
SRB,Serbia,Europe & Central Asia,2010,1.4
SRB,Serbia,Europe & Central Asia,2011,1.4
SRB,Serbia,Europe & Central Asia,2012,1.45
SRB,Serbia,Europe & Central Asia,2013,1.43
SRB,Serbia,Europe & Central Asia,2014,1.46
SRB,Serbia,Europe & Central Asia,2015,1.46
SRB,Serbia,Europe & Central Asia,2016,1.46
SRB,Serbia,Europe & Central Asia,2017,1.49
SRB,Serbia,Europe & Central Asia,2018,1.49
SRB,Serbia,Europe & Central Asia,2019,1.52
SRB,Serbia,Europe & Central Asia,2020,1.48
SRB,Serbia,Europe & Central Asia,2021,1.52
SRB,Serbia,Europe & Central Asia,2022,1.59
SRB,Serbia,Europe & Central Asia,2023,1.62
SRB,Serbia,Europe & Central Asia,2024,1.64
SSD,South Sudan,Sub-Saharan Africa,1960,7.161
SSD,South Sudan,Sub-Saharan Africa,1961,7.178
SSD,South Sudan,Sub-Saharan Africa,1962,7.195
SSD,South Sudan,Sub-Saharan Africa,1963,7.196
SSD,South Sudan,Sub-Saharan Africa,1964,7.22
SSD,South Sudan,Sub-Saharan Africa,1965,7.222
SSD,South Sudan,Sub-Saharan Africa,1966,7.254
SSD,South Sudan,Sub-Saharan Africa,1967,7.257
SSD,South Sudan,Sub-Saharan Africa,1968,7.264
SSD,South Sudan,Sub-Saharan Africa,1969,7.281
SSD,South Sudan,Sub-Saharan Africa,1970,7.286
SSD,South Sudan,Sub-Saharan Africa,1971,7.296
SSD,South Sudan,Sub-Saharan Africa,1972,7.311
SSD,South Sudan,Sub-Saharan Africa,1973,7.311
SSD,South Sudan,Sub-Saharan Africa,1974,7.314
SSD,South Sudan,Sub-Saharan Africa,1975,7.326
SSD,South Sudan,Sub-Saharan Africa,1976,7.331
SSD,South Sudan,Sub-Saharan Africa,1977,7.325
SSD,South Sudan,Sub-Saharan Africa,1978,7.329
SSD,South Sudan,Sub-Saharan Africa,1979,7.32
SSD,South Sudan,Sub-Saharan Africa,1980,7.328
SSD,South Sudan,Sub-Saharan Africa,1981,7.332
SSD,South Sudan,Sub-Saharan Africa,1982,7.343
SSD,South Sudan,Sub-Saharan Africa,1983,7.342
SSD,South Sudan,Sub-Saharan Africa,1984,7.346
SSD,South Sudan,Sub-Saharan Africa,1985,7.357
SSD,South Sudan,Sub-Saharan Africa,1986,7.378
SSD,South Sudan,Sub-Saharan Africa,1987,7.386
SSD,South Sudan,Sub-Saharan Africa,1988,7.376
SSD,South Sudan,Sub-Saharan Africa,1989,7.374
SSD,South Sudan,Sub-Saharan Africa,1990,7.377
SSD,South Sudan,Sub-Saharan Africa,1991,7.377
SSD,South Sudan,Sub-Saharan Africa,1992,7.37
SSD,South Sudan,Sub-Saharan Africa,1993,7.36
SSD,South Sudan,Sub-Saharan Africa,1994,7.346
SSD,South Sudan,Sub-Saharan Africa,1995,7.337
SSD,South Sudan,Sub-Saharan Africa,1996,7.321
SSD,South Sudan,Sub-Saharan Africa,1997,7.199
SSD,South Sudan,Sub-Saharan Africa,1998,7.078
SSD,South Sudan,Sub-Saharan Africa,1999,6.937
SSD,South Sudan,Sub-Saharan Africa,2000,6.803
SSD,South Sudan,Sub-Saharan Africa,2001,6.654
SSD,South Sudan,Sub-Saharan Africa,2002,6.515
SSD,South Sudan,Sub-Saharan Africa,2003,6.353
SSD,South Sudan,Sub-Saharan Africa,2004,6.19
SSD,South Sudan,Sub-Saharan Africa,2005,6.022
SSD,South Sudan,Sub-Saharan Africa,2006,5.853
SSD,South Sudan,Sub-Saharan Africa,2007,5.704
SSD,South Sudan,Sub-Saharan Africa,2008,5.569
SSD,South Sudan,Sub-Saharan Africa,2009,5.446
SSD,South Sudan,Sub-Saharan Africa,2010,5.318
SSD,South Sudan,Sub-Saharan Africa,2011,5.193
SSD,South Sudan,Sub-Saharan Africa,2012,5.061
SSD,South Sudan,Sub-Saharan Africa,2013,4.939
SSD,South Sudan,Sub-Saharan Africa,2014,4.818
SSD,South Sudan,Sub-Saharan Africa,2015,4.695
SSD,South Sudan,Sub-Saharan Africa,2016,4.579
SSD,South Sudan,Sub-Saharan Africa,2017,4.483
SSD,South Sudan,Sub-Saharan Africa,2018,4.37
SSD,South Sudan,Sub-Saharan Africa,2019,4.26
SSD,South Sudan,Sub-Saharan Africa,2020,4.16
SSD,South Sudan,Sub-Saharan Africa,2021,4.047
SSD,South Sudan,Sub-Saharan Africa,2022,3.964
SSD,South Sudan,Sub-Saharan Africa,2023,3.864
SSD,South Sudan,Sub-Saharan Africa,2024,3.785
SSF,Sub-Saharan Africa,Aggregate,1960,6.572
SSF,Sub-Saharan Africa,Aggregate,1961,6.586
SSF,Sub-Saharan Africa,Aggregate,1962,6.604
SSF,Sub-Saharan Africa,Aggregate,1963,6.62
SSF,Sub-Saharan Africa,Aggregate,1964,6.636
SSF,Sub-Saharan Africa,Aggregate,1965,6.65
SSF,Sub-Saharan Africa,Aggregate,1966,6.677
SSF,Sub-Saharan Africa,Aggregate,1967,6.694
SSF,Sub-Saharan Africa,Aggregate,1968,6.709
SSF,Sub-Saharan Africa,Aggregate,1969,6.72
SSF,Sub-Saharan Africa,Aggregate,1970,6.735
SSF,Sub-Saharan Africa,Aggregate,1971,6.756
SSF,Sub-Saharan Africa,Aggregate,1972,6.771
SSF,Sub-Saharan Africa,Aggregate,1973,6.783
SSF,Sub-Saharan Africa,Aggregate,1974,6.797
SSF,Sub-Saharan Africa,Aggregate,1975,6.806
SSF,Sub-Saharan Africa,Aggregate,1976,6.805
SSF,Sub-Saharan Africa,Aggregate,1977,6.807
SSF,Sub-Saharan Africa,Aggregate,1978,6.808
SSF,Sub-Saharan Africa,Aggregate,1979,6.793
SSF,Sub-Saharan Africa,Aggregate,1980,6.773
SSF,Sub-Saharan Africa,Aggregate,1981,6.748
SSF,Sub-Saharan Africa,Aggregate,1982,6.721
SSF,Sub-Saharan Africa,Aggregate,1983,6.686
SSF,Sub-Saharan Africa,Aggregate,1984,6.638
SSF,Sub-Saharan Africa,Aggregate,1985,6.587
SSF,Sub-Saharan Africa,Aggregate,1986,6.539
SSF,Sub-Saharan Africa,Aggregate,1987,6.49
SSF,Sub-Saharan Africa,Aggregate,1988,6.434
SSF,Sub-Saharan Africa,Aggregate,1989,6.374
SSF,Sub-Saharan Africa,Aggregate,1990,6.301
SSF,Sub-Saharan Africa,Aggregate,1991,6.243
SSF,Sub-Saharan Africa,Aggregate,1992,6.182
SSF,Sub-Saharan Africa,Aggregate,1993,6.125
SSF,Sub-Saharan Africa,Aggregate,1994,6.065
SSF,Sub-Saharan Africa,Aggregate,1995,6.005
SSF,Sub-Saharan Africa,Aggregate,1996,5.936
SSF,Sub-Saharan Africa,Aggregate,1997,5.866
SSF,Sub-Saharan Africa,Aggregate,1998,5.815
SSF,Sub-Saharan Africa,Aggregate,1999,5.777
SSF,Sub-Saharan Africa,Aggregate,2000,5.738
SSF,Sub-Saharan Africa,Aggregate,2001,5.696
SSF,Sub-Saharan Africa,Aggregate,2002,5.652
SSF,Sub-Saharan Africa,Aggregate,2003,5.613
SSF,Sub-Saharan Africa,Aggregate,2004,5.587
SSF,Sub-Saharan Africa,Aggregate,2005,5.559
SSF,Sub-Saharan Africa,Aggregate,2006,5.522
SSF,Sub-Saharan Africa,Aggregate,2007,5.476
SSF,Sub-Saharan Africa,Aggregate,2008,5.446
SSF,Sub-Saharan Africa,Aggregate,2009,5.386
SSF,Sub-Saharan Africa,Aggregate,2010,5.325
SSF,Sub-Saharan Africa,Aggregate,2011,5.255
SSF,Sub-Saharan Africa,Aggregate,2012,5.178
SSF,Sub-Saharan Africa,Aggregate,2013,5.097
SSF,Sub-Saharan Africa,Aggregate,2014,5.024
SSF,Sub-Saharan Africa,Aggregate,2015,4.943
SSF,Sub-Saharan Africa,Aggregate,2016,4.86
SSF,Sub-Saharan Africa,Aggregate,2017,4.78
SSF,Sub-Saharan Africa,Aggregate,2018,4.697
SSF,Sub-Saharan Africa,Aggregate,2019,4.613
SSF,Sub-Saharan Africa,Aggregate,2020,4.53
SSF,Sub-Saharan Africa,Aggregate,2021,4.464
SSF,Sub-Saharan Africa,Aggregate,2022,4.397
SSF,Sub-Saharan Africa,Aggregate,2023,4.333
SSF,Sub-Saharan Africa,Aggregate,2024,4.264
STP,Sao Tome and Principe,Sub-Saharan Africa,1960,6.242
STP,Sao Tome and Principe,Sub-Saharan Africa,1961,6.263
STP,Sao Tome and Principe,Sub-Saharan Africa,1962,6.284
STP,Sao Tome and Principe,Sub-Saharan Africa,1963,6.306
STP,Sao Tome and Principe,Sub-Saharan Africa,1964,6.327
STP,Sao Tome and Principe,Sub-Saharan Africa,1965,6.349
STP,Sao Tome and Principe,Sub-Saharan Africa,1966,6.371
STP,Sao Tome and Principe,Sub-Saharan Africa,1967,6.394
STP,Sao Tome and Principe,Sub-Saharan Africa,1968,6.419
STP,Sao Tome and Principe,Sub-Saharan Africa,1969,6.444
STP,Sao Tome and Principe,Sub-Saharan Africa,1970,6.468
STP,Sao Tome and Principe,Sub-Saharan Africa,1971,6.49
STP,Sao Tome and Principe,Sub-Saharan Africa,1972,6.51
STP,Sao Tome and Principe,Sub-Saharan Africa,1973,6.525
STP,Sao Tome and Principe,Sub-Saharan Africa,1974,6.534
STP,Sao Tome and Principe,Sub-Saharan Africa,1975,6.534
STP,Sao Tome and Principe,Sub-Saharan Africa,1976,6.524
STP,Sao Tome and Principe,Sub-Saharan Africa,1977,6.504
STP,Sao Tome and Principe,Sub-Saharan Africa,1978,6.473
STP,Sao Tome and Principe,Sub-Saharan Africa,1979,6.434
STP,Sao Tome and Principe,Sub-Saharan Africa,1980,6.386
STP,Sao Tome and Principe,Sub-Saharan Africa,1981,6.333
STP,Sao Tome and Principe,Sub-Saharan Africa,1982,6.276
STP,Sao Tome and Principe,Sub-Saharan Africa,1983,6.217
STP,Sao Tome and Principe,Sub-Saharan Africa,1984,6.158
STP,Sao Tome and Principe,Sub-Saharan Africa,1985,6.101
STP,Sao Tome and Principe,Sub-Saharan Africa,1986,6.046
STP,Sao Tome and Principe,Sub-Saharan Africa,1987,5.992
STP,Sao Tome and Principe,Sub-Saharan Africa,1988,5.938
STP,Sao Tome and Principe,Sub-Saharan Africa,1989,5.884
STP,Sao Tome and Principe,Sub-Saharan Africa,1990,5.828
STP,Sao Tome and Principe,Sub-Saharan Africa,1991,5.769
STP,Sao Tome and Principe,Sub-Saharan Africa,1992,5.704
STP,Sao Tome and Principe,Sub-Saharan Africa,1993,5.635
STP,Sao Tome and Principe,Sub-Saharan Africa,1994,5.562
STP,Sao Tome and Principe,Sub-Saharan Africa,1995,5.554
STP,Sao Tome and Principe,Sub-Saharan Africa,1996,5.474
STP,Sao Tome and Principe,Sub-Saharan Africa,1997,5.396
STP,Sao Tome and Principe,Sub-Saharan Africa,1998,5.304
STP,Sao Tome and Principe,Sub-Saharan Africa,1999,5.228
STP,Sao Tome and Principe,Sub-Saharan Africa,2000,5.157
STP,Sao Tome and Principe,Sub-Saharan Africa,2001,5.097
STP,Sao Tome and Principe,Sub-Saharan Africa,2002,5.062
STP,Sao Tome and Principe,Sub-Saharan Africa,2003,5.013
STP,Sao Tome and Principe,Sub-Saharan Africa,2004,4.962
STP,Sao Tome and Principe,Sub-Saharan Africa,2005,4.939
STP,Sao Tome and Principe,Sub-Saharan Africa,2006,4.933
STP,Sao Tome and Principe,Sub-Saharan Africa,2007,4.957
STP,Sao Tome and Principe,Sub-Saharan Africa,2008,4.906
STP,Sao Tome and Principe,Sub-Saharan Africa,2009,4.838
STP,Sao Tome and Principe,Sub-Saharan Africa,2010,4.769
STP,Sao Tome and Principe,Sub-Saharan Africa,2011,4.718
STP,Sao Tome and Principe,Sub-Saharan Africa,2012,4.664
STP,Sao Tome and Principe,Sub-Saharan Africa,2013,4.584
STP,Sao Tome and Principe,Sub-Saharan Africa,2014,4.485
STP,Sao Tome and Principe,Sub-Saharan Africa,2015,4.354
STP,Sao Tome and Principe,Sub-Saharan Africa,2016,4.203
STP,Sao Tome and Principe,Sub-Saharan Africa,2017,4.069
STP,Sao Tome and Principe,Sub-Saharan Africa,2018,3.977
STP,Sao Tome and Principe,Sub-Saharan Africa,2019,3.9
STP,Sao Tome and Principe,Sub-Saharan Africa,2020,3.827
STP,Sao Tome and Principe,Sub-Saharan Africa,2021,3.759
STP,Sao Tome and Principe,Sub-Saharan Africa,2022,3.695
STP,Sao Tome and Principe,Sub-Saharan Africa,2023,3.644
STP,Sao Tome and Principe,Sub-Saharan Africa,2024,3.596
SUR,Suriname,Latin America & Caribbean,1960,6.59
SUR,Suriname,Latin America & Caribbean,1961,6.583
SUR,Suriname,Latin America & Caribbean,1962,6.572
SUR,Suriname,Latin America & Caribbean,1963,6.508
SUR,Suriname,Latin America & Caribbean,1964,6.426
SUR,Suriname,Latin America & Caribbean,1965,6.321
SUR,Suriname,Latin America & Caribbean,1966,6.198
SUR,Suriname,Latin America & Caribbean,1967,6.038
SUR,Suriname,Latin America & Caribbean,1968,5.863
SUR,Suriname,Latin America & Caribbean,1969,5.696
SUR,Suriname,Latin America & Caribbean,1970,5.529
SUR,Suriname,Latin America & Caribbean,1971,5.356
SUR,Suriname,Latin America & Caribbean,1972,5.176
SUR,Suriname,Latin America & Caribbean,1973,5.007
SUR,Suriname,Latin America & Caribbean,1974,4.811
SUR,Suriname,Latin America & Caribbean,1975,4.629
SUR,Suriname,Latin America & Caribbean,1976,4.445
SUR,Suriname,Latin America & Caribbean,1977,4.256
SUR,Suriname,Latin America & Caribbean,1978,4.08
SUR,Suriname,Latin America & Caribbean,1979,3.925
SUR,Suriname,Latin America & Caribbean,1980,3.791
SUR,Suriname,Latin America & Caribbean,1981,3.752
SUR,Suriname,Latin America & Caribbean,1982,3.821
SUR,Suriname,Latin America & Caribbean,1983,3.865
SUR,Suriname,Latin America & Caribbean,1984,3.796
SUR,Suriname,Latin America & Caribbean,1985,3.711
SUR,Suriname,Latin America & Caribbean,1986,3.61
SUR,Suriname,Latin America & Caribbean,1987,3.53
SUR,Suriname,Latin America & Caribbean,1988,3.461
SUR,Suriname,Latin America & Caribbean,1989,3.387
SUR,Suriname,Latin America & Caribbean,1990,3.225
SUR,Suriname,Latin America & Caribbean,1991,3.094
SUR,Suriname,Latin America & Caribbean,1992,3.013
SUR,Suriname,Latin America & Caribbean,1993,2.943
SUR,Suriname,Latin America & Caribbean,1994,2.899
SUR,Suriname,Latin America & Caribbean,1995,2.897
SUR,Suriname,Latin America & Caribbean,1996,2.92
SUR,Suriname,Latin America & Caribbean,1997,2.952
SUR,Suriname,Latin America & Caribbean,1998,2.986
SUR,Suriname,Latin America & Caribbean,1999,3.016
SUR,Suriname,Latin America & Caribbean,2000,3.046
SUR,Suriname,Latin America & Caribbean,2001,3.057
SUR,Suriname,Latin America & Caribbean,2002,2.956
SUR,Suriname,Latin America & Caribbean,2003,2.839
SUR,Suriname,Latin America & Caribbean,2004,2.738
SUR,Suriname,Latin America & Caribbean,2005,2.712
SUR,Suriname,Latin America & Caribbean,2006,2.727
SUR,Suriname,Latin America & Caribbean,2007,2.735
SUR,Suriname,Latin America & Caribbean,2008,2.727
SUR,Suriname,Latin America & Caribbean,2009,2.712
SUR,Suriname,Latin America & Caribbean,2010,2.688
SUR,Suriname,Latin America & Caribbean,2011,2.667
SUR,Suriname,Latin America & Caribbean,2012,2.669
SUR,Suriname,Latin America & Caribbean,2013,2.651
SUR,Suriname,Latin America & Caribbean,2014,2.62
SUR,Suriname,Latin America & Caribbean,2015,2.57
SUR,Suriname,Latin America & Caribbean,2016,2.5
SUR,Suriname,Latin America & Caribbean,2017,2.431
SUR,Suriname,Latin America & Caribbean,2018,2.381
SUR,Suriname,Latin America & Caribbean,2019,2.347
SUR,Suriname,Latin America & Caribbean,2020,2.314
SUR,Suriname,Latin America & Caribbean,2021,2.295
SUR,Suriname,Latin America & Caribbean,2022,2.274
SUR,Suriname,Latin America & Caribbean,2023,2.249
SUR,Suriname,Latin America & Caribbean,2024,2.231
SVK,Slovak Republic,Europe & Central Asia,1960,3.04
SVK,Slovak Republic,Europe & Central Asia,1961,2.96
SVK,Slovak Republic,Europe & Central Asia,1962,2.83
SVK,Slovak Republic,Europe & Central Asia,1963,2.92
SVK,Slovak Republic,Europe & Central Asia,1964,2.89
SVK,Slovak Republic,Europe & Central Asia,1965,2.78
SVK,Slovak Republic,Europe & Central Asia,1966,2.66
SVK,Slovak Republic,Europe & Central Asia,1967,2.48
SVK,Slovak Republic,Europe & Central Asia,1968,2.39
SVK,Slovak Republic,Europe & Central Asia,1969,2.43
SVK,Slovak Republic,Europe & Central Asia,1970,2.41
SVK,Slovak Republic,Europe & Central Asia,1971,2.43
SVK,Slovak Republic,Europe & Central Asia,1972,2.49
SVK,Slovak Republic,Europe & Central Asia,1973,2.56
SVK,Slovak Republic,Europe & Central Asia,1974,2.61
SVK,Slovak Republic,Europe & Central Asia,1975,2.55
SVK,Slovak Republic,Europe & Central Asia,1976,2.55
SVK,Slovak Republic,Europe & Central Asia,1977,2.49
SVK,Slovak Republic,Europe & Central Asia,1978,2.47
SVK,Slovak Republic,Europe & Central Asia,1979,2.45
SVK,Slovak Republic,Europe & Central Asia,1980,2.32
SVK,Slovak Republic,Europe & Central Asia,1981,2.29
SVK,Slovak Republic,Europe & Central Asia,1982,2.28
SVK,Slovak Republic,Europe & Central Asia,1983,2.28
SVK,Slovak Republic,Europe & Central Asia,1984,2.26
SVK,Slovak Republic,Europe & Central Asia,1985,2.26
SVK,Slovak Republic,Europe & Central Asia,1986,2.2
SVK,Slovak Republic,Europe & Central Asia,1987,2.14
SVK,Slovak Republic,Europe & Central Asia,1988,2.13
SVK,Slovak Republic,Europe & Central Asia,1989,2.07
SVK,Slovak Republic,Europe & Central Asia,1990,2.09
SVK,Slovak Republic,Europe & Central Asia,1991,2.05
SVK,Slovak Republic,Europe & Central Asia,1992,1.93
SVK,Slovak Republic,Europe & Central Asia,1993,1.87
SVK,Slovak Republic,Europe & Central Asia,1994,1.67
SVK,Slovak Republic,Europe & Central Asia,1995,1.52
SVK,Slovak Republic,Europe & Central Asia,1996,1.47
SVK,Slovak Republic,Europe & Central Asia,1997,1.43
SVK,Slovak Republic,Europe & Central Asia,1998,1.37
SVK,Slovak Republic,Europe & Central Asia,1999,1.33
SVK,Slovak Republic,Europe & Central Asia,2000,1.3
SVK,Slovak Republic,Europe & Central Asia,2001,1.2
SVK,Slovak Republic,Europe & Central Asia,2002,1.19
SVK,Slovak Republic,Europe & Central Asia,2003,1.2
SVK,Slovak Republic,Europe & Central Asia,2004,1.25
SVK,Slovak Republic,Europe & Central Asia,2005,1.27
SVK,Slovak Republic,Europe & Central Asia,2006,1.25
SVK,Slovak Republic,Europe & Central Asia,2007,1.27
SVK,Slovak Republic,Europe & Central Asia,2008,1.34
SVK,Slovak Republic,Europe & Central Asia,2009,1.44
SVK,Slovak Republic,Europe & Central Asia,2010,1.43
SVK,Slovak Republic,Europe & Central Asia,2011,1.45
SVK,Slovak Republic,Europe & Central Asia,2012,1.34
SVK,Slovak Republic,Europe & Central Asia,2013,1.34
SVK,Slovak Republic,Europe & Central Asia,2014,1.37
SVK,Slovak Republic,Europe & Central Asia,2015,1.4
SVK,Slovak Republic,Europe & Central Asia,2016,1.48
SVK,Slovak Republic,Europe & Central Asia,2017,1.52
SVK,Slovak Republic,Europe & Central Asia,2018,1.54
SVK,Slovak Republic,Europe & Central Asia,2019,1.57
SVK,Slovak Republic,Europe & Central Asia,2020,1.59
SVK,Slovak Republic,Europe & Central Asia,2021,1.63
SVK,Slovak Republic,Europe & Central Asia,2022,1.57
SVK,Slovak Republic,Europe & Central Asia,2023,1.49
SVK,Slovak Republic,Europe & Central Asia,2024,1.46
SVN,Slovenia,Europe & Central Asia,1960,2.185
SVN,Slovenia,Europe & Central Asia,1961,2.27
SVN,Slovenia,Europe & Central Asia,1962,2.276
SVN,Slovenia,Europe & Central Asia,1963,2.269
SVN,Slovenia,Europe & Central Asia,1964,2.305
SVN,Slovenia,Europe & Central Asia,1965,2.432
SVN,Slovenia,Europe & Central Asia,1966,2.465
SVN,Slovenia,Europe & Central Asia,1967,2.37
SVN,Slovenia,Europe & Central Asia,1968,2.253
SVN,Slovenia,Europe & Central Asia,1969,2.174
SVN,Slovenia,Europe & Central Asia,1970,2.109
SVN,Slovenia,Europe & Central Asia,1971,2.157
SVN,Slovenia,Europe & Central Asia,1972,2.165
SVN,Slovenia,Europe & Central Asia,1973,2.204
SVN,Slovenia,Europe & Central Asia,1974,2.125
SVN,Slovenia,Europe & Central Asia,1975,2.175
SVN,Slovenia,Europe & Central Asia,1976,2.201
SVN,Slovenia,Europe & Central Asia,1977,2.166
SVN,Slovenia,Europe & Central Asia,1978,2.196
SVN,Slovenia,Europe & Central Asia,1979,2.215
SVN,Slovenia,Europe & Central Asia,1980,2.11
SVN,Slovenia,Europe & Central Asia,1981,1.961
SVN,Slovenia,Europe & Central Asia,1982,1.93
SVN,Slovenia,Europe & Central Asia,1983,1.81
SVN,Slovenia,Europe & Central Asia,1984,1.74
SVN,Slovenia,Europe & Central Asia,1985,1.71
SVN,Slovenia,Europe & Central Asia,1986,1.67
SVN,Slovenia,Europe & Central Asia,1987,1.65
SVN,Slovenia,Europe & Central Asia,1988,1.63
SVN,Slovenia,Europe & Central Asia,1989,1.52
SVN,Slovenia,Europe & Central Asia,1990,1.46
SVN,Slovenia,Europe & Central Asia,1991,1.42
SVN,Slovenia,Europe & Central Asia,1992,1.33
SVN,Slovenia,Europe & Central Asia,1993,1.33
SVN,Slovenia,Europe & Central Asia,1994,1.32
SVN,Slovenia,Europe & Central Asia,1995,1.29
SVN,Slovenia,Europe & Central Asia,1996,1.28
SVN,Slovenia,Europe & Central Asia,1997,1.25
SVN,Slovenia,Europe & Central Asia,1998,1.23
SVN,Slovenia,Europe & Central Asia,1999,1.21
SVN,Slovenia,Europe & Central Asia,2000,1.26
SVN,Slovenia,Europe & Central Asia,2001,1.21
SVN,Slovenia,Europe & Central Asia,2002,1.21
SVN,Slovenia,Europe & Central Asia,2003,1.2
SVN,Slovenia,Europe & Central Asia,2004,1.25
SVN,Slovenia,Europe & Central Asia,2005,1.26
SVN,Slovenia,Europe & Central Asia,2006,1.31
SVN,Slovenia,Europe & Central Asia,2007,1.38
SVN,Slovenia,Europe & Central Asia,2008,1.53
SVN,Slovenia,Europe & Central Asia,2009,1.53
SVN,Slovenia,Europe & Central Asia,2010,1.57
SVN,Slovenia,Europe & Central Asia,2011,1.56
SVN,Slovenia,Europe & Central Asia,2012,1.58
SVN,Slovenia,Europe & Central Asia,2013,1.55
SVN,Slovenia,Europe & Central Asia,2014,1.58
SVN,Slovenia,Europe & Central Asia,2015,1.57
SVN,Slovenia,Europe & Central Asia,2016,1.58
SVN,Slovenia,Europe & Central Asia,2017,1.62
SVN,Slovenia,Europe & Central Asia,2018,1.6
SVN,Slovenia,Europe & Central Asia,2019,1.61
SVN,Slovenia,Europe & Central Asia,2020,1.59
SVN,Slovenia,Europe & Central Asia,2021,1.64
SVN,Slovenia,Europe & Central Asia,2022,1.55
SVN,Slovenia,Europe & Central Asia,2023,1.51
SVN,Slovenia,Europe & Central Asia,2024,1.52
SWE,Sweden,Europe & Central Asia,1960,2.17
SWE,Sweden,Europe & Central Asia,1961,2.21
SWE,Sweden,Europe & Central Asia,1962,2.25
SWE,Sweden,Europe & Central Asia,1963,2.33
SWE,Sweden,Europe & Central Asia,1964,2.47
SWE,Sweden,Europe & Central Asia,1965,2.39
SWE,Sweden,Europe & Central Asia,1966,2.37
SWE,Sweden,Europe & Central Asia,1967,2.28
SWE,Sweden,Europe & Central Asia,1968,2.07
SWE,Sweden,Europe & Central Asia,1969,1.93
SWE,Sweden,Europe & Central Asia,1970,1.92
SWE,Sweden,Europe & Central Asia,1971,1.96
SWE,Sweden,Europe & Central Asia,1972,1.91
SWE,Sweden,Europe & Central Asia,1973,1.87
SWE,Sweden,Europe & Central Asia,1974,1.87
SWE,Sweden,Europe & Central Asia,1975,1.77
SWE,Sweden,Europe & Central Asia,1976,1.68
SWE,Sweden,Europe & Central Asia,1977,1.64
SWE,Sweden,Europe & Central Asia,1978,1.6
SWE,Sweden,Europe & Central Asia,1979,1.66
SWE,Sweden,Europe & Central Asia,1980,1.68
SWE,Sweden,Europe & Central Asia,1981,1.63
SWE,Sweden,Europe & Central Asia,1982,1.62
SWE,Sweden,Europe & Central Asia,1983,1.61
SWE,Sweden,Europe & Central Asia,1984,1.66
SWE,Sweden,Europe & Central Asia,1985,1.74
SWE,Sweden,Europe & Central Asia,1986,1.8
SWE,Sweden,Europe & Central Asia,1987,1.84
SWE,Sweden,Europe & Central Asia,1988,1.96
SWE,Sweden,Europe & Central Asia,1989,2.01
SWE,Sweden,Europe & Central Asia,1990,2.13
SWE,Sweden,Europe & Central Asia,1991,2.11
SWE,Sweden,Europe & Central Asia,1992,2.09
SWE,Sweden,Europe & Central Asia,1993,1.99
SWE,Sweden,Europe & Central Asia,1994,1.88
SWE,Sweden,Europe & Central Asia,1995,1.73
SWE,Sweden,Europe & Central Asia,1996,1.6
SWE,Sweden,Europe & Central Asia,1997,1.52
SWE,Sweden,Europe & Central Asia,1998,1.5
SWE,Sweden,Europe & Central Asia,1999,1.5
SWE,Sweden,Europe & Central Asia,2000,1.54
SWE,Sweden,Europe & Central Asia,2001,1.57
SWE,Sweden,Europe & Central Asia,2002,1.65
SWE,Sweden,Europe & Central Asia,2003,1.71
SWE,Sweden,Europe & Central Asia,2004,1.75
SWE,Sweden,Europe & Central Asia,2005,1.77
SWE,Sweden,Europe & Central Asia,2006,1.85
SWE,Sweden,Europe & Central Asia,2007,1.88
SWE,Sweden,Europe & Central Asia,2008,1.91
SWE,Sweden,Europe & Central Asia,2009,1.94
SWE,Sweden,Europe & Central Asia,2010,1.98
SWE,Sweden,Europe & Central Asia,2011,1.9
SWE,Sweden,Europe & Central Asia,2012,1.91
SWE,Sweden,Europe & Central Asia,2013,1.89
SWE,Sweden,Europe & Central Asia,2014,1.88
SWE,Sweden,Europe & Central Asia,2015,1.85
SWE,Sweden,Europe & Central Asia,2016,1.85
SWE,Sweden,Europe & Central Asia,2017,1.78
SWE,Sweden,Europe & Central Asia,2018,1.76
SWE,Sweden,Europe & Central Asia,2019,1.71
SWE,Sweden,Europe & Central Asia,2020,1.67
SWE,Sweden,Europe & Central Asia,2021,1.67
SWE,Sweden,Europe & Central Asia,2022,1.53
SWE,Sweden,Europe & Central Asia,2023,1.45
SWE,Sweden,Europe & Central Asia,2024,1.43
SWZ,Eswatini,Sub-Saharan Africa,1960,6.752
SWZ,Eswatini,Sub-Saharan Africa,1961,6.774
SWZ,Eswatini,Sub-Saharan Africa,1962,6.794
SWZ,Eswatini,Sub-Saharan Africa,1963,6.804
SWZ,Eswatini,Sub-Saharan Africa,1964,6.789
SWZ,Eswatini,Sub-Saharan Africa,1965,6.794
SWZ,Eswatini,Sub-Saharan Africa,1966,6.802
SWZ,Eswatini,Sub-Saharan Africa,1967,6.766
SWZ,Eswatini,Sub-Saharan Africa,1968,6.761
SWZ,Eswatini,Sub-Saharan Africa,1969,6.761
SWZ,Eswatini,Sub-Saharan Africa,1970,6.749
SWZ,Eswatini,Sub-Saharan Africa,1971,6.739
SWZ,Eswatini,Sub-Saharan Africa,1972,6.722
SWZ,Eswatini,Sub-Saharan Africa,1973,6.715
SWZ,Eswatini,Sub-Saharan Africa,1974,6.71
SWZ,Eswatini,Sub-Saharan Africa,1975,6.707
SWZ,Eswatini,Sub-Saharan Africa,1976,6.701
SWZ,Eswatini,Sub-Saharan Africa,1977,6.676
SWZ,Eswatini,Sub-Saharan Africa,1978,6.647
SWZ,Eswatini,Sub-Saharan Africa,1979,6.607
SWZ,Eswatini,Sub-Saharan Africa,1980,6.574
SWZ,Eswatini,Sub-Saharan Africa,1981,6.539
SWZ,Eswatini,Sub-Saharan Africa,1982,6.491
SWZ,Eswatini,Sub-Saharan Africa,1983,6.432
SWZ,Eswatini,Sub-Saharan Africa,1984,6.36
SWZ,Eswatini,Sub-Saharan Africa,1985,6.282
SWZ,Eswatini,Sub-Saharan Africa,1986,6.106
SWZ,Eswatini,Sub-Saharan Africa,1987,5.902
SWZ,Eswatini,Sub-Saharan Africa,1988,5.693
SWZ,Eswatini,Sub-Saharan Africa,1989,5.479
SWZ,Eswatini,Sub-Saharan Africa,1990,5.295
SWZ,Eswatini,Sub-Saharan Africa,1991,5.132
SWZ,Eswatini,Sub-Saharan Africa,1992,4.981
SWZ,Eswatini,Sub-Saharan Africa,1993,4.815
SWZ,Eswatini,Sub-Saharan Africa,1994,4.662
SWZ,Eswatini,Sub-Saharan Africa,1995,4.523
SWZ,Eswatini,Sub-Saharan Africa,1996,4.378
SWZ,Eswatini,Sub-Saharan Africa,1997,4.235
SWZ,Eswatini,Sub-Saharan Africa,1998,4.125
SWZ,Eswatini,Sub-Saharan Africa,1999,4.089
SWZ,Eswatini,Sub-Saharan Africa,2000,4.03
SWZ,Eswatini,Sub-Saharan Africa,2001,3.944
SWZ,Eswatini,Sub-Saharan Africa,2002,3.854
SWZ,Eswatini,Sub-Saharan Africa,2003,3.796
SWZ,Eswatini,Sub-Saharan Africa,2004,3.76
SWZ,Eswatini,Sub-Saharan Africa,2005,3.704
SWZ,Eswatini,Sub-Saharan Africa,2006,3.632
SWZ,Eswatini,Sub-Saharan Africa,2007,3.58
SWZ,Eswatini,Sub-Saharan Africa,2008,3.567
SWZ,Eswatini,Sub-Saharan Africa,2009,3.504
SWZ,Eswatini,Sub-Saharan Africa,2010,3.375
SWZ,Eswatini,Sub-Saharan Africa,2011,3.317
SWZ,Eswatini,Sub-Saharan Africa,2012,3.266
SWZ,Eswatini,Sub-Saharan Africa,2013,3.237
SWZ,Eswatini,Sub-Saharan Africa,2014,3.181
SWZ,Eswatini,Sub-Saharan Africa,2015,3.122
SWZ,Eswatini,Sub-Saharan Africa,2016,3.068
SWZ,Eswatini,Sub-Saharan Africa,2017,3.018
SWZ,Eswatini,Sub-Saharan Africa,2018,2.971
SWZ,Eswatini,Sub-Saharan Africa,2019,2.925
SWZ,Eswatini,Sub-Saharan Africa,2020,2.888
SWZ,Eswatini,Sub-Saharan Africa,2021,2.841
SWZ,Eswatini,Sub-Saharan Africa,2022,2.801
SWZ,Eswatini,Sub-Saharan Africa,2023,2.753
SWZ,Eswatini,Sub-Saharan Africa,2024,2.718
SXM,Sint Maarten (Dutch part),Latin America & Caribbean,1960,4.767
SXM,Sint Maarten (Dutch part),Latin America & Caribbean,1961,4.678
SXM,Sint Maarten (Dutch part),Latin America & Caribbean,1962,4.572
SXM,Sint Maarten (Dutch part),Latin America & Caribbean,1963,4.467
SXM,Sint Maarten (Dutch part),Latin America & Caribbean,1964,4.354
SXM,Sint Maarten (Dutch part),Latin America & Caribbean,1965,4.233
SXM,Sint Maarten (Dutch part),Latin America & Caribbean,1966,4.084
SXM,Sint Maarten (Dutch part),Latin America & Caribbean,1967,3.941
SXM,Sint Maarten (Dutch part),Latin America & Caribbean,1968,3.784
SXM,Sint Maarten (Dutch part),Latin America & Caribbean,1969,3.634
SXM,Sint Maarten (Dutch part),Latin America & Caribbean,1970,3.48
SXM,Sint Maarten (Dutch part),Latin America & Caribbean,1971,3.346
SXM,Sint Maarten (Dutch part),Latin America & Caribbean,1972,3.234
SXM,Sint Maarten (Dutch part),Latin America & Caribbean,1973,3.111
SXM,Sint Maarten (Dutch part),Latin America & Caribbean,1974,3.009
SXM,Sint Maarten (Dutch part),Latin America & Caribbean,1975,2.921
SXM,Sint Maarten (Dutch part),Latin America & Caribbean,1976,2.833
SXM,Sint Maarten (Dutch part),Latin America & Caribbean,1977,2.752
SXM,Sint Maarten (Dutch part),Latin America & Caribbean,1978,2.683
SXM,Sint Maarten (Dutch part),Latin America & Caribbean,1979,2.629
SXM,Sint Maarten (Dutch part),Latin America & Caribbean,1980,2.593
SXM,Sint Maarten (Dutch part),Latin America & Caribbean,1981,2.546
SXM,Sint Maarten (Dutch part),Latin America & Caribbean,1982,2.486
SXM,Sint Maarten (Dutch part),Latin America & Caribbean,1983,2.398
SXM,Sint Maarten (Dutch part),Latin America & Caribbean,1984,2.289
SXM,Sint Maarten (Dutch part),Latin America & Caribbean,1985,2.181
SXM,Sint Maarten (Dutch part),Latin America & Caribbean,1986,2.102
SXM,Sint Maarten (Dutch part),Latin America & Caribbean,1987,2.031
SXM,Sint Maarten (Dutch part),Latin America & Caribbean,1988,1.962
SXM,Sint Maarten (Dutch part),Latin America & Caribbean,1989,1.902
SXM,Sint Maarten (Dutch part),Latin America & Caribbean,1990,1.848
SXM,Sint Maarten (Dutch part),Latin America & Caribbean,1991,1.847
SXM,Sint Maarten (Dutch part),Latin America & Caribbean,1992,1.882
SXM,Sint Maarten (Dutch part),Latin America & Caribbean,1993,1.942
SXM,Sint Maarten (Dutch part),Latin America & Caribbean,1994,2.054
SXM,Sint Maarten (Dutch part),Latin America & Caribbean,1995,2.143
SXM,Sint Maarten (Dutch part),Latin America & Caribbean,1996,2.184
SXM,Sint Maarten (Dutch part),Latin America & Caribbean,1997,2.173
SXM,Sint Maarten (Dutch part),Latin America & Caribbean,1998,2.142
SXM,Sint Maarten (Dutch part),Latin America & Caribbean,1999,2.066
SXM,Sint Maarten (Dutch part),Latin America & Caribbean,2000,1.982
SXM,Sint Maarten (Dutch part),Latin America & Caribbean,2001,1.892
SXM,Sint Maarten (Dutch part),Latin America & Caribbean,2002,1.809
SXM,Sint Maarten (Dutch part),Latin America & Caribbean,2003,1.742
SXM,Sint Maarten (Dutch part),Latin America & Caribbean,2004,1.702
SXM,Sint Maarten (Dutch part),Latin America & Caribbean,2005,1.708
SXM,Sint Maarten (Dutch part),Latin America & Caribbean,2006,1.758
SXM,Sint Maarten (Dutch part),Latin America & Caribbean,2007,1.572
SXM,Sint Maarten (Dutch part),Latin America & Caribbean,2008,1.728
SXM,Sint Maarten (Dutch part),Latin America & Caribbean,2009,1.713
SXM,Sint Maarten (Dutch part),Latin America & Caribbean,2010,1.848
SXM,Sint Maarten (Dutch part),Latin America & Caribbean,2011,1.99
SXM,Sint Maarten (Dutch part),Latin America & Caribbean,2012,1.959
SXM,Sint Maarten (Dutch part),Latin America & Caribbean,2013,1.894
SXM,Sint Maarten (Dutch part),Latin America & Caribbean,2014,1.817
SXM,Sint Maarten (Dutch part),Latin America & Caribbean,2015,1.732
SXM,Sint Maarten (Dutch part),Latin America & Caribbean,2016,1.642
SXM,Sint Maarten (Dutch part),Latin America & Caribbean,2017,1.571
SXM,Sint Maarten (Dutch part),Latin America & Caribbean,2018,1.522
SXM,Sint Maarten (Dutch part),Latin America & Caribbean,2019,1.481
SXM,Sint Maarten (Dutch part),Latin America & Caribbean,2020,1.467
SXM,Sint Maarten (Dutch part),Latin America & Caribbean,2021,1.456
SXM,Sint Maarten (Dutch part),Latin America & Caribbean,2022,1.453
SXM,Sint Maarten (Dutch part),Latin America & Caribbean,2023,1.447
SXM,Sint Maarten (Dutch part),Latin America & Caribbean,2024,1.44
SYC,Seychelles,Sub-Saharan Africa,1960,5.313
SYC,Seychelles,Sub-Saharan Africa,1961,5.422
SYC,Seychelles,Sub-Saharan Africa,1962,5.513
SYC,Seychelles,Sub-Saharan Africa,1963,5.606
SYC,Seychelles,Sub-Saharan Africa,1964,5.694
SYC,Seychelles,Sub-Saharan Africa,1965,5.716
SYC,Seychelles,Sub-Saharan Africa,1966,6.126
SYC,Seychelles,Sub-Saharan Africa,1967,5.895
SYC,Seychelles,Sub-Saharan Africa,1968,5.614
SYC,Seychelles,Sub-Saharan Africa,1969,5.479
SYC,Seychelles,Sub-Saharan Africa,1970,5.307
SYC,Seychelles,Sub-Saharan Africa,1971,5.689
SYC,Seychelles,Sub-Saharan Africa,1972,5.155
SYC,Seychelles,Sub-Saharan Africa,1973,4.784
SYC,Seychelles,Sub-Saharan Africa,1974,5.099
SYC,Seychelles,Sub-Saharan Africa,1975,4.752
SYC,Seychelles,Sub-Saharan Africa,1976,4.086
SYC,Seychelles,Sub-Saharan Africa,1977,3.754
SYC,Seychelles,Sub-Saharan Africa,1978,3.919
SYC,Seychelles,Sub-Saharan Africa,1979,3.66
SYC,Seychelles,Sub-Saharan Africa,1980,3.79
SYC,Seychelles,Sub-Saharan Africa,1981,3.665
SYC,Seychelles,Sub-Saharan Africa,1982,3.131
SYC,Seychelles,Sub-Saharan Africa,1983,3.218
SYC,Seychelles,Sub-Saharan Africa,1984,3.24
SYC,Seychelles,Sub-Saharan Africa,1985,3.091
SYC,Seychelles,Sub-Saharan Africa,1986,3.074
SYC,Seychelles,Sub-Saharan Africa,1987,2.922
SYC,Seychelles,Sub-Saharan Africa,1988,2.789
SYC,Seychelles,Sub-Saharan Africa,1989,2.671
SYC,Seychelles,Sub-Saharan Africa,1990,2.607
SYC,Seychelles,Sub-Saharan Africa,1991,2.692
SYC,Seychelles,Sub-Saharan Africa,1992,2.526
SYC,Seychelles,Sub-Saharan Africa,1993,2.582
SYC,Seychelles,Sub-Saharan Africa,1994,2.597
SYC,Seychelles,Sub-Saharan Africa,1995,2.361
SYC,Seychelles,Sub-Saharan Africa,1996,2.311
SYC,Seychelles,Sub-Saharan Africa,1997,2.1
SYC,Seychelles,Sub-Saharan Africa,1998,2.04
SYC,Seychelles,Sub-Saharan Africa,1999,2.04
SYC,Seychelles,Sub-Saharan Africa,2000,2.08
SYC,Seychelles,Sub-Saharan Africa,2001,1.98
SYC,Seychelles,Sub-Saharan Africa,2002,2.04
SYC,Seychelles,Sub-Saharan Africa,2003,2.06
SYC,Seychelles,Sub-Saharan Africa,2004,2.01
SYC,Seychelles,Sub-Saharan Africa,2005,2.2
SYC,Seychelles,Sub-Saharan Africa,2006,2.11
SYC,Seychelles,Sub-Saharan Africa,2007,2.24
SYC,Seychelles,Sub-Saharan Africa,2008,2.33
SYC,Seychelles,Sub-Saharan Africa,2009,2.38
SYC,Seychelles,Sub-Saharan Africa,2010,2.13
SYC,Seychelles,Sub-Saharan Africa,2011,2.3
SYC,Seychelles,Sub-Saharan Africa,2012,2.32
SYC,Seychelles,Sub-Saharan Africa,2013,2.21
SYC,Seychelles,Sub-Saharan Africa,2014,2.19
SYC,Seychelles,Sub-Saharan Africa,2015,2.26
SYC,Seychelles,Sub-Saharan Africa,2016,2.33
SYC,Seychelles,Sub-Saharan Africa,2017,2.34
SYC,Seychelles,Sub-Saharan Africa,2018,2.34
SYC,Seychelles,Sub-Saharan Africa,2019,2.31
SYC,Seychelles,Sub-Saharan Africa,2020,2.2
SYC,Seychelles,Sub-Saharan Africa,2021,2.38
SYC,Seychelles,Sub-Saharan Africa,2022,2.2
SYC,Seychelles,Sub-Saharan Africa,2023,2.18
SYC,Seychelles,Sub-Saharan Africa,2024,1.85
SYR,Syrian Arab Republic,Middle East & North Africa,1960,7.505
SYR,Syrian Arab Republic,Middle East & North Africa,1961,7.502
SYR,Syrian Arab Republic,Middle East & North Africa,1962,7.51
SYR,Syrian Arab Republic,Middle East & North Africa,1963,7.511
SYR,Syrian Arab Republic,Middle East & North Africa,1964,7.525
SYR,Syrian Arab Republic,Middle East & North Africa,1965,7.532
SYR,Syrian Arab Republic,Middle East & North Africa,1966,7.552
SYR,Syrian Arab Republic,Middle East & North Africa,1967,7.556
SYR,Syrian Arab Republic,Middle East & North Africa,1968,7.569
SYR,Syrian Arab Republic,Middle East & North Africa,1969,7.586
SYR,Syrian Arab Republic,Middle East & North Africa,1970,7.621
SYR,Syrian Arab Republic,Middle East & North Africa,1971,7.6
SYR,Syrian Arab Republic,Middle East & North Africa,1972,7.573
SYR,Syrian Arab Republic,Middle East & North Africa,1973,7.548
SYR,Syrian Arab Republic,Middle East & North Africa,1974,7.52
SYR,Syrian Arab Republic,Middle East & North Africa,1975,7.486
SYR,Syrian Arab Republic,Middle East & North Africa,1976,7.448
SYR,Syrian Arab Republic,Middle East & North Africa,1977,7.418
SYR,Syrian Arab Republic,Middle East & North Africa,1978,7.345
SYR,Syrian Arab Republic,Middle East & North Africa,1979,7.247
SYR,Syrian Arab Republic,Middle East & North Africa,1980,7.119
SYR,Syrian Arab Republic,Middle East & North Africa,1981,6.974
SYR,Syrian Arab Republic,Middle East & North Africa,1982,6.811
SYR,Syrian Arab Republic,Middle East & North Africa,1983,6.692
SYR,Syrian Arab Republic,Middle East & North Africa,1984,6.586
SYR,Syrian Arab Republic,Middle East & North Africa,1985,6.484
SYR,Syrian Arab Republic,Middle East & North Africa,1986,6.365
SYR,Syrian Arab Republic,Middle East & North Africa,1987,6.201
SYR,Syrian Arab Republic,Middle East & North Africa,1988,5.999
SYR,Syrian Arab Republic,Middle East & North Africa,1989,5.777
SYR,Syrian Arab Republic,Middle East & North Africa,1990,5.561
SYR,Syrian Arab Republic,Middle East & North Africa,1991,5.342
SYR,Syrian Arab Republic,Middle East & North Africa,1992,5.141
SYR,Syrian Arab Republic,Middle East & North Africa,1993,4.994
SYR,Syrian Arab Republic,Middle East & North Africa,1994,4.856
SYR,Syrian Arab Republic,Middle East & North Africa,1995,4.697
SYR,Syrian Arab Republic,Middle East & North Africa,1996,4.536
SYR,Syrian Arab Republic,Middle East & North Africa,1997,4.371
SYR,Syrian Arab Republic,Middle East & North Africa,1998,4.25
SYR,Syrian Arab Republic,Middle East & North Africa,1999,4.144
SYR,Syrian Arab Republic,Middle East & North Africa,2000,4.068
SYR,Syrian Arab Republic,Middle East & North Africa,2001,3.976
SYR,Syrian Arab Republic,Middle East & North Africa,2002,3.865
SYR,Syrian Arab Republic,Middle East & North Africa,2003,3.763
SYR,Syrian Arab Republic,Middle East & North Africa,2004,3.679
SYR,Syrian Arab Republic,Middle East & North Africa,2005,3.605
SYR,Syrian Arab Republic,Middle East & North Africa,2006,3.562
SYR,Syrian Arab Republic,Middle East & North Africa,2007,3.538
SYR,Syrian Arab Republic,Middle East & North Africa,2008,3.481
SYR,Syrian Arab Republic,Middle East & North Africa,2009,3.415
SYR,Syrian Arab Republic,Middle East & North Africa,2010,3.355
SYR,Syrian Arab Republic,Middle East & North Africa,2011,3.285
SYR,Syrian Arab Republic,Middle East & North Africa,2012,3.221
SYR,Syrian Arab Republic,Middle East & North Africa,2013,3.165
SYR,Syrian Arab Republic,Middle East & North Africa,2014,3.117
SYR,Syrian Arab Republic,Middle East & North Africa,2015,3.067
SYR,Syrian Arab Republic,Middle East & North Africa,2016,3.012
SYR,Syrian Arab Republic,Middle East & North Africa,2017,2.972
SYR,Syrian Arab Republic,Middle East & North Africa,2018,2.932
SYR,Syrian Arab Republic,Middle East & North Africa,2019,2.878
SYR,Syrian Arab Republic,Middle East & North Africa,2020,2.837
SYR,Syrian Arab Republic,Middle East & North Africa,2021,2.798
SYR,Syrian Arab Republic,Middle East & North Africa,2022,2.746
SYR,Syrian Arab Republic,Middle East & North Africa,2023,2.712
SYR,Syrian Arab Republic,Middle East & North Africa,2024,2.7
TCA,Turks and Caicos Islands,Latin America & Caribbean,1960,5.991
TCA,Turks and Caicos Islands,Latin America & Caribbean,1961,5.907
TCA,Turks and Caicos Islands,Latin America & Caribbean,1962,5.816
TCA,Turks and Caicos Islands,Latin America & Caribbean,1963,5.719
TCA,Turks and Caicos Islands,Latin America & Caribbean,1964,5.608
TCA,Turks and Caicos Islands,Latin America & Caribbean,1965,5.502
TCA,Turks and Caicos Islands,Latin America & Caribbean,1966,5.435
TCA,Turks and Caicos Islands,Latin America & Caribbean,1967,5.395
TCA,Turks and Caicos Islands,Latin America & Caribbean,1968,5.397
TCA,Turks and Caicos Islands,Latin America & Caribbean,1969,5.311
TCA,Turks and Caicos Islands,Latin America & Caribbean,1970,5.229
TCA,Turks and Caicos Islands,Latin America & Caribbean,1971,5.141
TCA,Turks and Caicos Islands,Latin America & Caribbean,1972,5.027
TCA,Turks and Caicos Islands,Latin America & Caribbean,1973,4.913
TCA,Turks and Caicos Islands,Latin America & Caribbean,1974,4.793
TCA,Turks and Caicos Islands,Latin America & Caribbean,1975,4.687
TCA,Turks and Caicos Islands,Latin America & Caribbean,1976,4.624
TCA,Turks and Caicos Islands,Latin America & Caribbean,1977,4.553
TCA,Turks and Caicos Islands,Latin America & Caribbean,1978,4.485
TCA,Turks and Caicos Islands,Latin America & Caribbean,1979,4.43
TCA,Turks and Caicos Islands,Latin America & Caribbean,1980,4.37
TCA,Turks and Caicos Islands,Latin America & Caribbean,1981,4.291
TCA,Turks and Caicos Islands,Latin America & Caribbean,1982,4.192
TCA,Turks and Caicos Islands,Latin America & Caribbean,1983,4.085
TCA,Turks and Caicos Islands,Latin America & Caribbean,1984,3.986
TCA,Turks and Caicos Islands,Latin America & Caribbean,1985,3.908
TCA,Turks and Caicos Islands,Latin America & Caribbean,1986,3.789
TCA,Turks and Caicos Islands,Latin America & Caribbean,1987,3.653
TCA,Turks and Caicos Islands,Latin America & Caribbean,1988,3.499
TCA,Turks and Caicos Islands,Latin America & Caribbean,1989,3.335
TCA,Turks and Caicos Islands,Latin America & Caribbean,1990,3.189
TCA,Turks and Caicos Islands,Latin America & Caribbean,1991,3.053
TCA,Turks and Caicos Islands,Latin America & Caribbean,1992,2.939
TCA,Turks and Caicos Islands,Latin America & Caribbean,1993,2.842
TCA,Turks and Caicos Islands,Latin America & Caribbean,1994,2.756
TCA,Turks and Caicos Islands,Latin America & Caribbean,1995,2.699
TCA,Turks and Caicos Islands,Latin America & Caribbean,1996,2.649
TCA,Turks and Caicos Islands,Latin America & Caribbean,1997,2.581
TCA,Turks and Caicos Islands,Latin America & Caribbean,1998,2.52
TCA,Turks and Caicos Islands,Latin America & Caribbean,1999,2.464
TCA,Turks and Caicos Islands,Latin America & Caribbean,2000,2.406
TCA,Turks and Caicos Islands,Latin America & Caribbean,2001,2.342
TCA,Turks and Caicos Islands,Latin America & Caribbean,2002,2.242
TCA,Turks and Caicos Islands,Latin America & Caribbean,2003,2.176
TCA,Turks and Caicos Islands,Latin America & Caribbean,2004,2.136
TCA,Turks and Caicos Islands,Latin America & Caribbean,2005,2.106
TCA,Turks and Caicos Islands,Latin America & Caribbean,2006,2.078
TCA,Turks and Caicos Islands,Latin America & Caribbean,2007,2.049
TCA,Turks and Caicos Islands,Latin America & Caribbean,2008,2.005
TCA,Turks and Caicos Islands,Latin America & Caribbean,2009,1.959
TCA,Turks and Caicos Islands,Latin America & Caribbean,2010,1.907
TCA,Turks and Caicos Islands,Latin America & Caribbean,2011,1.859
TCA,Turks and Caicos Islands,Latin America & Caribbean,2012,1.805
TCA,Turks and Caicos Islands,Latin America & Caribbean,2013,1.752
TCA,Turks and Caicos Islands,Latin America & Caribbean,2014,1.729
TCA,Turks and Caicos Islands,Latin America & Caribbean,2015,1.718
TCA,Turks and Caicos Islands,Latin America & Caribbean,2016,1.713
TCA,Turks and Caicos Islands,Latin America & Caribbean,2017,1.704
TCA,Turks and Caicos Islands,Latin America & Caribbean,2018,1.677
TCA,Turks and Caicos Islands,Latin America & Caribbean,2019,1.617
TCA,Turks and Caicos Islands,Latin America & Caribbean,2020,1.552
TCA,Turks and Caicos Islands,Latin America & Caribbean,2021,1.501
TCA,Turks and Caicos Islands,Latin America & Caribbean,2022,1.477
TCA,Turks and Caicos Islands,Latin America & Caribbean,2023,1.463
TCA,Turks and Caicos Islands,Latin America & Caribbean,2024,1.452
TCD,Chad,Sub-Saharan Africa,1960,6.25
TCD,Chad,Sub-Saharan Africa,1961,6.268
TCD,Chad,Sub-Saharan Africa,1962,6.285
TCD,Chad,Sub-Saharan Africa,1963,6.301
TCD,Chad,Sub-Saharan Africa,1964,6.318
TCD,Chad,Sub-Saharan Africa,1965,6.337
TCD,Chad,Sub-Saharan Africa,1966,6.362
TCD,Chad,Sub-Saharan Africa,1967,6.393
TCD,Chad,Sub-Saharan Africa,1968,6.432
TCD,Chad,Sub-Saharan Africa,1969,6.477
TCD,Chad,Sub-Saharan Africa,1970,6.528
TCD,Chad,Sub-Saharan Africa,1971,6.582
TCD,Chad,Sub-Saharan Africa,1972,6.85
TCD,Chad,Sub-Saharan Africa,1973,6.869
TCD,Chad,Sub-Saharan Africa,1974,6.864
TCD,Chad,Sub-Saharan Africa,1975,6.876
TCD,Chad,Sub-Saharan Africa,1976,6.893
TCD,Chad,Sub-Saharan Africa,1977,6.896
TCD,Chad,Sub-Saharan Africa,1978,6.891
TCD,Chad,Sub-Saharan Africa,1979,6.905
TCD,Chad,Sub-Saharan Africa,1980,6.908
TCD,Chad,Sub-Saharan Africa,1981,6.942
TCD,Chad,Sub-Saharan Africa,1982,6.961
TCD,Chad,Sub-Saharan Africa,1983,6.979
TCD,Chad,Sub-Saharan Africa,1984,7.015
TCD,Chad,Sub-Saharan Africa,1985,7.037
TCD,Chad,Sub-Saharan Africa,1986,7.067
TCD,Chad,Sub-Saharan Africa,1987,7.105
TCD,Chad,Sub-Saharan Africa,1988,7.154
TCD,Chad,Sub-Saharan Africa,1989,7.186
TCD,Chad,Sub-Saharan Africa,1990,7.219
TCD,Chad,Sub-Saharan Africa,1991,7.261
TCD,Chad,Sub-Saharan Africa,1992,7.296
TCD,Chad,Sub-Saharan Africa,1993,7.337
TCD,Chad,Sub-Saharan Africa,1994,7.31
TCD,Chad,Sub-Saharan Africa,1995,7.29
TCD,Chad,Sub-Saharan Africa,1996,7.292
TCD,Chad,Sub-Saharan Africa,1997,7.274
TCD,Chad,Sub-Saharan Africa,1998,7.266
TCD,Chad,Sub-Saharan Africa,1999,7.262
TCD,Chad,Sub-Saharan Africa,2000,7.249
TCD,Chad,Sub-Saharan Africa,2001,7.231
TCD,Chad,Sub-Saharan Africa,2002,7.201
TCD,Chad,Sub-Saharan Africa,2003,7.179
TCD,Chad,Sub-Saharan Africa,2004,7.16
TCD,Chad,Sub-Saharan Africa,2005,7.134
TCD,Chad,Sub-Saharan Africa,2006,7.118
TCD,Chad,Sub-Saharan Africa,2007,7.092
TCD,Chad,Sub-Saharan Africa,2008,7.063
TCD,Chad,Sub-Saharan Africa,2009,7.021
TCD,Chad,Sub-Saharan Africa,2010,6.99
TCD,Chad,Sub-Saharan Africa,2011,6.948
TCD,Chad,Sub-Saharan Africa,2012,6.905
TCD,Chad,Sub-Saharan Africa,2013,6.839
TCD,Chad,Sub-Saharan Africa,2014,6.781
TCD,Chad,Sub-Saharan Africa,2015,6.706
TCD,Chad,Sub-Saharan Africa,2016,6.623
TCD,Chad,Sub-Saharan Africa,2017,6.537
TCD,Chad,Sub-Saharan Africa,2018,6.464
TCD,Chad,Sub-Saharan Africa,2019,6.412
TCD,Chad,Sub-Saharan Africa,2020,6.346
TCD,Chad,Sub-Saharan Africa,2021,6.255
TCD,Chad,Sub-Saharan Africa,2022,6.215
TCD,Chad,Sub-Saharan Africa,2023,6.12
TCD,Chad,Sub-Saharan Africa,2024,6.028
TGO,Togo,Sub-Saharan Africa,1960,6.797
TGO,Togo,Sub-Saharan Africa,1961,6.821
TGO,Togo,Sub-Saharan Africa,1962,6.857
TGO,Togo,Sub-Saharan Africa,1963,6.893
TGO,Togo,Sub-Saharan Africa,1964,6.916
TGO,Togo,Sub-Saharan Africa,1965,6.937
TGO,Togo,Sub-Saharan Africa,1966,6.956
TGO,Togo,Sub-Saharan Africa,1967,6.959
TGO,Togo,Sub-Saharan Africa,1968,6.97
TGO,Togo,Sub-Saharan Africa,1969,7.015
TGO,Togo,Sub-Saharan Africa,1970,7.035
TGO,Togo,Sub-Saharan Africa,1971,7.064
TGO,Togo,Sub-Saharan Africa,1972,7.069
TGO,Togo,Sub-Saharan Africa,1973,7.081
TGO,Togo,Sub-Saharan Africa,1974,7.09
TGO,Togo,Sub-Saharan Africa,1975,7.088
TGO,Togo,Sub-Saharan Africa,1976,7.063
TGO,Togo,Sub-Saharan Africa,1977,7.025
TGO,Togo,Sub-Saharan Africa,1978,6.983
TGO,Togo,Sub-Saharan Africa,1979,6.935
TGO,Togo,Sub-Saharan Africa,1980,6.876
TGO,Togo,Sub-Saharan Africa,1981,6.809
TGO,Togo,Sub-Saharan Africa,1982,6.725
TGO,Togo,Sub-Saharan Africa,1983,6.633
TGO,Togo,Sub-Saharan Africa,1984,6.542
TGO,Togo,Sub-Saharan Africa,1985,6.457
TGO,Togo,Sub-Saharan Africa,1986,6.382
TGO,Togo,Sub-Saharan Africa,1987,6.304
TGO,Togo,Sub-Saharan Africa,1988,6.228
TGO,Togo,Sub-Saharan Africa,1989,6.149
TGO,Togo,Sub-Saharan Africa,1990,6.067
TGO,Togo,Sub-Saharan Africa,1991,5.987
TGO,Togo,Sub-Saharan Africa,1992,5.886
TGO,Togo,Sub-Saharan Africa,1993,5.782
TGO,Togo,Sub-Saharan Africa,1994,5.672
TGO,Togo,Sub-Saharan Africa,1995,5.565
TGO,Togo,Sub-Saharan Africa,1996,5.459
TGO,Togo,Sub-Saharan Africa,1997,5.363
TGO,Togo,Sub-Saharan Africa,1998,5.288
TGO,Togo,Sub-Saharan Africa,1999,5.226
TGO,Togo,Sub-Saharan Africa,2000,5.165
TGO,Togo,Sub-Saharan Africa,2001,5.128
TGO,Togo,Sub-Saharan Africa,2002,5.092
TGO,Togo,Sub-Saharan Africa,2003,5.048
TGO,Togo,Sub-Saharan Africa,2004,4.995
TGO,Togo,Sub-Saharan Africa,2005,5.038
TGO,Togo,Sub-Saharan Africa,2006,5.076
TGO,Togo,Sub-Saharan Africa,2007,5.102
TGO,Togo,Sub-Saharan Africa,2008,5.1
TGO,Togo,Sub-Saharan Africa,2009,5.104
TGO,Togo,Sub-Saharan Africa,2010,5.087
TGO,Togo,Sub-Saharan Africa,2011,4.984
TGO,Togo,Sub-Saharan Africa,2012,4.854
TGO,Togo,Sub-Saharan Africa,2013,4.754
TGO,Togo,Sub-Saharan Africa,2014,4.702
TGO,Togo,Sub-Saharan Africa,2015,4.662
TGO,Togo,Sub-Saharan Africa,2016,4.634
TGO,Togo,Sub-Saharan Africa,2017,4.576
TGO,Togo,Sub-Saharan Africa,2018,4.513
TGO,Togo,Sub-Saharan Africa,2019,4.45
TGO,Togo,Sub-Saharan Africa,2020,4.386
TGO,Togo,Sub-Saharan Africa,2021,4.324
TGO,Togo,Sub-Saharan Africa,2022,4.253
TGO,Togo,Sub-Saharan Africa,2023,4.192
TGO,Togo,Sub-Saharan Africa,2024,4.122
THA,Thailand,East Asia & Pacific,1960,6.325
THA,Thailand,East Asia & Pacific,1961,6.324
THA,Thailand,East Asia & Pacific,1962,6.331
THA,Thailand,East Asia & Pacific,1963,6.342
THA,Thailand,East Asia & Pacific,1964,6.309
THA,Thailand,East Asia & Pacific,1965,6.258
THA,Thailand,East Asia & Pacific,1966,6.182
THA,Thailand,East Asia & Pacific,1967,6.077
THA,Thailand,East Asia & Pacific,1968,5.928
THA,Thailand,East Asia & Pacific,1969,5.704
THA,Thailand,East Asia & Pacific,1970,5.452
THA,Thailand,East Asia & Pacific,1971,5.253
THA,Thailand,East Asia & Pacific,1972,5.077
THA,Thailand,East Asia & Pacific,1973,4.845
THA,Thailand,East Asia & Pacific,1974,4.598
THA,Thailand,East Asia & Pacific,1975,4.364
THA,Thailand,East Asia & Pacific,1976,4.119
THA,Thailand,East Asia & Pacific,1977,3.865
THA,Thailand,East Asia & Pacific,1978,3.617
THA,Thailand,East Asia & Pacific,1979,3.451
THA,Thailand,East Asia & Pacific,1980,3.293
THA,Thailand,East Asia & Pacific,1981,3.127
THA,Thailand,East Asia & Pacific,1982,2.943
THA,Thailand,East Asia & Pacific,1983,2.755
THA,Thailand,East Asia & Pacific,1984,2.582
THA,Thailand,East Asia & Pacific,1985,2.45
THA,Thailand,East Asia & Pacific,1986,2.358
THA,Thailand,East Asia & Pacific,1987,2.255
THA,Thailand,East Asia & Pacific,1988,2.171
THA,Thailand,East Asia & Pacific,1989,2.136
THA,Thailand,East Asia & Pacific,1990,2.065
THA,Thailand,East Asia & Pacific,1991,2.036
THA,Thailand,East Asia & Pacific,1992,2.008
THA,Thailand,East Asia & Pacific,1993,1.967
THA,Thailand,East Asia & Pacific,1994,1.928
THA,Thailand,East Asia & Pacific,1995,1.888
THA,Thailand,East Asia & Pacific,1996,1.865
THA,Thailand,East Asia & Pacific,1997,1.845
THA,Thailand,East Asia & Pacific,1998,1.815
THA,Thailand,East Asia & Pacific,1999,1.768
THA,Thailand,East Asia & Pacific,2000,1.734
THA,Thailand,East Asia & Pacific,2001,1.711
THA,Thailand,East Asia & Pacific,2002,1.688
THA,Thailand,East Asia & Pacific,2003,1.673
THA,Thailand,East Asia & Pacific,2004,1.665
THA,Thailand,East Asia & Pacific,2005,1.644
THA,Thailand,East Asia & Pacific,2006,1.631
THA,Thailand,East Asia & Pacific,2007,1.616
THA,Thailand,East Asia & Pacific,2008,1.587
THA,Thailand,East Asia & Pacific,2009,1.565
THA,Thailand,East Asia & Pacific,2010,1.562
THA,Thailand,East Asia & Pacific,2011,1.571
THA,Thailand,East Asia & Pacific,2012,1.563
THA,Thailand,East Asia & Pacific,2013,1.526
THA,Thailand,East Asia & Pacific,2014,1.484
THA,Thailand,East Asia & Pacific,2015,1.451
THA,Thailand,East Asia & Pacific,2016,1.4
THA,Thailand,East Asia & Pacific,2017,1.363
THA,Thailand,East Asia & Pacific,2018,1.323
THA,Thailand,East Asia & Pacific,2019,1.285
THA,Thailand,East Asia & Pacific,2020,1.259
THA,Thailand,East Asia & Pacific,2021,1.234
THA,Thailand,East Asia & Pacific,2022,1.221
THA,Thailand,East Asia & Pacific,2023,1.212
THA,Thailand,East Asia & Pacific,2024,1.204
TJK,Tajikistan,Europe & Central Asia,1960,6.235
TJK,Tajikistan,Europe & Central Asia,1961,6.353
TJK,Tajikistan,Europe & Central Asia,1962,6.479
TJK,Tajikistan,Europe & Central Asia,1963,6.62
TJK,Tajikistan,Europe & Central Asia,1964,6.68
TJK,Tajikistan,Europe & Central Asia,1965,6.743
TJK,Tajikistan,Europe & Central Asia,1966,6.815
TJK,Tajikistan,Europe & Central Asia,1967,6.886
TJK,Tajikistan,Europe & Central Asia,1968,6.912
TJK,Tajikistan,Europe & Central Asia,1969,6.911
TJK,Tajikistan,Europe & Central Asia,1970,6.911
TJK,Tajikistan,Europe & Central Asia,1971,6.911
TJK,Tajikistan,Europe & Central Asia,1972,6.893
TJK,Tajikistan,Europe & Central Asia,1973,6.841
TJK,Tajikistan,Europe & Central Asia,1974,6.772
TJK,Tajikistan,Europe & Central Asia,1975,6.692
TJK,Tajikistan,Europe & Central Asia,1976,6.601
TJK,Tajikistan,Europe & Central Asia,1977,6.494
TJK,Tajikistan,Europe & Central Asia,1978,6.4
TJK,Tajikistan,Europe & Central Asia,1979,6.311
TJK,Tajikistan,Europe & Central Asia,1980,6.212
TJK,Tajikistan,Europe & Central Asia,1981,6.117
TJK,Tajikistan,Europe & Central Asia,1982,6.034
TJK,Tajikistan,Europe & Central Asia,1983,5.981
TJK,Tajikistan,Europe & Central Asia,1984,5.956
TJK,Tajikistan,Europe & Central Asia,1985,5.944
TJK,Tajikistan,Europe & Central Asia,1986,5.906
TJK,Tajikistan,Europe & Central Asia,1987,5.839
TJK,Tajikistan,Europe & Central Asia,1988,5.754
TJK,Tajikistan,Europe & Central Asia,1989,5.609
TJK,Tajikistan,Europe & Central Asia,1990,5.456
TJK,Tajikistan,Europe & Central Asia,1991,5.276
TJK,Tajikistan,Europe & Central Asia,1992,5.056
TJK,Tajikistan,Europe & Central Asia,1993,4.921
TJK,Tajikistan,Europe & Central Asia,1994,4.792
TJK,Tajikistan,Europe & Central Asia,1995,4.664
TJK,Tajikistan,Europe & Central Asia,1996,3.94
TJK,Tajikistan,Europe & Central Asia,1997,4.06
TJK,Tajikistan,Europe & Central Asia,1998,4.07
TJK,Tajikistan,Europe & Central Asia,1999,3.85
TJK,Tajikistan,Europe & Central Asia,2000,3.49
TJK,Tajikistan,Europe & Central Asia,2001,3.49
TJK,Tajikistan,Europe & Central Asia,2002,3.47
TJK,Tajikistan,Europe & Central Asia,2003,3.42
TJK,Tajikistan,Europe & Central Asia,2004,3.507
TJK,Tajikistan,Europe & Central Asia,2005,3.398
TJK,Tajikistan,Europe & Central Asia,2006,3.341
TJK,Tajikistan,Europe & Central Asia,2007,3.367
TJK,Tajikistan,Europe & Central Asia,2008,3.388
TJK,Tajikistan,Europe & Central Asia,2009,3.43
TJK,Tajikistan,Europe & Central Asia,2010,3.457
TJK,Tajikistan,Europe & Central Asia,2011,3.456
TJK,Tajikistan,Europe & Central Asia,2012,3.421
TJK,Tajikistan,Europe & Central Asia,2013,3.433
TJK,Tajikistan,Europe & Central Asia,2014,3.459
TJK,Tajikistan,Europe & Central Asia,2015,3.459
TJK,Tajikistan,Europe & Central Asia,2016,3.384
TJK,Tajikistan,Europe & Central Asia,2017,3.29
TJK,Tajikistan,Europe & Central Asia,2018,3.294
TJK,Tajikistan,Europe & Central Asia,2019,3.281
TJK,Tajikistan,Europe & Central Asia,2020,3.211
TJK,Tajikistan,Europe & Central Asia,2021,3.17
TJK,Tajikistan,Europe & Central Asia,2022,3.127
TJK,Tajikistan,Europe & Central Asia,2023,3.072
TJK,Tajikistan,Europe & Central Asia,2024,3.036
TKM,Turkmenistan,Europe & Central Asia,1960,6.59
TKM,Turkmenistan,Europe & Central Asia,1961,6.689
TKM,Turkmenistan,Europe & Central Asia,1962,6.756
TKM,Turkmenistan,Europe & Central Asia,1963,6.788
TKM,Turkmenistan,Europe & Central Asia,1964,6.787
TKM,Turkmenistan,Europe & Central Asia,1965,6.756
TKM,Turkmenistan,Europe & Central Asia,1966,6.703
TKM,Turkmenistan,Europe & Central Asia,1967,6.635
TKM,Turkmenistan,Europe & Central Asia,1968,6.56
TKM,Turkmenistan,Europe & Central Asia,1969,6.482
TKM,Turkmenistan,Europe & Central Asia,1970,6.404
TKM,Turkmenistan,Europe & Central Asia,1971,6.323
TKM,Turkmenistan,Europe & Central Asia,1972,6.2
TKM,Turkmenistan,Europe & Central Asia,1973,6.152
TKM,Turkmenistan,Europe & Central Asia,1974,6.087
TKM,Turkmenistan,Europe & Central Asia,1975,6.004
TKM,Turkmenistan,Europe & Central Asia,1976,5.901
TKM,Turkmenistan,Europe & Central Asia,1977,5.77
TKM,Turkmenistan,Europe & Central Asia,1978,5.61
TKM,Turkmenistan,Europe & Central Asia,1979,5.457
TKM,Turkmenistan,Europe & Central Asia,1980,5.303
TKM,Turkmenistan,Europe & Central Asia,1981,5.162
TKM,Turkmenistan,Europe & Central Asia,1982,5.042
TKM,Turkmenistan,Europe & Central Asia,1983,4.967
TKM,Turkmenistan,Europe & Central Asia,1984,4.964
TKM,Turkmenistan,Europe & Central Asia,1985,4.966
TKM,Turkmenistan,Europe & Central Asia,1986,4.936
TKM,Turkmenistan,Europe & Central Asia,1987,4.842
TKM,Turkmenistan,Europe & Central Asia,1988,4.675
TKM,Turkmenistan,Europe & Central Asia,1989,4.463
TKM,Turkmenistan,Europe & Central Asia,1990,4.288
TKM,Turkmenistan,Europe & Central Asia,1991,4.145
TKM,Turkmenistan,Europe & Central Asia,1992,3.957
TKM,Turkmenistan,Europe & Central Asia,1993,3.778
TKM,Turkmenistan,Europe & Central Asia,1994,3.623
TKM,Turkmenistan,Europe & Central Asia,1995,3.491
TKM,Turkmenistan,Europe & Central Asia,1996,3.292
TKM,Turkmenistan,Europe & Central Asia,1997,3.18
TKM,Turkmenistan,Europe & Central Asia,1998,3.075
TKM,Turkmenistan,Europe & Central Asia,1999,2.976
TKM,Turkmenistan,Europe & Central Asia,2000,2.9
TKM,Turkmenistan,Europe & Central Asia,2001,2.814
TKM,Turkmenistan,Europe & Central Asia,2002,2.71
TKM,Turkmenistan,Europe & Central Asia,2003,2.667
TKM,Turkmenistan,Europe & Central Asia,2004,2.674
TKM,Turkmenistan,Europe & Central Asia,2005,2.706
TKM,Turkmenistan,Europe & Central Asia,2006,2.724
TKM,Turkmenistan,Europe & Central Asia,2007,2.734
TKM,Turkmenistan,Europe & Central Asia,2008,2.75
TKM,Turkmenistan,Europe & Central Asia,2009,2.794
TKM,Turkmenistan,Europe & Central Asia,2010,2.848
TKM,Turkmenistan,Europe & Central Asia,2011,2.9
TKM,Turkmenistan,Europe & Central Asia,2012,2.955
TKM,Turkmenistan,Europe & Central Asia,2013,3.007
TKM,Turkmenistan,Europe & Central Asia,2014,3.023
TKM,Turkmenistan,Europe & Central Asia,2015,3.033
TKM,Turkmenistan,Europe & Central Asia,2016,2.99
TKM,Turkmenistan,Europe & Central Asia,2017,2.934
TKM,Turkmenistan,Europe & Central Asia,2018,2.875
TKM,Turkmenistan,Europe & Central Asia,2019,2.834
TKM,Turkmenistan,Europe & Central Asia,2020,2.793
TKM,Turkmenistan,Europe & Central Asia,2021,2.754
TKM,Turkmenistan,Europe & Central Asia,2022,2.728
TKM,Turkmenistan,Europe & Central Asia,2023,2.69
TKM,Turkmenistan,Europe & Central Asia,2024,2.661
TLS,Timor-Leste,East Asia & Pacific,1960,6.319
TLS,Timor-Leste,East Asia & Pacific,1961,6.273
TLS,Timor-Leste,East Asia & Pacific,1962,6.218
TLS,Timor-Leste,East Asia & Pacific,1963,6.155
TLS,Timor-Leste,East Asia & Pacific,1964,6.084
TLS,Timor-Leste,East Asia & Pacific,1965,6.008
TLS,Timor-Leste,East Asia & Pacific,1966,5.932
TLS,Timor-Leste,East Asia & Pacific,1967,5.858
TLS,Timor-Leste,East Asia & Pacific,1968,5.788
TLS,Timor-Leste,East Asia & Pacific,1969,5.722
TLS,Timor-Leste,East Asia & Pacific,1970,5.655
TLS,Timor-Leste,East Asia & Pacific,1971,5.58
TLS,Timor-Leste,East Asia & Pacific,1972,5.492
TLS,Timor-Leste,East Asia & Pacific,1973,5.392
TLS,Timor-Leste,East Asia & Pacific,1974,5.287
TLS,Timor-Leste,East Asia & Pacific,1975,5.19
TLS,Timor-Leste,East Asia & Pacific,1976,5.119
TLS,Timor-Leste,East Asia & Pacific,1977,5.085
TLS,Timor-Leste,East Asia & Pacific,1978,5.094
TLS,Timor-Leste,East Asia & Pacific,1979,5.142
TLS,Timor-Leste,East Asia & Pacific,1980,5.219
TLS,Timor-Leste,East Asia & Pacific,1981,5.525
TLS,Timor-Leste,East Asia & Pacific,1982,5.555
TLS,Timor-Leste,East Asia & Pacific,1983,5.586
TLS,Timor-Leste,East Asia & Pacific,1984,5.614
TLS,Timor-Leste,East Asia & Pacific,1985,5.65
TLS,Timor-Leste,East Asia & Pacific,1986,5.672
TLS,Timor-Leste,East Asia & Pacific,1987,5.682
TLS,Timor-Leste,East Asia & Pacific,1988,5.716
TLS,Timor-Leste,East Asia & Pacific,1989,5.762
TLS,Timor-Leste,East Asia & Pacific,1990,5.811
TLS,Timor-Leste,East Asia & Pacific,1991,5.835
TLS,Timor-Leste,East Asia & Pacific,1992,5.867
TLS,Timor-Leste,East Asia & Pacific,1993,5.879
TLS,Timor-Leste,East Asia & Pacific,1994,5.912
TLS,Timor-Leste,East Asia & Pacific,1995,5.936
TLS,Timor-Leste,East Asia & Pacific,1996,5.941
TLS,Timor-Leste,East Asia & Pacific,1997,5.955
TLS,Timor-Leste,East Asia & Pacific,1998,5.963
TLS,Timor-Leste,East Asia & Pacific,1999,5.97
TLS,Timor-Leste,East Asia & Pacific,2000,5.934
TLS,Timor-Leste,East Asia & Pacific,2001,5.918
TLS,Timor-Leste,East Asia & Pacific,2002,5.899
TLS,Timor-Leste,East Asia & Pacific,2003,5.846
TLS,Timor-Leste,East Asia & Pacific,2004,5.741
TLS,Timor-Leste,East Asia & Pacific,2005,5.611
TLS,Timor-Leste,East Asia & Pacific,2006,5.474
TLS,Timor-Leste,East Asia & Pacific,2007,5.333
TLS,Timor-Leste,East Asia & Pacific,2008,5.171
TLS,Timor-Leste,East Asia & Pacific,2009,4.994
TLS,Timor-Leste,East Asia & Pacific,2010,4.816
TLS,Timor-Leste,East Asia & Pacific,2011,4.614
TLS,Timor-Leste,East Asia & Pacific,2012,4.404
TLS,Timor-Leste,East Asia & Pacific,2013,4.208
TLS,Timor-Leste,East Asia & Pacific,2014,3.999
TLS,Timor-Leste,East Asia & Pacific,2015,3.779
TLS,Timor-Leste,East Asia & Pacific,2016,3.582
TLS,Timor-Leste,East Asia & Pacific,2017,3.399
TLS,Timor-Leste,East Asia & Pacific,2018,3.244
TLS,Timor-Leste,East Asia & Pacific,2019,3.116
TLS,Timor-Leste,East Asia & Pacific,2020,3.011
TLS,Timor-Leste,East Asia & Pacific,2021,2.892
TLS,Timor-Leste,East Asia & Pacific,2022,2.801
TLS,Timor-Leste,East Asia & Pacific,2023,2.707
TLS,Timor-Leste,East Asia & Pacific,2024,2.627
TON,Tonga,East Asia & Pacific,1960,6.651
TON,Tonga,East Asia & Pacific,1961,6.61
TON,Tonga,East Asia & Pacific,1962,6.571
TON,Tonga,East Asia & Pacific,1963,6.517
TON,Tonga,East Asia & Pacific,1964,6.464
TON,Tonga,East Asia & Pacific,1965,6.408
TON,Tonga,East Asia & Pacific,1966,6.349
TON,Tonga,East Asia & Pacific,1967,6.293
TON,Tonga,East Asia & Pacific,1968,6.226
TON,Tonga,East Asia & Pacific,1969,6.166
TON,Tonga,East Asia & Pacific,1970,6.071
TON,Tonga,East Asia & Pacific,1971,5.958
TON,Tonga,East Asia & Pacific,1972,5.862
TON,Tonga,East Asia & Pacific,1973,5.801
TON,Tonga,East Asia & Pacific,1974,5.765
TON,Tonga,East Asia & Pacific,1975,5.746
TON,Tonga,East Asia & Pacific,1976,5.726
TON,Tonga,East Asia & Pacific,1977,5.699
TON,Tonga,East Asia & Pacific,1978,5.684
TON,Tonga,East Asia & Pacific,1979,5.647
TON,Tonga,East Asia & Pacific,1980,5.599
TON,Tonga,East Asia & Pacific,1981,5.554
TON,Tonga,East Asia & Pacific,1982,5.497
TON,Tonga,East Asia & Pacific,1983,5.45
TON,Tonga,East Asia & Pacific,1984,5.407
TON,Tonga,East Asia & Pacific,1985,5.344
TON,Tonga,East Asia & Pacific,1986,5.273
TON,Tonga,East Asia & Pacific,1987,5.192
TON,Tonga,East Asia & Pacific,1988,5.103
TON,Tonga,East Asia & Pacific,1989,5.006
TON,Tonga,East Asia & Pacific,1990,4.929
TON,Tonga,East Asia & Pacific,1991,4.852
TON,Tonga,East Asia & Pacific,1992,4.787
TON,Tonga,East Asia & Pacific,1993,4.726
TON,Tonga,East Asia & Pacific,1994,4.658
TON,Tonga,East Asia & Pacific,1995,4.563
TON,Tonga,East Asia & Pacific,1996,4.455
TON,Tonga,East Asia & Pacific,1997,4.378
TON,Tonga,East Asia & Pacific,1998,4.309
TON,Tonga,East Asia & Pacific,1999,4.228
TON,Tonga,East Asia & Pacific,2000,4.159
TON,Tonga,East Asia & Pacific,2001,4.127
TON,Tonga,East Asia & Pacific,2002,4.138
TON,Tonga,East Asia & Pacific,2003,4.175
TON,Tonga,East Asia & Pacific,2004,4.186
TON,Tonga,East Asia & Pacific,2005,4.195
TON,Tonga,East Asia & Pacific,2006,4.141
TON,Tonga,East Asia & Pacific,2007,4.086
TON,Tonga,East Asia & Pacific,2008,4.012
TON,Tonga,East Asia & Pacific,2009,3.946
TON,Tonga,East Asia & Pacific,2010,3.879
TON,Tonga,East Asia & Pacific,2011,3.829
TON,Tonga,East Asia & Pacific,2012,3.768
TON,Tonga,East Asia & Pacific,2013,3.696
TON,Tonga,East Asia & Pacific,2014,3.619
TON,Tonga,East Asia & Pacific,2015,3.54
TON,Tonga,East Asia & Pacific,2016,3.463
TON,Tonga,East Asia & Pacific,2017,3.388
TON,Tonga,East Asia & Pacific,2018,3.326
TON,Tonga,East Asia & Pacific,2019,3.274
TON,Tonga,East Asia & Pacific,2020,3.234
TON,Tonga,East Asia & Pacific,2021,3.198
TON,Tonga,East Asia & Pacific,2022,3.171
TON,Tonga,East Asia & Pacific,2023,3.129
TON,Tonga,East Asia & Pacific,2024,3.1
TTO,Trinidad and Tobago,Latin America & Caribbean,1960,5.405
TTO,Trinidad and Tobago,Latin America & Caribbean,1961,5.405
TTO,Trinidad and Tobago,Latin America & Caribbean,1962,5.358
TTO,Trinidad and Tobago,Latin America & Caribbean,1963,5.242
TTO,Trinidad and Tobago,Latin America & Caribbean,1964,5.081
TTO,Trinidad and Tobago,Latin America & Caribbean,1965,4.88
TTO,Trinidad and Tobago,Latin America & Caribbean,1966,4.62
TTO,Trinidad and Tobago,Latin America & Caribbean,1967,4.35
TTO,Trinidad and Tobago,Latin America & Caribbean,1968,4.106
TTO,Trinidad and Tobago,Latin America & Caribbean,1969,3.856
TTO,Trinidad and Tobago,Latin America & Caribbean,1970,3.709
TTO,Trinidad and Tobago,Latin America & Caribbean,1971,3.612
TTO,Trinidad and Tobago,Latin America & Caribbean,1972,3.551
TTO,Trinidad and Tobago,Latin America & Caribbean,1973,3.466
TTO,Trinidad and Tobago,Latin America & Caribbean,1974,3.319
TTO,Trinidad and Tobago,Latin America & Caribbean,1975,3.214
TTO,Trinidad and Tobago,Latin America & Caribbean,1976,3.138
TTO,Trinidad and Tobago,Latin America & Caribbean,1977,3.121
TTO,Trinidad and Tobago,Latin America & Caribbean,1978,3.129
TTO,Trinidad and Tobago,Latin America & Caribbean,1979,3.126
TTO,Trinidad and Tobago,Latin America & Caribbean,1980,3.145
TTO,Trinidad and Tobago,Latin America & Caribbean,1981,3.133
TTO,Trinidad and Tobago,Latin America & Caribbean,1982,3.108
TTO,Trinidad and Tobago,Latin America & Caribbean,1983,3.07
TTO,Trinidad and Tobago,Latin America & Caribbean,1984,3.017
TTO,Trinidad and Tobago,Latin America & Caribbean,1985,2.988
TTO,Trinidad and Tobago,Latin America & Caribbean,1986,2.903
TTO,Trinidad and Tobago,Latin America & Caribbean,1987,2.775
TTO,Trinidad and Tobago,Latin America & Caribbean,1988,2.646
TTO,Trinidad and Tobago,Latin America & Caribbean,1989,2.526
TTO,Trinidad and Tobago,Latin America & Caribbean,1990,2.394
TTO,Trinidad and Tobago,Latin America & Caribbean,1991,2.29
TTO,Trinidad and Tobago,Latin America & Caribbean,1992,2.213
TTO,Trinidad and Tobago,Latin America & Caribbean,1993,2.129
TTO,Trinidad and Tobago,Latin America & Caribbean,1994,2.064
TTO,Trinidad and Tobago,Latin America & Caribbean,1995,1.967
TTO,Trinidad and Tobago,Latin America & Caribbean,1996,1.894
TTO,Trinidad and Tobago,Latin America & Caribbean,1997,1.831
TTO,Trinidad and Tobago,Latin America & Caribbean,1998,1.784
TTO,Trinidad and Tobago,Latin America & Caribbean,1999,1.76
TTO,Trinidad and Tobago,Latin America & Caribbean,2000,1.732
TTO,Trinidad and Tobago,Latin America & Caribbean,2001,1.705
TTO,Trinidad and Tobago,Latin America & Caribbean,2002,1.672
TTO,Trinidad and Tobago,Latin America & Caribbean,2003,1.648
TTO,Trinidad and Tobago,Latin America & Caribbean,2004,1.627
TTO,Trinidad and Tobago,Latin America & Caribbean,2005,1.625
TTO,Trinidad and Tobago,Latin America & Caribbean,2006,1.624
TTO,Trinidad and Tobago,Latin America & Caribbean,2007,1.622
TTO,Trinidad and Tobago,Latin America & Caribbean,2008,1.617
TTO,Trinidad and Tobago,Latin America & Caribbean,2009,1.618
TTO,Trinidad and Tobago,Latin America & Caribbean,2010,1.614
TTO,Trinidad and Tobago,Latin America & Caribbean,2011,1.611
TTO,Trinidad and Tobago,Latin America & Caribbean,2012,1.609
TTO,Trinidad and Tobago,Latin America & Caribbean,2013,1.603
TTO,Trinidad and Tobago,Latin America & Caribbean,2014,1.602
TTO,Trinidad and Tobago,Latin America & Caribbean,2015,1.598
TTO,Trinidad and Tobago,Latin America & Caribbean,2016,1.601
TTO,Trinidad and Tobago,Latin America & Caribbean,2017,1.594
TTO,Trinidad and Tobago,Latin America & Caribbean,2018,1.588
TTO,Trinidad and Tobago,Latin America & Caribbean,2019,1.578
TTO,Trinidad and Tobago,Latin America & Caribbean,2020,1.572
TTO,Trinidad and Tobago,Latin America & Caribbean,2021,1.559
TTO,Trinidad and Tobago,Latin America & Caribbean,2022,1.544
TTO,Trinidad and Tobago,Latin America & Caribbean,2023,1.532
TTO,Trinidad and Tobago,Latin America & Caribbean,2024,1.536
TUN,Tunisia,Middle East & North Africa,1960,7.157
TUN,Tunisia,Middle East & North Africa,1961,7.159
TUN,Tunisia,Middle East & North Africa,1962,7.168
TUN,Tunisia,Middle East & North Africa,1963,7.17
TUN,Tunisia,Middle East & North Africa,1964,7.166
TUN,Tunisia,Middle East & North Africa,1965,7.113
TUN,Tunisia,Middle East & North Africa,1966,7.055
TUN,Tunisia,Middle East & North Africa,1967,6.952
TUN,Tunisia,Middle East & North Africa,1968,6.806
TUN,Tunisia,Middle East & North Africa,1969,6.623
TUN,Tunisia,Middle East & North Africa,1970,6.426
TUN,Tunisia,Middle East & North Africa,1971,6.29
TUN,Tunisia,Middle East & North Africa,1972,6.187
TUN,Tunisia,Middle East & North Africa,1973,6.12
TUN,Tunisia,Middle East & North Africa,1974,6.048
TUN,Tunisia,Middle East & North Africa,1975,5.972
TUN,Tunisia,Middle East & North Africa,1976,5.873
TUN,Tunisia,Middle East & North Africa,1977,5.681
TUN,Tunisia,Middle East & North Africa,1978,5.401
TUN,Tunisia,Middle East & North Africa,1979,5.184
TUN,Tunisia,Middle East & North Africa,1980,5.033
TUN,Tunisia,Middle East & North Africa,1981,5.023
TUN,Tunisia,Middle East & North Africa,1982,4.89
TUN,Tunisia,Middle East & North Africa,1983,4.771
TUN,Tunisia,Middle East & North Africa,1984,4.664
TUN,Tunisia,Middle East & North Africa,1985,4.521
TUN,Tunisia,Middle East & North Africa,1986,4.361
TUN,Tunisia,Middle East & North Africa,1987,4.104
TUN,Tunisia,Middle East & North Africa,1988,3.833
TUN,Tunisia,Middle East & North Africa,1989,3.569
TUN,Tunisia,Middle East & North Africa,1990,3.441
TUN,Tunisia,Middle East & North Africa,1991,3.31
TUN,Tunisia,Middle East & North Africa,1992,3.189
TUN,Tunisia,Middle East & North Africa,1993,3.058
TUN,Tunisia,Middle East & North Africa,1994,2.874
TUN,Tunisia,Middle East & North Africa,1995,2.67
TUN,Tunisia,Middle East & North Africa,1996,2.488
TUN,Tunisia,Middle East & North Africa,1997,2.338
TUN,Tunisia,Middle East & North Africa,1998,2.197
TUN,Tunisia,Middle East & North Africa,1999,2.082
TUN,Tunisia,Middle East & North Africa,2000,2.025
TUN,Tunisia,Middle East & North Africa,2001,1.975
TUN,Tunisia,Middle East & North Africa,2002,1.941
TUN,Tunisia,Middle East & North Africa,2003,1.956
TUN,Tunisia,Middle East & North Africa,2004,1.95
TUN,Tunisia,Middle East & North Africa,2005,1.953
TUN,Tunisia,Middle East & North Africa,2006,1.952
TUN,Tunisia,Middle East & North Africa,2007,1.957
TUN,Tunisia,Middle East & North Africa,2008,1.975
TUN,Tunisia,Middle East & North Africa,2009,2.004
TUN,Tunisia,Middle East & North Africa,2010,2.075
TUN,Tunisia,Middle East & North Africa,2011,2.189
TUN,Tunisia,Middle East & North Africa,2012,2.277
TUN,Tunisia,Middle East & North Africa,2013,2.31
TUN,Tunisia,Middle East & North Africa,2014,2.316
TUN,Tunisia,Middle East & North Africa,2015,2.306
TUN,Tunisia,Middle East & North Africa,2016,2.275
TUN,Tunisia,Middle East & North Africa,2017,2.205
TUN,Tunisia,Middle East & North Africa,2018,2.133
TUN,Tunisia,Middle East & North Africa,2019,2.1
TUN,Tunisia,Middle East & North Africa,2020,2.0
TUN,Tunisia,Middle East & North Africa,2021,1.8
TUN,Tunisia,Middle East & North Africa,2022,1.847
TUN,Tunisia,Middle East & North Africa,2023,1.832
TUN,Tunisia,Middle East & North Africa,2024,1.818
TUR,Turkiye,Europe & Central Asia,1960,6.383
TUR,Turkiye,Europe & Central Asia,1961,6.419
TUR,Turkiye,Europe & Central Asia,1962,6.382
TUR,Turkiye,Europe & Central Asia,1963,6.339
TUR,Turkiye,Europe & Central Asia,1964,6.291
TUR,Turkiye,Europe & Central Asia,1965,6.22
TUR,Turkiye,Europe & Central Asia,1966,6.152
TUR,Turkiye,Europe & Central Asia,1967,6.057
TUR,Turkiye,Europe & Central Asia,1968,5.962
TUR,Turkiye,Europe & Central Asia,1969,5.872
TUR,Turkiye,Europe & Central Asia,1970,5.775
TUR,Turkiye,Europe & Central Asia,1971,5.671
TUR,Turkiye,Europe & Central Asia,1972,5.548
TUR,Turkiye,Europe & Central Asia,1973,5.41
TUR,Turkiye,Europe & Central Asia,1974,5.243
TUR,Turkiye,Europe & Central Asia,1975,5.087
TUR,Turkiye,Europe & Central Asia,1976,4.931
TUR,Turkiye,Europe & Central Asia,1977,4.784
TUR,Turkiye,Europe & Central Asia,1978,4.691
TUR,Turkiye,Europe & Central Asia,1979,4.579
TUR,Turkiye,Europe & Central Asia,1980,4.453
TUR,Turkiye,Europe & Central Asia,1981,4.351
TUR,Turkiye,Europe & Central Asia,1982,4.205
TUR,Turkiye,Europe & Central Asia,1983,4.056
TUR,Turkiye,Europe & Central Asia,1984,3.911
TUR,Turkiye,Europe & Central Asia,1985,3.779
TUR,Turkiye,Europe & Central Asia,1986,3.658
TUR,Turkiye,Europe & Central Asia,1987,3.542
TUR,Turkiye,Europe & Central Asia,1988,3.445
TUR,Turkiye,Europe & Central Asia,1989,3.336
TUR,Turkiye,Europe & Central Asia,1990,3.107
TUR,Turkiye,Europe & Central Asia,1991,3.003
TUR,Turkiye,Europe & Central Asia,1992,2.939
TUR,Turkiye,Europe & Central Asia,1993,2.916
TUR,Turkiye,Europe & Central Asia,1994,2.874
TUR,Turkiye,Europe & Central Asia,1995,2.835
TUR,Turkiye,Europe & Central Asia,1996,2.779
TUR,Turkiye,Europe & Central Asia,1997,2.744
TUR,Turkiye,Europe & Central Asia,1998,2.707
TUR,Turkiye,Europe & Central Asia,1999,2.63
TUR,Turkiye,Europe & Central Asia,2000,2.487
TUR,Turkiye,Europe & Central Asia,2001,2.392
TUR,Turkiye,Europe & Central Asia,2002,2.268
TUR,Turkiye,Europe & Central Asia,2003,2.202
TUR,Turkiye,Europe & Central Asia,2004,2.197
TUR,Turkiye,Europe & Central Asia,2005,2.197
TUR,Turkiye,Europe & Central Asia,2006,2.193
TUR,Turkiye,Europe & Central Asia,2007,2.16
TUR,Turkiye,Europe & Central Asia,2008,2.15
TUR,Turkiye,Europe & Central Asia,2009,2.1
TUR,Turkiye,Europe & Central Asia,2010,2.08
TUR,Turkiye,Europe & Central Asia,2011,2.05
TUR,Turkiye,Europe & Central Asia,2012,2.11
TUR,Turkiye,Europe & Central Asia,2013,2.11
TUR,Turkiye,Europe & Central Asia,2014,2.19
TUR,Turkiye,Europe & Central Asia,2015,2.16
TUR,Turkiye,Europe & Central Asia,2016,2.11
TUR,Turkiye,Europe & Central Asia,2017,2.08
TUR,Turkiye,Europe & Central Asia,2018,2.0
TUR,Turkiye,Europe & Central Asia,2019,1.89
TUR,Turkiye,Europe & Central Asia,2020,1.77
TUR,Turkiye,Europe & Central Asia,2021,1.71
TUR,Turkiye,Europe & Central Asia,2022,1.63
TUR,Turkiye,Europe & Central Asia,2023,1.51
TUR,Turkiye,Europe & Central Asia,2024,1.48
TUV,Tuvalu,East Asia & Pacific,1960,5.146
TUV,Tuvalu,East Asia & Pacific,1961,5.089
TUV,Tuvalu,East Asia & Pacific,1962,5.004
TUV,Tuvalu,East Asia & Pacific,1963,4.914
TUV,Tuvalu,East Asia & Pacific,1964,4.826
TUV,Tuvalu,East Asia & Pacific,1965,4.726
TUV,Tuvalu,East Asia & Pacific,1966,4.637
TUV,Tuvalu,East Asia & Pacific,1967,4.494
TUV,Tuvalu,East Asia & Pacific,1968,4.361
TUV,Tuvalu,East Asia & Pacific,1969,4.227
TUV,Tuvalu,East Asia & Pacific,1970,4.081
TUV,Tuvalu,East Asia & Pacific,1971,3.944
TUV,Tuvalu,East Asia & Pacific,1972,3.806
TUV,Tuvalu,East Asia & Pacific,1973,3.712
TUV,Tuvalu,East Asia & Pacific,1974,3.633
TUV,Tuvalu,East Asia & Pacific,1975,3.578
TUV,Tuvalu,East Asia & Pacific,1976,3.554
TUV,Tuvalu,East Asia & Pacific,1977,3.555
TUV,Tuvalu,East Asia & Pacific,1978,3.59
TUV,Tuvalu,East Asia & Pacific,1979,3.645
TUV,Tuvalu,East Asia & Pacific,1980,3.73
TUV,Tuvalu,East Asia & Pacific,1981,3.804
TUV,Tuvalu,East Asia & Pacific,1982,3.877
TUV,Tuvalu,East Asia & Pacific,1983,3.912
TUV,Tuvalu,East Asia & Pacific,1984,3.946
TUV,Tuvalu,East Asia & Pacific,1985,3.973
TUV,Tuvalu,East Asia & Pacific,1986,3.973
TUV,Tuvalu,East Asia & Pacific,1987,3.941
TUV,Tuvalu,East Asia & Pacific,1988,3.881
TUV,Tuvalu,East Asia & Pacific,1989,3.797
TUV,Tuvalu,East Asia & Pacific,1990,3.75
TUV,Tuvalu,East Asia & Pacific,1991,3.789
TUV,Tuvalu,East Asia & Pacific,1992,3.86
TUV,Tuvalu,East Asia & Pacific,1993,3.922
TUV,Tuvalu,East Asia & Pacific,1994,3.923
TUV,Tuvalu,East Asia & Pacific,1995,3.963
TUV,Tuvalu,East Asia & Pacific,1996,3.951
TUV,Tuvalu,East Asia & Pacific,1997,3.952
TUV,Tuvalu,East Asia & Pacific,1998,3.951
TUV,Tuvalu,East Asia & Pacific,1999,3.919
TUV,Tuvalu,East Asia & Pacific,2000,3.841
TUV,Tuvalu,East Asia & Pacific,2001,3.749
TUV,Tuvalu,East Asia & Pacific,2002,3.637
TUV,Tuvalu,East Asia & Pacific,2003,3.579
TUV,Tuvalu,East Asia & Pacific,2004,3.553
TUV,Tuvalu,East Asia & Pacific,2005,3.546
TUV,Tuvalu,East Asia & Pacific,2006,3.525
TUV,Tuvalu,East Asia & Pacific,2007,3.446
TUV,Tuvalu,East Asia & Pacific,2008,3.415
TUV,Tuvalu,East Asia & Pacific,2009,3.425
TUV,Tuvalu,East Asia & Pacific,2010,3.442
TUV,Tuvalu,East Asia & Pacific,2011,3.463
TUV,Tuvalu,East Asia & Pacific,2012,3.47
TUV,Tuvalu,East Asia & Pacific,2013,3.389
TUV,Tuvalu,East Asia & Pacific,2014,3.33
TUV,Tuvalu,East Asia & Pacific,2015,3.308
TUV,Tuvalu,East Asia & Pacific,2016,3.297
TUV,Tuvalu,East Asia & Pacific,2017,3.301
TUV,Tuvalu,East Asia & Pacific,2018,3.328
TUV,Tuvalu,East Asia & Pacific,2019,3.331
TUV,Tuvalu,East Asia & Pacific,2020,3.309
TUV,Tuvalu,East Asia & Pacific,2021,3.277
TUV,Tuvalu,East Asia & Pacific,2022,3.244
TUV,Tuvalu,East Asia & Pacific,2023,3.208
TUV,Tuvalu,East Asia & Pacific,2024,3.174
TZA,Tanzania,Sub-Saharan Africa,1960,6.536
TZA,Tanzania,Sub-Saharan Africa,1961,6.562
TZA,Tanzania,Sub-Saharan Africa,1962,6.605
TZA,Tanzania,Sub-Saharan Africa,1963,6.647
TZA,Tanzania,Sub-Saharan Africa,1964,6.68
TZA,Tanzania,Sub-Saharan Africa,1965,6.727
TZA,Tanzania,Sub-Saharan Africa,1966,6.804
TZA,Tanzania,Sub-Saharan Africa,1967,6.864
TZA,Tanzania,Sub-Saharan Africa,1968,6.9
TZA,Tanzania,Sub-Saharan Africa,1969,6.954
TZA,Tanzania,Sub-Saharan Africa,1970,7.001
TZA,Tanzania,Sub-Saharan Africa,1971,7.044
TZA,Tanzania,Sub-Saharan Africa,1972,7.052
TZA,Tanzania,Sub-Saharan Africa,1973,7.062
TZA,Tanzania,Sub-Saharan Africa,1974,7.123
TZA,Tanzania,Sub-Saharan Africa,1975,7.101
TZA,Tanzania,Sub-Saharan Africa,1976,7.086
TZA,Tanzania,Sub-Saharan Africa,1977,7.072
TZA,Tanzania,Sub-Saharan Africa,1978,7.06
TZA,Tanzania,Sub-Saharan Africa,1979,7.043
TZA,Tanzania,Sub-Saharan Africa,1980,6.991
TZA,Tanzania,Sub-Saharan Africa,1981,6.93
TZA,Tanzania,Sub-Saharan Africa,1982,6.868
TZA,Tanzania,Sub-Saharan Africa,1983,6.805
TZA,Tanzania,Sub-Saharan Africa,1984,6.715
TZA,Tanzania,Sub-Saharan Africa,1985,6.598
TZA,Tanzania,Sub-Saharan Africa,1986,6.488
TZA,Tanzania,Sub-Saharan Africa,1987,6.406
TZA,Tanzania,Sub-Saharan Africa,1988,6.379
TZA,Tanzania,Sub-Saharan Africa,1989,6.303
TZA,Tanzania,Sub-Saharan Africa,1990,6.201
TZA,Tanzania,Sub-Saharan Africa,1991,6.135
TZA,Tanzania,Sub-Saharan Africa,1992,6.078
TZA,Tanzania,Sub-Saharan Africa,1993,5.997
TZA,Tanzania,Sub-Saharan Africa,1994,5.894
TZA,Tanzania,Sub-Saharan Africa,1995,5.822
TZA,Tanzania,Sub-Saharan Africa,1996,5.826
TZA,Tanzania,Sub-Saharan Africa,1997,5.836
TZA,Tanzania,Sub-Saharan Africa,1998,5.811
TZA,Tanzania,Sub-Saharan Africa,1999,5.747
TZA,Tanzania,Sub-Saharan Africa,2000,5.67
TZA,Tanzania,Sub-Saharan Africa,2001,5.617
TZA,Tanzania,Sub-Saharan Africa,2002,5.57
TZA,Tanzania,Sub-Saharan Africa,2003,5.578
TZA,Tanzania,Sub-Saharan Africa,2004,5.597
TZA,Tanzania,Sub-Saharan Africa,2005,5.579
TZA,Tanzania,Sub-Saharan Africa,2006,5.511
TZA,Tanzania,Sub-Saharan Africa,2007,5.403
TZA,Tanzania,Sub-Saharan Africa,2008,5.324
TZA,Tanzania,Sub-Saharan Africa,2009,5.26
TZA,Tanzania,Sub-Saharan Africa,2010,5.225
TZA,Tanzania,Sub-Saharan Africa,2011,5.141
TZA,Tanzania,Sub-Saharan Africa,2012,5.137
TZA,Tanzania,Sub-Saharan Africa,2013,5.156
TZA,Tanzania,Sub-Saharan Africa,2014,5.122
TZA,Tanzania,Sub-Saharan Africa,2015,5.025
TZA,Tanzania,Sub-Saharan Africa,2016,5.006
TZA,Tanzania,Sub-Saharan Africa,2017,4.988
TZA,Tanzania,Sub-Saharan Africa,2018,4.932
TZA,Tanzania,Sub-Saharan Africa,2019,4.866
TZA,Tanzania,Sub-Saharan Africa,2020,4.801
TZA,Tanzania,Sub-Saharan Africa,2021,4.734
TZA,Tanzania,Sub-Saharan Africa,2022,4.671
TZA,Tanzania,Sub-Saharan Africa,2023,4.606
TZA,Tanzania,Sub-Saharan Africa,2024,4.541
UGA,Uganda,Sub-Saharan Africa,1960,6.905
UGA,Uganda,Sub-Saharan Africa,1961,6.927
UGA,Uganda,Sub-Saharan Africa,1962,6.959
UGA,Uganda,Sub-Saharan Africa,1963,6.984
UGA,Uganda,Sub-Saharan Africa,1964,7.012
UGA,Uganda,Sub-Saharan Africa,1965,7.042
UGA,Uganda,Sub-Saharan Africa,1966,7.066
UGA,Uganda,Sub-Saharan Africa,1967,7.102
UGA,Uganda,Sub-Saharan Africa,1968,7.13
UGA,Uganda,Sub-Saharan Africa,1969,7.115
UGA,Uganda,Sub-Saharan Africa,1970,7.149
UGA,Uganda,Sub-Saharan Africa,1971,7.181
UGA,Uganda,Sub-Saharan Africa,1972,7.185
UGA,Uganda,Sub-Saharan Africa,1973,7.193
UGA,Uganda,Sub-Saharan Africa,1974,7.192
UGA,Uganda,Sub-Saharan Africa,1975,7.201
UGA,Uganda,Sub-Saharan Africa,1976,7.194
UGA,Uganda,Sub-Saharan Africa,1977,7.183
UGA,Uganda,Sub-Saharan Africa,1978,7.163
UGA,Uganda,Sub-Saharan Africa,1979,7.142
UGA,Uganda,Sub-Saharan Africa,1980,7.113
UGA,Uganda,Sub-Saharan Africa,1981,7.118
UGA,Uganda,Sub-Saharan Africa,1982,7.11
UGA,Uganda,Sub-Saharan Africa,1983,7.068
UGA,Uganda,Sub-Saharan Africa,1984,7.024
UGA,Uganda,Sub-Saharan Africa,1985,7.037
UGA,Uganda,Sub-Saharan Africa,1986,7.083
UGA,Uganda,Sub-Saharan Africa,1987,7.12
UGA,Uganda,Sub-Saharan Africa,1988,7.102
UGA,Uganda,Sub-Saharan Africa,1989,7.045
UGA,Uganda,Sub-Saharan Africa,1990,7.014
UGA,Uganda,Sub-Saharan Africa,1991,6.943
UGA,Uganda,Sub-Saharan Africa,1992,6.913
UGA,Uganda,Sub-Saharan Africa,1993,6.886
UGA,Uganda,Sub-Saharan Africa,1994,6.899
UGA,Uganda,Sub-Saharan Africa,1995,6.871
UGA,Uganda,Sub-Saharan Africa,1996,6.835
UGA,Uganda,Sub-Saharan Africa,1997,6.856
UGA,Uganda,Sub-Saharan Africa,1998,6.837
UGA,Uganda,Sub-Saharan Africa,1999,6.825
UGA,Uganda,Sub-Saharan Africa,2000,6.788
UGA,Uganda,Sub-Saharan Africa,2001,6.757
UGA,Uganda,Sub-Saharan Africa,2002,6.735
UGA,Uganda,Sub-Saharan Africa,2003,6.671
UGA,Uganda,Sub-Saharan Africa,2004,6.612
UGA,Uganda,Sub-Saharan Africa,2005,6.525
UGA,Uganda,Sub-Saharan Africa,2006,6.429
UGA,Uganda,Sub-Saharan Africa,2007,6.326
UGA,Uganda,Sub-Saharan Africa,2008,6.202
UGA,Uganda,Sub-Saharan Africa,2009,6.124
UGA,Uganda,Sub-Saharan Africa,2010,6.019
UGA,Uganda,Sub-Saharan Africa,2011,5.885
UGA,Uganda,Sub-Saharan Africa,2012,5.729
UGA,Uganda,Sub-Saharan Africa,2013,5.563
UGA,Uganda,Sub-Saharan Africa,2014,5.408
UGA,Uganda,Sub-Saharan Africa,2015,5.251
UGA,Uganda,Sub-Saharan Africa,2016,5.112
UGA,Uganda,Sub-Saharan Africa,2017,4.987
UGA,Uganda,Sub-Saharan Africa,2018,4.867
UGA,Uganda,Sub-Saharan Africa,2019,4.744
UGA,Uganda,Sub-Saharan Africa,2020,4.621
UGA,Uganda,Sub-Saharan Africa,2021,4.51
UGA,Uganda,Sub-Saharan Africa,2022,4.388
UGA,Uganda,Sub-Saharan Africa,2023,4.283
UGA,Uganda,Sub-Saharan Africa,2024,4.165
UKR,Ukraine,Europe & Central Asia,1960,2.285
UKR,Ukraine,Europe & Central Asia,1961,2.197
UKR,Ukraine,Europe & Central Asia,1962,2.154
UKR,Ukraine,Europe & Central Asia,1963,2.111
UKR,Ukraine,Europe & Central Asia,1964,2.014
UKR,Ukraine,Europe & Central Asia,1965,1.943
UKR,Ukraine,Europe & Central Asia,1966,2.037
UKR,Ukraine,Europe & Central Asia,1967,2.04
UKR,Ukraine,Europe & Central Asia,1968,2.031
UKR,Ukraine,Europe & Central Asia,1969,2.012
UKR,Ukraine,Europe & Central Asia,1970,2.078
UKR,Ukraine,Europe & Central Asia,1971,2.113
UKR,Ukraine,Europe & Central Asia,1972,2.127
UKR,Ukraine,Europe & Central Asia,1973,2.044
UKR,Ukraine,Europe & Central Asia,1974,2.064
UKR,Ukraine,Europe & Central Asia,1975,2.049
UKR,Ukraine,Europe & Central Asia,1976,2.044
UKR,Ukraine,Europe & Central Asia,1977,1.983
UKR,Ukraine,Europe & Central Asia,1978,1.969
UKR,Ukraine,Europe & Central Asia,1979,1.957
UKR,Ukraine,Europe & Central Asia,1980,1.949
UKR,Ukraine,Europe & Central Asia,1981,1.915
UKR,Ukraine,Europe & Central Asia,1982,1.951
UKR,Ukraine,Europe & Central Asia,1983,2.099
UKR,Ukraine,Europe & Central Asia,1984,2.081
UKR,Ukraine,Europe & Central Asia,1985,2.033
UKR,Ukraine,Europe & Central Asia,1986,2.117
UKR,Ukraine,Europe & Central Asia,1987,2.07
UKR,Ukraine,Europe & Central Asia,1988,2.042
UKR,Ukraine,Europe & Central Asia,1989,1.927
UKR,Ukraine,Europe & Central Asia,1990,1.845
UKR,Ukraine,Europe & Central Asia,1991,1.773
UKR,Ukraine,Europe & Central Asia,1992,1.674
UKR,Ukraine,Europe & Central Asia,1993,1.564
UKR,Ukraine,Europe & Central Asia,1994,1.471
UKR,Ukraine,Europe & Central Asia,1995,1.399
UKR,Ukraine,Europe & Central Asia,1996,1.333
UKR,Ukraine,Europe & Central Asia,1997,1.271
UKR,Ukraine,Europe & Central Asia,1998,1.206
UKR,Ukraine,Europe & Central Asia,1999,1.127
UKR,Ukraine,Europe & Central Asia,2000,1.108
UKR,Ukraine,Europe & Central Asia,2001,1.092
UKR,Ukraine,Europe & Central Asia,2002,1.127
UKR,Ukraine,Europe & Central Asia,2003,1.173
UKR,Ukraine,Europe & Central Asia,2004,1.215
UKR,Ukraine,Europe & Central Asia,2005,1.221
UKR,Ukraine,Europe & Central Asia,2006,1.297
UKR,Ukraine,Europe & Central Asia,2007,1.343
UKR,Ukraine,Europe & Central Asia,2008,1.444
UKR,Ukraine,Europe & Central Asia,2009,1.47
UKR,Ukraine,Europe & Central Asia,2010,1.436
UKR,Ukraine,Europe & Central Asia,2011,1.464
UKR,Ukraine,Europe & Central Asia,2012,1.528
UKR,Ukraine,Europe & Central Asia,2013,1.515
UKR,Ukraine,Europe & Central Asia,2014,1.466
UKR,Ukraine,Europe & Central Asia,2015,1.387
UKR,Ukraine,Europe & Central Asia,2016,1.391
UKR,Ukraine,Europe & Central Asia,2017,1.3
UKR,Ukraine,Europe & Central Asia,2018,1.233
UKR,Ukraine,Europe & Central Asia,2019,1.218
UKR,Ukraine,Europe & Central Asia,2020,1.208
UKR,Ukraine,Europe & Central Asia,2021,1.148
UKR,Ukraine,Europe & Central Asia,2022,0.897
UKR,Ukraine,Europe & Central Asia,2023,0.977
UKR,Ukraine,Europe & Central Asia,2024,0.988
URY,Uruguay,Latin America & Caribbean,1960,2.827
URY,Uruguay,Latin America & Caribbean,1961,2.846
URY,Uruguay,Latin America & Caribbean,1962,2.866
URY,Uruguay,Latin America & Caribbean,1963,2.884
URY,Uruguay,Latin America & Caribbean,1964,2.863
URY,Uruguay,Latin America & Caribbean,1965,2.84
URY,Uruguay,Latin America & Caribbean,1966,2.819
URY,Uruguay,Latin America & Caribbean,1967,2.784
URY,Uruguay,Latin America & Caribbean,1968,2.771
URY,Uruguay,Latin America & Caribbean,1969,2.769
URY,Uruguay,Latin America & Caribbean,1970,2.772
URY,Uruguay,Latin America & Caribbean,1971,2.767
URY,Uruguay,Latin America & Caribbean,1972,2.782
URY,Uruguay,Latin America & Caribbean,1973,2.855
URY,Uruguay,Latin America & Caribbean,1974,2.957
URY,Uruguay,Latin America & Caribbean,1975,3.017
URY,Uruguay,Latin America & Caribbean,1976,3.005
URY,Uruguay,Latin America & Caribbean,1977,2.899
URY,Uruguay,Latin America & Caribbean,1978,2.829
URY,Uruguay,Latin America & Caribbean,1979,2.711
URY,Uruguay,Latin America & Caribbean,1980,2.59
URY,Uruguay,Latin America & Caribbean,1981,2.534
URY,Uruguay,Latin America & Caribbean,1982,2.512
URY,Uruguay,Latin America & Caribbean,1983,2.486
URY,Uruguay,Latin America & Caribbean,1984,2.471
URY,Uruguay,Latin America & Caribbean,1985,2.47
URY,Uruguay,Latin America & Caribbean,1986,2.47
URY,Uruguay,Latin America & Caribbean,1987,2.486
URY,Uruguay,Latin America & Caribbean,1988,2.503
URY,Uruguay,Latin America & Caribbean,1989,2.498
URY,Uruguay,Latin America & Caribbean,1990,2.477
URY,Uruguay,Latin America & Caribbean,1991,2.454
URY,Uruguay,Latin America & Caribbean,1992,2.432
URY,Uruguay,Latin America & Caribbean,1993,2.408
URY,Uruguay,Latin America & Caribbean,1994,2.425
URY,Uruguay,Latin America & Caribbean,1995,2.401
URY,Uruguay,Latin America & Caribbean,1996,2.364
URY,Uruguay,Latin America & Caribbean,1997,2.328
URY,Uruguay,Latin America & Caribbean,1998,2.271
URY,Uruguay,Latin America & Caribbean,1999,2.248
URY,Uruguay,Latin America & Caribbean,2000,2.196
URY,Uruguay,Latin America & Caribbean,2001,2.161
URY,Uruguay,Latin America & Caribbean,2002,2.16
URY,Uruguay,Latin America & Caribbean,2003,2.116
URY,Uruguay,Latin America & Caribbean,2004,2.093
URY,Uruguay,Latin America & Caribbean,2005,2.097
URY,Uruguay,Latin America & Caribbean,2006,2.07
URY,Uruguay,Latin America & Caribbean,2007,2.048
URY,Uruguay,Latin America & Caribbean,2008,2.03
URY,Uruguay,Latin America & Caribbean,2009,2.018
URY,Uruguay,Latin America & Caribbean,2010,2.011
URY,Uruguay,Latin America & Caribbean,2011,1.987
URY,Uruguay,Latin America & Caribbean,2012,2.012
URY,Uruguay,Latin America & Caribbean,2013,2.034
URY,Uruguay,Latin America & Caribbean,2014,2.026
URY,Uruguay,Latin America & Caribbean,2015,2.041
URY,Uruguay,Latin America & Caribbean,2016,1.966
URY,Uruguay,Latin America & Caribbean,2017,1.824
URY,Uruguay,Latin America & Caribbean,2018,1.681
URY,Uruguay,Latin America & Caribbean,2019,1.567
URY,Uruguay,Latin America & Caribbean,2020,1.497
URY,Uruguay,Latin America & Caribbean,2021,1.446
URY,Uruguay,Latin America & Caribbean,2022,1.425
URY,Uruguay,Latin America & Caribbean,2023,1.409
URY,Uruguay,Latin America & Caribbean,2024,1.397
USA,United States,North America,1960,3.654
USA,United States,North America,1961,3.62
USA,United States,North America,1962,3.461
USA,United States,North America,1963,3.319
USA,United States,North America,1964,3.19
USA,United States,North America,1965,2.913
USA,United States,North America,1966,2.721
USA,United States,North America,1967,2.558
USA,United States,North America,1968,2.464
USA,United States,North America,1969,2.456
USA,United States,North America,1970,2.48
USA,United States,North America,1971,2.266
USA,United States,North America,1972,2.01
USA,United States,North America,1973,1.879
USA,United States,North America,1974,1.835
USA,United States,North America,1975,1.774
USA,United States,North America,1976,1.738
USA,United States,North America,1977,1.79
USA,United States,North America,1978,1.76
USA,United States,North America,1979,1.808
USA,United States,North America,1980,1.84
USA,United States,North America,1981,1.812
USA,United States,North America,1982,1.828
USA,United States,North America,1983,1.799
USA,United States,North America,1984,1.806
USA,United States,North America,1985,1.844
USA,United States,North America,1986,1.838
USA,United States,North America,1987,1.872
USA,United States,North America,1988,1.934
USA,United States,North America,1989,2.014
USA,United States,North America,1990,2.081
USA,United States,North America,1991,2.062
USA,United States,North America,1992,2.046
USA,United States,North America,1993,2.019
USA,United States,North America,1994,2.002
USA,United States,North America,1995,1.978
USA,United States,North America,1996,1.976
USA,United States,North America,1997,1.971
USA,United States,North America,1998,1.999
USA,United States,North America,1999,2.007
USA,United States,North America,2000,2.056
USA,United States,North America,2001,2.03
USA,United States,North America,2002,2.021
USA,United States,North America,2003,2.047
USA,United States,North America,2004,2.052
USA,United States,North America,2005,2.057
USA,United States,North America,2006,2.108
USA,United States,North America,2007,2.12
USA,United States,North America,2008,2.072
USA,United States,North America,2009,2.002
USA,United States,North America,2010,1.931
USA,United States,North America,2011,1.894
USA,United States,North America,2012,1.88
USA,United States,North America,2013,1.858
USA,United States,North America,2014,1.862
USA,United States,North America,2015,1.844
USA,United States,North America,2016,1.82
USA,United States,North America,2017,1.766
USA,United States,North America,2018,1.73
USA,United States,North America,2019,1.706
USA,United States,North America,2020,1.642
USA,United States,North America,2021,1.664
USA,United States,North America,2022,1.656
USA,United States,North America,2023,1.616
USA,United States,North America,2024,1.626
UZB,Uzbekistan,Europe & Central Asia,1960,6.613
UZB,Uzbekistan,Europe & Central Asia,1961,6.752
UZB,Uzbekistan,Europe & Central Asia,1962,6.878
UZB,Uzbekistan,Europe & Central Asia,1963,6.808
UZB,Uzbekistan,Europe & Central Asia,1964,6.823
UZB,Uzbekistan,Europe & Central Asia,1965,6.81
UZB,Uzbekistan,Europe & Central Asia,1966,6.66
UZB,Uzbekistan,Europe & Central Asia,1967,6.567
UZB,Uzbekistan,Europe & Central Asia,1968,6.394
UZB,Uzbekistan,Europe & Central Asia,1969,6.338
UZB,Uzbekistan,Europe & Central Asia,1970,6.313
UZB,Uzbekistan,Europe & Central Asia,1971,6.284
UZB,Uzbekistan,Europe & Central Asia,1972,6.246
UZB,Uzbekistan,Europe & Central Asia,1973,6.162
UZB,Uzbekistan,Europe & Central Asia,1974,6.053
UZB,Uzbekistan,Europe & Central Asia,1975,5.918
UZB,Uzbekistan,Europe & Central Asia,1976,5.749
UZB,Uzbekistan,Europe & Central Asia,1977,5.54
UZB,Uzbekistan,Europe & Central Asia,1978,5.281
UZB,Uzbekistan,Europe & Central Asia,1979,5.159
UZB,Uzbekistan,Europe & Central Asia,1980,5.039
UZB,Uzbekistan,Europe & Central Asia,1981,4.905
UZB,Uzbekistan,Europe & Central Asia,1982,4.817
UZB,Uzbekistan,Europe & Central Asia,1983,4.714
UZB,Uzbekistan,Europe & Central Asia,1984,4.729
UZB,Uzbekistan,Europe & Central Asia,1985,4.691
UZB,Uzbekistan,Europe & Central Asia,1986,4.675
UZB,Uzbekistan,Europe & Central Asia,1987,4.532
UZB,Uzbekistan,Europe & Central Asia,1988,4.263
UZB,Uzbekistan,Europe & Central Asia,1989,4.102
UZB,Uzbekistan,Europe & Central Asia,1990,4.122
UZB,Uzbekistan,Europe & Central Asia,1991,4.19
UZB,Uzbekistan,Europe & Central Asia,1992,4.056
UZB,Uzbekistan,Europe & Central Asia,1993,3.863
UZB,Uzbekistan,Europe & Central Asia,1994,3.66
UZB,Uzbekistan,Europe & Central Asia,1995,3.566
UZB,Uzbekistan,Europe & Central Asia,1996,3.393
UZB,Uzbekistan,Europe & Central Asia,1997,3.186
UZB,Uzbekistan,Europe & Central Asia,1998,2.985
UZB,Uzbekistan,Europe & Central Asia,1999,2.831
UZB,Uzbekistan,Europe & Central Asia,2000,2.696
UZB,Uzbekistan,Europe & Central Asia,2001,2.61
UZB,Uzbekistan,Europe & Central Asia,2002,2.575
UZB,Uzbekistan,Europe & Central Asia,2003,2.503
UZB,Uzbekistan,Europe & Central Asia,2004,2.496
UZB,Uzbekistan,Europe & Central Asia,2005,2.438
UZB,Uzbekistan,Europe & Central Asia,2006,2.461
UZB,Uzbekistan,Europe & Central Asia,2007,2.573
UZB,Uzbekistan,Europe & Central Asia,2008,2.635
UZB,Uzbekistan,Europe & Central Asia,2009,2.559
UZB,Uzbekistan,Europe & Central Asia,2010,2.442
UZB,Uzbekistan,Europe & Central Asia,2011,2.354
UZB,Uzbekistan,Europe & Central Asia,2012,2.337
UZB,Uzbekistan,Europe & Central Asia,2013,2.445
UZB,Uzbekistan,Europe & Central Asia,2014,2.546
UZB,Uzbekistan,Europe & Central Asia,2015,2.583
UZB,Uzbekistan,Europe & Central Asia,2016,2.564
UZB,Uzbekistan,Europe & Central Asia,2017,2.57
UZB,Uzbekistan,Europe & Central Asia,2018,2.713
UZB,Uzbekistan,Europe & Central Asia,2019,2.869
UZB,Uzbekistan,Europe & Central Asia,2020,3.062
UZB,Uzbekistan,Europe & Central Asia,2021,3.273
UZB,Uzbekistan,Europe & Central Asia,2022,3.396
UZB,Uzbekistan,Europe & Central Asia,2023,3.5
UZB,Uzbekistan,Europe & Central Asia,2024,3.486
VCT,St. Vincent and the Grenadines,Latin America & Caribbean,1960,7.247
VCT,St. Vincent and the Grenadines,Latin America & Caribbean,1961,7.157
VCT,St. Vincent and the Grenadines,Latin America & Caribbean,1962,7.033
VCT,St. Vincent and the Grenadines,Latin America & Caribbean,1963,6.921
VCT,St. Vincent and the Grenadines,Latin America & Caribbean,1964,6.828
VCT,St. Vincent and the Grenadines,Latin America & Caribbean,1965,6.735
VCT,St. Vincent and the Grenadines,Latin America & Caribbean,1966,6.639
VCT,St. Vincent and the Grenadines,Latin America & Caribbean,1967,6.533
VCT,St. Vincent and the Grenadines,Latin America & Caribbean,1968,6.416
VCT,St. Vincent and the Grenadines,Latin America & Caribbean,1969,6.275
VCT,St. Vincent and the Grenadines,Latin America & Caribbean,1970,6.116
VCT,St. Vincent and the Grenadines,Latin America & Caribbean,1971,5.946
VCT,St. Vincent and the Grenadines,Latin America & Caribbean,1972,5.774
VCT,St. Vincent and the Grenadines,Latin America & Caribbean,1973,5.587
VCT,St. Vincent and the Grenadines,Latin America & Caribbean,1974,5.379
VCT,St. Vincent and the Grenadines,Latin America & Caribbean,1975,5.165
VCT,St. Vincent and the Grenadines,Latin America & Caribbean,1976,4.949
VCT,St. Vincent and the Grenadines,Latin America & Caribbean,1977,4.748
VCT,St. Vincent and the Grenadines,Latin America & Caribbean,1978,4.554
VCT,St. Vincent and the Grenadines,Latin America & Caribbean,1979,4.291
VCT,St. Vincent and the Grenadines,Latin America & Caribbean,1980,3.923
VCT,St. Vincent and the Grenadines,Latin America & Caribbean,1981,3.845
VCT,St. Vincent and the Grenadines,Latin America & Caribbean,1982,3.743
VCT,St. Vincent and the Grenadines,Latin America & Caribbean,1983,3.561
VCT,St. Vincent and the Grenadines,Latin America & Caribbean,1984,3.283
VCT,St. Vincent and the Grenadines,Latin America & Caribbean,1985,3.081
VCT,St. Vincent and the Grenadines,Latin America & Caribbean,1986,2.924
VCT,St. Vincent and the Grenadines,Latin America & Caribbean,1987,2.819
VCT,St. Vincent and the Grenadines,Latin America & Caribbean,1988,2.753
VCT,St. Vincent and the Grenadines,Latin America & Caribbean,1989,2.73
VCT,St. Vincent and the Grenadines,Latin America & Caribbean,1990,2.731
VCT,St. Vincent and the Grenadines,Latin America & Caribbean,1991,2.747
VCT,St. Vincent and the Grenadines,Latin America & Caribbean,1992,2.759
VCT,St. Vincent and the Grenadines,Latin America & Caribbean,1993,2.737
VCT,St. Vincent and the Grenadines,Latin America & Caribbean,1994,2.678
VCT,St. Vincent and the Grenadines,Latin America & Caribbean,1995,2.609
VCT,St. Vincent and the Grenadines,Latin America & Caribbean,1996,2.526
VCT,St. Vincent and the Grenadines,Latin America & Caribbean,1997,2.433
VCT,St. Vincent and the Grenadines,Latin America & Caribbean,1998,2.345
VCT,St. Vincent and the Grenadines,Latin America & Caribbean,1999,2.307
VCT,St. Vincent and the Grenadines,Latin America & Caribbean,2000,2.306
VCT,St. Vincent and the Grenadines,Latin America & Caribbean,2001,2.3
VCT,St. Vincent and the Grenadines,Latin America & Caribbean,2002,2.218
VCT,St. Vincent and the Grenadines,Latin America & Caribbean,2003,2.142
VCT,St. Vincent and the Grenadines,Latin America & Caribbean,2004,2.087
VCT,St. Vincent and the Grenadines,Latin America & Caribbean,2005,2.068
VCT,St. Vincent and the Grenadines,Latin America & Caribbean,2006,2.033
VCT,St. Vincent and the Grenadines,Latin America & Caribbean,2007,2.063
VCT,St. Vincent and the Grenadines,Latin America & Caribbean,2008,2.15
VCT,St. Vincent and the Grenadines,Latin America & Caribbean,2009,2.174
VCT,St. Vincent and the Grenadines,Latin America & Caribbean,2010,2.144
VCT,St. Vincent and the Grenadines,Latin America & Caribbean,2011,2.076
VCT,St. Vincent and the Grenadines,Latin America & Caribbean,2012,2.113
VCT,St. Vincent and the Grenadines,Latin America & Caribbean,2013,2.106
VCT,St. Vincent and the Grenadines,Latin America & Caribbean,2014,2.141
VCT,St. Vincent and the Grenadines,Latin America & Caribbean,2015,2.133
VCT,St. Vincent and the Grenadines,Latin America & Caribbean,2016,2.055
VCT,St. Vincent and the Grenadines,Latin America & Caribbean,2017,1.94
VCT,St. Vincent and the Grenadines,Latin America & Caribbean,2018,1.9
VCT,St. Vincent and the Grenadines,Latin America & Caribbean,2019,1.864
VCT,St. Vincent and the Grenadines,Latin America & Caribbean,2020,1.83
VCT,St. Vincent and the Grenadines,Latin America & Caribbean,2021,1.808
VCT,St. Vincent and the Grenadines,Latin America & Caribbean,2022,1.791
VCT,St. Vincent and the Grenadines,Latin America & Caribbean,2023,1.775
VCT,St. Vincent and the Grenadines,Latin America & Caribbean,2024,1.761
VEN,"Venezuela, RB",Latin America & Caribbean,1960,6.382
VEN,"Venezuela, RB",Latin America & Caribbean,1961,6.298
VEN,"Venezuela, RB",Latin America & Caribbean,1962,6.231
VEN,"Venezuela, RB",Latin America & Caribbean,1963,6.155
VEN,"Venezuela, RB",Latin America & Caribbean,1964,6.071
VEN,"Venezuela, RB",Latin America & Caribbean,1965,5.977
VEN,"Venezuela, RB",Latin America & Caribbean,1966,5.87
VEN,"Venezuela, RB",Latin America & Caribbean,1967,5.748
VEN,"Venezuela, RB",Latin America & Caribbean,1968,5.614
VEN,"Venezuela, RB",Latin America & Caribbean,1969,5.469
VEN,"Venezuela, RB",Latin America & Caribbean,1970,5.321
VEN,"Venezuela, RB",Latin America & Caribbean,1971,5.174
VEN,"Venezuela, RB",Latin America & Caribbean,1972,5.035
VEN,"Venezuela, RB",Latin America & Caribbean,1973,4.906
VEN,"Venezuela, RB",Latin America & Caribbean,1974,4.791
VEN,"Venezuela, RB",Latin America & Caribbean,1975,4.686
VEN,"Venezuela, RB",Latin America & Caribbean,1976,4.589
VEN,"Venezuela, RB",Latin America & Caribbean,1977,4.494
VEN,"Venezuela, RB",Latin America & Caribbean,1978,4.397
VEN,"Venezuela, RB",Latin America & Caribbean,1979,4.298
VEN,"Venezuela, RB",Latin America & Caribbean,1980,4.2
VEN,"Venezuela, RB",Latin America & Caribbean,1981,4.104
VEN,"Venezuela, RB",Latin America & Caribbean,1982,4.014
VEN,"Venezuela, RB",Latin America & Caribbean,1983,3.933
VEN,"Venezuela, RB",Latin America & Caribbean,1984,3.861
VEN,"Venezuela, RB",Latin America & Caribbean,1985,3.794
VEN,"Venezuela, RB",Latin America & Caribbean,1986,3.73
VEN,"Venezuela, RB",Latin America & Caribbean,1987,3.665
VEN,"Venezuela, RB",Latin America & Caribbean,1988,3.597
VEN,"Venezuela, RB",Latin America & Caribbean,1989,3.524
VEN,"Venezuela, RB",Latin America & Caribbean,1990,3.448
VEN,"Venezuela, RB",Latin America & Caribbean,1991,3.37
VEN,"Venezuela, RB",Latin America & Caribbean,1992,3.292
VEN,"Venezuela, RB",Latin America & Caribbean,1993,3.218
VEN,"Venezuela, RB",Latin America & Caribbean,1994,3.147
VEN,"Venezuela, RB",Latin America & Caribbean,1995,3.082
VEN,"Venezuela, RB",Latin America & Caribbean,1996,3.022
VEN,"Venezuela, RB",Latin America & Caribbean,1997,2.967
VEN,"Venezuela, RB",Latin America & Caribbean,1998,2.912
VEN,"Venezuela, RB",Latin America & Caribbean,1999,2.856
VEN,"Venezuela, RB",Latin America & Caribbean,2000,2.79
VEN,"Venezuela, RB",Latin America & Caribbean,2001,2.779
VEN,"Venezuela, RB",Latin America & Caribbean,2002,2.739
VEN,"Venezuela, RB",Latin America & Caribbean,2003,2.703
VEN,"Venezuela, RB",Latin America & Caribbean,2004,2.639
VEN,"Venezuela, RB",Latin America & Caribbean,2005,2.629
VEN,"Venezuela, RB",Latin America & Caribbean,2006,2.595
VEN,"Venezuela, RB",Latin America & Caribbean,2007,2.524
VEN,"Venezuela, RB",Latin America & Caribbean,2008,2.475
VEN,"Venezuela, RB",Latin America & Caribbean,2009,2.422
VEN,"Venezuela, RB",Latin America & Caribbean,2010,2.396
VEN,"Venezuela, RB",Latin America & Caribbean,2011,2.398
VEN,"Venezuela, RB",Latin America & Caribbean,2012,2.379
VEN,"Venezuela, RB",Latin America & Caribbean,2013,2.334
VEN,"Venezuela, RB",Latin America & Caribbean,2014,2.296
VEN,"Venezuela, RB",Latin America & Caribbean,2015,2.253
VEN,"Venezuela, RB",Latin America & Caribbean,2016,2.217
VEN,"Venezuela, RB",Latin America & Caribbean,2017,2.183
VEN,"Venezuela, RB",Latin America & Caribbean,2018,2.151
VEN,"Venezuela, RB",Latin America & Caribbean,2019,2.131
VEN,"Venezuela, RB",Latin America & Caribbean,2020,2.116
VEN,"Venezuela, RB",Latin America & Caribbean,2021,2.105
VEN,"Venezuela, RB",Latin America & Caribbean,2022,2.088
VEN,"Venezuela, RB",Latin America & Caribbean,2023,2.079
VEN,"Venezuela, RB",Latin America & Caribbean,2024,2.077
VGB,British Virgin Islands,Latin America & Caribbean,1960,4.812
VGB,British Virgin Islands,Latin America & Caribbean,1961,4.667
VGB,British Virgin Islands,Latin America & Caribbean,1962,4.514
VGB,British Virgin Islands,Latin America & Caribbean,1963,4.363
VGB,British Virgin Islands,Latin America & Caribbean,1964,4.194
VGB,British Virgin Islands,Latin America & Caribbean,1965,4.053
VGB,British Virgin Islands,Latin America & Caribbean,1966,3.965
VGB,British Virgin Islands,Latin America & Caribbean,1967,3.912
VGB,British Virgin Islands,Latin America & Caribbean,1968,3.875
VGB,British Virgin Islands,Latin America & Caribbean,1969,3.807
VGB,British Virgin Islands,Latin America & Caribbean,1970,3.739
VGB,British Virgin Islands,Latin America & Caribbean,1971,3.642
VGB,British Virgin Islands,Latin America & Caribbean,1972,3.542
VGB,British Virgin Islands,Latin America & Caribbean,1973,3.428
VGB,British Virgin Islands,Latin America & Caribbean,1974,3.333
VGB,British Virgin Islands,Latin America & Caribbean,1975,3.254
VGB,British Virgin Islands,Latin America & Caribbean,1976,3.2
VGB,British Virgin Islands,Latin America & Caribbean,1977,3.148
VGB,British Virgin Islands,Latin America & Caribbean,1978,3.113
VGB,British Virgin Islands,Latin America & Caribbean,1979,3.066
VGB,British Virgin Islands,Latin America & Caribbean,1980,2.924
VGB,British Virgin Islands,Latin America & Caribbean,1981,2.334
VGB,British Virgin Islands,Latin America & Caribbean,1982,2.269
VGB,British Virgin Islands,Latin America & Caribbean,1983,2.121
VGB,British Virgin Islands,Latin America & Caribbean,1984,1.987
VGB,British Virgin Islands,Latin America & Caribbean,1985,1.919
VGB,British Virgin Islands,Latin America & Caribbean,1986,1.78
VGB,British Virgin Islands,Latin America & Caribbean,1987,1.717
VGB,British Virgin Islands,Latin America & Caribbean,1988,1.711
VGB,British Virgin Islands,Latin America & Caribbean,1989,1.769
VGB,British Virgin Islands,Latin America & Caribbean,1990,1.779
VGB,British Virgin Islands,Latin America & Caribbean,1991,1.843
VGB,British Virgin Islands,Latin America & Caribbean,1992,1.878
VGB,British Virgin Islands,Latin America & Caribbean,1993,1.81
VGB,British Virgin Islands,Latin America & Caribbean,1994,1.659
VGB,British Virgin Islands,Latin America & Caribbean,1995,1.777
VGB,British Virgin Islands,Latin America & Caribbean,1996,1.894
VGB,British Virgin Islands,Latin America & Caribbean,1997,2.009
VGB,British Virgin Islands,Latin America & Caribbean,1998,1.523
VGB,British Virgin Islands,Latin America & Caribbean,1999,1.786
VGB,British Virgin Islands,Latin America & Caribbean,2000,1.839
VGB,British Virgin Islands,Latin America & Caribbean,2001,1.517
VGB,British Virgin Islands,Latin America & Caribbean,2002,1.247
VGB,British Virgin Islands,Latin America & Caribbean,2003,1.309
VGB,British Virgin Islands,Latin America & Caribbean,2004,1.5
VGB,British Virgin Islands,Latin America & Caribbean,2005,1.34
VGB,British Virgin Islands,Latin America & Caribbean,2006,1.234
VGB,British Virgin Islands,Latin America & Caribbean,2007,1.312
VGB,British Virgin Islands,Latin America & Caribbean,2008,1.272
VGB,British Virgin Islands,Latin America & Caribbean,2009,1.23
VGB,British Virgin Islands,Latin America & Caribbean,2010,1.183
VGB,British Virgin Islands,Latin America & Caribbean,2011,1.268
VGB,British Virgin Islands,Latin America & Caribbean,2012,1.103
VGB,British Virgin Islands,Latin America & Caribbean,2013,1.086
VGB,British Virgin Islands,Latin America & Caribbean,2014,1.235
VGB,British Virgin Islands,Latin America & Caribbean,2015,1.186
VGB,British Virgin Islands,Latin America & Caribbean,2016,0.987
VGB,British Virgin Islands,Latin America & Caribbean,2017,0.873
VGB,British Virgin Islands,Latin America & Caribbean,2018,0.905
VGB,British Virgin Islands,Latin America & Caribbean,2019,0.941
VGB,British Virgin Islands,Latin America & Caribbean,2020,0.975
VGB,British Virgin Islands,Latin America & Caribbean,2021,0.999
VGB,British Virgin Islands,Latin America & Caribbean,2022,1.025
VGB,British Virgin Islands,Latin America & Caribbean,2023,1.045
VGB,British Virgin Islands,Latin America & Caribbean,2024,1.048
VIR,Virgin Islands (U.S.),Latin America & Caribbean,1960,5.149
VIR,Virgin Islands (U.S.),Latin America & Caribbean,1961,4.801
VIR,Virgin Islands (U.S.),Latin America & Caribbean,1962,5.072
VIR,Virgin Islands (U.S.),Latin America & Caribbean,1963,4.958
VIR,Virgin Islands (U.S.),Latin America & Caribbean,1964,5.474
VIR,Virgin Islands (U.S.),Latin America & Caribbean,1965,5.64
VIR,Virgin Islands (U.S.),Latin America & Caribbean,1966,4.993
VIR,Virgin Islands (U.S.),Latin America & Caribbean,1967,5.196
VIR,Virgin Islands (U.S.),Latin America & Caribbean,1968,4.954
VIR,Virgin Islands (U.S.),Latin America & Caribbean,1969,4.812
VIR,Virgin Islands (U.S.),Latin America & Caribbean,1970,5.254
VIR,Virgin Islands (U.S.),Latin America & Caribbean,1971,5.066
VIR,Virgin Islands (U.S.),Latin America & Caribbean,1972,4.78
VIR,Virgin Islands (U.S.),Latin America & Caribbean,1973,4.231
VIR,Virgin Islands (U.S.),Latin America & Caribbean,1974,3.873
VIR,Virgin Islands (U.S.),Latin America & Caribbean,1975,3.595
VIR,Virgin Islands (U.S.),Latin America & Caribbean,1976,3.39
VIR,Virgin Islands (U.S.),Latin America & Caribbean,1977,3.257
VIR,Virgin Islands (U.S.),Latin America & Caribbean,1978,3.303
VIR,Virgin Islands (U.S.),Latin America & Caribbean,1979,3.04
VIR,Virgin Islands (U.S.),Latin America & Caribbean,1980,3.105
VIR,Virgin Islands (U.S.),Latin America & Caribbean,1981,2.999
VIR,Virgin Islands (U.S.),Latin America & Caribbean,1982,3.076
VIR,Virgin Islands (U.S.),Latin America & Caribbean,1983,3.097
VIR,Virgin Islands (U.S.),Latin America & Caribbean,1984,2.896
VIR,Virgin Islands (U.S.),Latin America & Caribbean,1985,2.831
VIR,Virgin Islands (U.S.),Latin America & Caribbean,1986,2.74
VIR,Virgin Islands (U.S.),Latin America & Caribbean,1987,2.844
VIR,Virgin Islands (U.S.),Latin America & Caribbean,1988,2.837
VIR,Virgin Islands (U.S.),Latin America & Caribbean,1989,3.024
VIR,Virgin Islands (U.S.),Latin America & Caribbean,1990,3.106
VIR,Virgin Islands (U.S.),Latin America & Caribbean,1991,3.379
VIR,Virgin Islands (U.S.),Latin America & Caribbean,1992,3.63
VIR,Virgin Islands (U.S.),Latin America & Caribbean,1993,3.636
VIR,Virgin Islands (U.S.),Latin America & Caribbean,1994,3.682
VIR,Virgin Islands (U.S.),Latin America & Caribbean,1995,3.237
VIR,Virgin Islands (U.S.),Latin America & Caribbean,1996,2.941
VIR,Virgin Islands (U.S.),Latin America & Caribbean,1997,3.017
VIR,Virgin Islands (U.S.),Latin America & Caribbean,1998,2.676
VIR,Virgin Islands (U.S.),Latin America & Caribbean,1999,2.449
VIR,Virgin Islands (U.S.),Latin America & Caribbean,2000,2.06
VIR,Virgin Islands (U.S.),Latin America & Caribbean,2001,1.9
VIR,Virgin Islands (U.S.),Latin America & Caribbean,2002,2.21
VIR,Virgin Islands (U.S.),Latin America & Caribbean,2003,2.07
VIR,Virgin Islands (U.S.),Latin America & Caribbean,2004,2.17
VIR,Virgin Islands (U.S.),Latin America & Caribbean,2005,2.24
VIR,Virgin Islands (U.S.),Latin America & Caribbean,2006,2.03
VIR,Virgin Islands (U.S.),Latin America & Caribbean,2007,2.51
VIR,Virgin Islands (U.S.),Latin America & Caribbean,2008,2.44
VIR,Virgin Islands (U.S.),Latin America & Caribbean,2009,2.37
VIR,Virgin Islands (U.S.),Latin America & Caribbean,2010,2.3
VIR,Virgin Islands (U.S.),Latin America & Caribbean,2011,2.16
VIR,Virgin Islands (U.S.),Latin America & Caribbean,2012,2.06
VIR,Virgin Islands (U.S.),Latin America & Caribbean,2013,2.08
VIR,Virgin Islands (U.S.),Latin America & Caribbean,2014,2.09
VIR,Virgin Islands (U.S.),Latin America & Caribbean,2015,2.11
VIR,Virgin Islands (U.S.),Latin America & Caribbean,2016,2.09
VIR,Virgin Islands (U.S.),Latin America & Caribbean,2017,2.08
VIR,Virgin Islands (U.S.),Latin America & Caribbean,2018,2.06
VIR,Virgin Islands (U.S.),Latin America & Caribbean,2019,2.05
VIR,Virgin Islands (U.S.),Latin America & Caribbean,2020,2.03
VIR,Virgin Islands (U.S.),Latin America & Caribbean,2021,2.01
VIR,Virgin Islands (U.S.),Latin America & Caribbean,2022,2.0
VIR,Virgin Islands (U.S.),Latin America & Caribbean,2023,1.98
VIR,Virgin Islands (U.S.),Latin America & Caribbean,2024,1.97
VNM,Viet Nam,East Asia & Pacific,1960,6.273
VNM,Viet Nam,East Asia & Pacific,1961,5.476
VNM,Viet Nam,East Asia & Pacific,1962,6.257
VNM,Viet Nam,East Asia & Pacific,1963,6.385
VNM,Viet Nam,East Asia & Pacific,1964,6.285
VNM,Viet Nam,East Asia & Pacific,1965,6.156
VNM,Viet Nam,East Asia & Pacific,1966,5.968
VNM,Viet Nam,East Asia & Pacific,1967,5.883
VNM,Viet Nam,East Asia & Pacific,1968,6.029
VNM,Viet Nam,East Asia & Pacific,1969,6.013
VNM,Viet Nam,East Asia & Pacific,1970,6.019
VNM,Viet Nam,East Asia & Pacific,1971,6.069
VNM,Viet Nam,East Asia & Pacific,1972,6.1
VNM,Viet Nam,East Asia & Pacific,1973,6.108
VNM,Viet Nam,East Asia & Pacific,1974,5.781
VNM,Viet Nam,East Asia & Pacific,1975,5.621
VNM,Viet Nam,East Asia & Pacific,1976,5.461
VNM,Viet Nam,East Asia & Pacific,1977,5.291
VNM,Viet Nam,East Asia & Pacific,1978,5.104
VNM,Viet Nam,East Asia & Pacific,1979,4.94
VNM,Viet Nam,East Asia & Pacific,1980,4.795
VNM,Viet Nam,East Asia & Pacific,1981,4.665
VNM,Viet Nam,East Asia & Pacific,1982,4.593
VNM,Viet Nam,East Asia & Pacific,1983,4.524
VNM,Viet Nam,East Asia & Pacific,1984,4.412
VNM,Viet Nam,East Asia & Pacific,1985,4.206
VNM,Viet Nam,East Asia & Pacific,1986,3.955
VNM,Viet Nam,East Asia & Pacific,1987,3.717
VNM,Viet Nam,East Asia & Pacific,1988,3.623
VNM,Viet Nam,East Asia & Pacific,1989,3.641
VNM,Viet Nam,East Asia & Pacific,1990,3.602
VNM,Viet Nam,East Asia & Pacific,1991,3.524
VNM,Viet Nam,East Asia & Pacific,1992,3.353
VNM,Viet Nam,East Asia & Pacific,1993,3.172
VNM,Viet Nam,East Asia & Pacific,1994,2.941
VNM,Viet Nam,East Asia & Pacific,1995,2.7
VNM,Viet Nam,East Asia & Pacific,1996,2.468
VNM,Viet Nam,East Asia & Pacific,1997,2.274
VNM,Viet Nam,East Asia & Pacific,1998,2.098
VNM,Viet Nam,East Asia & Pacific,1999,1.999
VNM,Viet Nam,East Asia & Pacific,2000,2.028
VNM,Viet Nam,East Asia & Pacific,2001,2.023
VNM,Viet Nam,East Asia & Pacific,2002,2.006
VNM,Viet Nam,East Asia & Pacific,2003,1.999
VNM,Viet Nam,East Asia & Pacific,2004,1.968
VNM,Viet Nam,East Asia & Pacific,2005,1.887
VNM,Viet Nam,East Asia & Pacific,2006,1.873
VNM,Viet Nam,East Asia & Pacific,2007,1.911
VNM,Viet Nam,East Asia & Pacific,2008,1.933
VNM,Viet Nam,East Asia & Pacific,2009,1.92
VNM,Viet Nam,East Asia & Pacific,2010,1.906
VNM,Viet Nam,East Asia & Pacific,2011,1.927
VNM,Viet Nam,East Asia & Pacific,2012,1.967
VNM,Viet Nam,East Asia & Pacific,2013,1.98
VNM,Viet Nam,East Asia & Pacific,2014,2.09
VNM,Viet Nam,East Asia & Pacific,2015,2.1
VNM,Viet Nam,East Asia & Pacific,2016,2.0
VNM,Viet Nam,East Asia & Pacific,2017,1.985
VNM,Viet Nam,East Asia & Pacific,2018,1.88
VNM,Viet Nam,East Asia & Pacific,2019,1.943
VNM,Viet Nam,East Asia & Pacific,2020,1.957
VNM,Viet Nam,East Asia & Pacific,2021,1.942
VNM,Viet Nam,East Asia & Pacific,2022,1.927
VNM,Viet Nam,East Asia & Pacific,2023,1.913
VNM,Viet Nam,East Asia & Pacific,2024,1.895
VUT,Vanuatu,East Asia & Pacific,1960,6.784
VUT,Vanuatu,East Asia & Pacific,1961,6.729
VUT,Vanuatu,East Asia & Pacific,1962,6.672
VUT,Vanuatu,East Asia & Pacific,1963,6.623
VUT,Vanuatu,East Asia & Pacific,1964,6.568
VUT,Vanuatu,East Asia & Pacific,1965,6.524
VUT,Vanuatu,East Asia & Pacific,1966,6.511
VUT,Vanuatu,East Asia & Pacific,1967,6.509
VUT,Vanuatu,East Asia & Pacific,1968,6.463
VUT,Vanuatu,East Asia & Pacific,1969,6.41
VUT,Vanuatu,East Asia & Pacific,1970,6.346
VUT,Vanuatu,East Asia & Pacific,1971,6.293
VUT,Vanuatu,East Asia & Pacific,1972,6.228
VUT,Vanuatu,East Asia & Pacific,1973,6.151
VUT,Vanuatu,East Asia & Pacific,1974,6.057
VUT,Vanuatu,East Asia & Pacific,1975,5.976
VUT,Vanuatu,East Asia & Pacific,1976,5.885
VUT,Vanuatu,East Asia & Pacific,1977,5.806
VUT,Vanuatu,East Asia & Pacific,1978,5.768
VUT,Vanuatu,East Asia & Pacific,1979,5.733
VUT,Vanuatu,East Asia & Pacific,1980,5.691
VUT,Vanuatu,East Asia & Pacific,1981,5.651
VUT,Vanuatu,East Asia & Pacific,1982,5.603
VUT,Vanuatu,East Asia & Pacific,1983,5.547
VUT,Vanuatu,East Asia & Pacific,1984,5.489
VUT,Vanuatu,East Asia & Pacific,1985,5.433
VUT,Vanuatu,East Asia & Pacific,1986,5.382
VUT,Vanuatu,East Asia & Pacific,1987,5.328
VUT,Vanuatu,East Asia & Pacific,1988,5.27
VUT,Vanuatu,East Asia & Pacific,1989,5.211
VUT,Vanuatu,East Asia & Pacific,1990,5.166
VUT,Vanuatu,East Asia & Pacific,1991,5.13
VUT,Vanuatu,East Asia & Pacific,1992,5.094
VUT,Vanuatu,East Asia & Pacific,1993,5.023
VUT,Vanuatu,East Asia & Pacific,1994,4.937
VUT,Vanuatu,East Asia & Pacific,1995,4.847
VUT,Vanuatu,East Asia & Pacific,1996,4.752
VUT,Vanuatu,East Asia & Pacific,1997,4.657
VUT,Vanuatu,East Asia & Pacific,1998,4.603
VUT,Vanuatu,East Asia & Pacific,1999,4.556
VUT,Vanuatu,East Asia & Pacific,2000,4.537
VUT,Vanuatu,East Asia & Pacific,2001,4.495
VUT,Vanuatu,East Asia & Pacific,2002,4.382
VUT,Vanuatu,East Asia & Pacific,2003,4.293
VUT,Vanuatu,East Asia & Pacific,2004,4.214
VUT,Vanuatu,East Asia & Pacific,2005,4.133
VUT,Vanuatu,East Asia & Pacific,2006,4.1
VUT,Vanuatu,East Asia & Pacific,2007,4.117
VUT,Vanuatu,East Asia & Pacific,2008,4.159
VUT,Vanuatu,East Asia & Pacific,2009,4.157
VUT,Vanuatu,East Asia & Pacific,2010,4.126
VUT,Vanuatu,East Asia & Pacific,2011,4.093
VUT,Vanuatu,East Asia & Pacific,2012,4.059
VUT,Vanuatu,East Asia & Pacific,2013,4.039
VUT,Vanuatu,East Asia & Pacific,2014,3.999
VUT,Vanuatu,East Asia & Pacific,2015,3.952
VUT,Vanuatu,East Asia & Pacific,2016,3.915
VUT,Vanuatu,East Asia & Pacific,2017,3.875
VUT,Vanuatu,East Asia & Pacific,2018,3.834
VUT,Vanuatu,East Asia & Pacific,2019,3.79
VUT,Vanuatu,East Asia & Pacific,2020,3.738
VUT,Vanuatu,East Asia & Pacific,2021,3.696
VUT,Vanuatu,East Asia & Pacific,2022,3.647
VUT,Vanuatu,East Asia & Pacific,2023,3.596
VUT,Vanuatu,East Asia & Pacific,2024,3.569
WLD,World,Aggregate,1960,4.686
WLD,World,Aggregate,1961,4.565
WLD,World,Aggregate,1962,5.024
WLD,World,Aggregate,1963,5.314
WLD,World,Aggregate,1964,5.131
WLD,World,Aggregate,1965,5.081
WLD,World,Aggregate,1966,4.968
WLD,World,Aggregate,1967,4.866
WLD,World,Aggregate,1968,4.978
WLD,World,Aggregate,1969,4.88
WLD,World,Aggregate,1970,4.84
WLD,World,Aggregate,1971,4.689
WLD,World,Aggregate,1972,4.548
WLD,World,Aggregate,1973,4.417
WLD,World,Aggregate,1974,4.256
WLD,World,Aggregate,1975,4.073
WLD,World,Aggregate,1976,3.967
WLD,World,Aggregate,1977,3.842
WLD,World,Aggregate,1978,3.774
WLD,World,Aggregate,1979,3.756
WLD,World,Aggregate,1980,3.731
WLD,World,Aggregate,1981,3.705
WLD,World,Aggregate,1982,3.722
WLD,World,Aggregate,1983,3.595
WLD,World,Aggregate,1984,3.568
WLD,World,Aggregate,1985,3.53
WLD,World,Aggregate,1986,3.514
WLD,World,Aggregate,1987,3.482
WLD,World,Aggregate,1988,3.393
WLD,World,Aggregate,1989,3.346
WLD,World,Aggregate,1990,3.307
WLD,World,Aggregate,1991,3.126
WLD,World,Aggregate,1992,3.039
WLD,World,Aggregate,1993,2.971
WLD,World,Aggregate,1994,2.919
WLD,World,Aggregate,1995,2.866
WLD,World,Aggregate,1996,2.819
WLD,World,Aggregate,1997,2.779
WLD,World,Aggregate,1998,2.747
WLD,World,Aggregate,1999,2.721
WLD,World,Aggregate,2000,2.73
WLD,World,Aggregate,2001,2.688
WLD,World,Aggregate,2002,2.66
WLD,World,Aggregate,2003,2.638
WLD,World,Aggregate,2004,2.628
WLD,World,Aggregate,2005,2.611
WLD,World,Aggregate,2006,2.606
WLD,World,Aggregate,2007,2.602
WLD,World,Aggregate,2008,2.603
WLD,World,Aggregate,2009,2.593
WLD,World,Aggregate,2010,2.568
WLD,World,Aggregate,2011,2.548
WLD,World,Aggregate,2012,2.564
WLD,World,Aggregate,2013,2.525
WLD,World,Aggregate,2014,2.517
WLD,World,Aggregate,2015,2.49
WLD,World,Aggregate,2016,2.491
WLD,World,Aggregate,2017,2.46
WLD,World,Aggregate,2018,2.392
WLD,World,Aggregate,2019,2.353
WLD,World,Aggregate,2020,2.276
WLD,World,Aggregate,2021,2.246
WLD,World,Aggregate,2022,2.215
WLD,World,Aggregate,2023,2.196
WLD,World,Aggregate,2024,2.188
WSM,Samoa,East Asia & Pacific,1960,7.779
WSM,Samoa,East Asia & Pacific,1961,7.771
WSM,Samoa,East Asia & Pacific,1962,7.759
WSM,Samoa,East Asia & Pacific,1963,7.729
WSM,Samoa,East Asia & Pacific,1964,7.703
WSM,Samoa,East Asia & Pacific,1965,7.653
WSM,Samoa,East Asia & Pacific,1966,7.596
WSM,Samoa,East Asia & Pacific,1967,7.551
WSM,Samoa,East Asia & Pacific,1968,7.499
WSM,Samoa,East Asia & Pacific,1969,7.432
WSM,Samoa,East Asia & Pacific,1970,7.338
WSM,Samoa,East Asia & Pacific,1971,7.224
WSM,Samoa,East Asia & Pacific,1972,7.07
WSM,Samoa,East Asia & Pacific,1973,6.908
WSM,Samoa,East Asia & Pacific,1974,6.747
WSM,Samoa,East Asia & Pacific,1975,6.606
WSM,Samoa,East Asia & Pacific,1976,6.473
WSM,Samoa,East Asia & Pacific,1977,6.313
WSM,Samoa,East Asia & Pacific,1978,6.146
WSM,Samoa,East Asia & Pacific,1979,5.991
WSM,Samoa,East Asia & Pacific,1980,5.861
WSM,Samoa,East Asia & Pacific,1981,5.749
WSM,Samoa,East Asia & Pacific,1982,5.677
WSM,Samoa,East Asia & Pacific,1983,5.617
WSM,Samoa,East Asia & Pacific,1984,5.553
WSM,Samoa,East Asia & Pacific,1985,5.489
WSM,Samoa,East Asia & Pacific,1986,5.421
WSM,Samoa,East Asia & Pacific,1987,5.316
WSM,Samoa,East Asia & Pacific,1988,5.207
WSM,Samoa,East Asia & Pacific,1989,5.107
WSM,Samoa,East Asia & Pacific,1990,5.007
WSM,Samoa,East Asia & Pacific,1991,4.912
WSM,Samoa,East Asia & Pacific,1992,4.865
WSM,Samoa,East Asia & Pacific,1993,4.826
WSM,Samoa,East Asia & Pacific,1994,4.792
WSM,Samoa,East Asia & Pacific,1995,4.767
WSM,Samoa,East Asia & Pacific,1996,4.739
WSM,Samoa,East Asia & Pacific,1997,4.695
WSM,Samoa,East Asia & Pacific,1998,4.645
WSM,Samoa,East Asia & Pacific,1999,4.572
WSM,Samoa,East Asia & Pacific,2000,4.523
WSM,Samoa,East Asia & Pacific,2001,4.477
WSM,Samoa,East Asia & Pacific,2002,4.444
WSM,Samoa,East Asia & Pacific,2003,4.392
WSM,Samoa,East Asia & Pacific,2004,4.343
WSM,Samoa,East Asia & Pacific,2005,4.322
WSM,Samoa,East Asia & Pacific,2006,4.322
WSM,Samoa,East Asia & Pacific,2007,4.358
WSM,Samoa,East Asia & Pacific,2008,4.417
WSM,Samoa,East Asia & Pacific,2009,4.466
WSM,Samoa,East Asia & Pacific,2010,4.52
WSM,Samoa,East Asia & Pacific,2011,4.56
WSM,Samoa,East Asia & Pacific,2012,4.545
WSM,Samoa,East Asia & Pacific,2013,4.491
WSM,Samoa,East Asia & Pacific,2014,4.423
WSM,Samoa,East Asia & Pacific,2015,4.344
WSM,Samoa,East Asia & Pacific,2016,4.262
WSM,Samoa,East Asia & Pacific,2017,4.196
WSM,Samoa,East Asia & Pacific,2018,4.136
WSM,Samoa,East Asia & Pacific,2019,4.061
WSM,Samoa,East Asia & Pacific,2020,4.002
WSM,Samoa,East Asia & Pacific,2021,3.94
WSM,Samoa,East Asia & Pacific,2022,3.883
WSM,Samoa,East Asia & Pacific,2023,3.829
WSM,Samoa,East Asia & Pacific,2024,3.801
XKX,Kosovo,Europe & Central Asia,1960,6.359
XKX,Kosovo,Europe & Central Asia,1961,6.314
XKX,Kosovo,Europe & Central Asia,1962,6.244
XKX,Kosovo,Europe & Central Asia,1963,6.176
XKX,Kosovo,Europe & Central Asia,1964,6.112
XKX,Kosovo,Europe & Central Asia,1965,6.035
XKX,Kosovo,Europe & Central Asia,1966,5.947
XKX,Kosovo,Europe & Central Asia,1967,5.877
XKX,Kosovo,Europe & Central Asia,1968,5.812
XKX,Kosovo,Europe & Central Asia,1969,5.731
XKX,Kosovo,Europe & Central Asia,1970,5.624
XKX,Kosovo,Europe & Central Asia,1971,5.556
XKX,Kosovo,Europe & Central Asia,1972,5.488
XKX,Kosovo,Europe & Central Asia,1973,5.418
XKX,Kosovo,Europe & Central Asia,1974,5.373
XKX,Kosovo,Europe & Central Asia,1975,5.283
XKX,Kosovo,Europe & Central Asia,1976,5.185
XKX,Kosovo,Europe & Central Asia,1977,5.012
XKX,Kosovo,Europe & Central Asia,1978,4.831
XKX,Kosovo,Europe & Central Asia,1979,4.697
XKX,Kosovo,Europe & Central Asia,1980,4.658
XKX,Kosovo,Europe & Central Asia,1981,4.501
XKX,Kosovo,Europe & Central Asia,1982,4.493
XKX,Kosovo,Europe & Central Asia,1983,4.462
XKX,Kosovo,Europe & Central Asia,1984,4.406
XKX,Kosovo,Europe & Central Asia,1985,4.197
XKX,Kosovo,Europe & Central Asia,1986,4.115
XKX,Kosovo,Europe & Central Asia,1987,4.098
XKX,Kosovo,Europe & Central Asia,1988,3.967
XKX,Kosovo,Europe & Central Asia,1989,3.672
XKX,Kosovo,Europe & Central Asia,1990,3.666
XKX,Kosovo,Europe & Central Asia,1991,3.373
XKX,Kosovo,Europe & Central Asia,1992,2.765
XKX,Kosovo,Europe & Central Asia,1993,2.65
XKX,Kosovo,Europe & Central Asia,1994,2.524
XKX,Kosovo,Europe & Central Asia,1995,2.524
XKX,Kosovo,Europe & Central Asia,1996,2.536
XKX,Kosovo,Europe & Central Asia,1997,2.312
XKX,Kosovo,Europe & Central Asia,1998,2.35
XKX,Kosovo,Europe & Central Asia,1999,2.634
XKX,Kosovo,Europe & Central Asia,2000,2.698
XKX,Kosovo,Europe & Central Asia,2001,2.765
XKX,Kosovo,Europe & Central Asia,2002,2.791
XKX,Kosovo,Europe & Central Asia,2003,2.67
XKX,Kosovo,Europe & Central Asia,2004,2.65
XKX,Kosovo,Europe & Central Asia,2005,2.623
XKX,Kosovo,Europe & Central Asia,2006,2.494
XKX,Kosovo,Europe & Central Asia,2007,2.393
XKX,Kosovo,Europe & Central Asia,2008,2.359
XKX,Kosovo,Europe & Central Asia,2009,2.317
XKX,Kosovo,Europe & Central Asia,2010,2.223
XKX,Kosovo,Europe & Central Asia,2011,2.038
XKX,Kosovo,Europe & Central Asia,2012,1.969
XKX,Kosovo,Europe & Central Asia,2013,1.953
XKX,Kosovo,Europe & Central Asia,2014,1.87
XKX,Kosovo,Europe & Central Asia,2015,1.763
XKX,Kosovo,Europe & Central Asia,2016,1.641
XKX,Kosovo,Europe & Central Asia,2017,1.618
XKX,Kosovo,Europe & Central Asia,2018,1.581
XKX,Kosovo,Europe & Central Asia,2019,1.575
XKX,Kosovo,Europe & Central Asia,2020,1.567
XKX,Kosovo,Europe & Central Asia,2021,1.561
XKX,Kosovo,Europe & Central Asia,2022,1.555
XKX,Kosovo,Europe & Central Asia,2023,1.545
XKX,Kosovo,Europe & Central Asia,2024,1.538
YEM,"Yemen, Rep.",Middle East & North Africa,1960,7.988
YEM,"Yemen, Rep.",Middle East & North Africa,1961,8.0
YEM,"Yemen, Rep.",Middle East & North Africa,1962,8.01
YEM,"Yemen, Rep.",Middle East & North Africa,1963,8.028
YEM,"Yemen, Rep.",Middle East & North Africa,1964,8.071
YEM,"Yemen, Rep.",Middle East & North Africa,1965,8.101
YEM,"Yemen, Rep.",Middle East & North Africa,1966,8.142
YEM,"Yemen, Rep.",Middle East & North Africa,1967,8.174
YEM,"Yemen, Rep.",Middle East & North Africa,1968,8.191
YEM,"Yemen, Rep.",Middle East & North Africa,1969,8.216
YEM,"Yemen, Rep.",Middle East & North Africa,1970,8.234
YEM,"Yemen, Rep.",Middle East & North Africa,1971,8.26
YEM,"Yemen, Rep.",Middle East & North Africa,1972,8.273
YEM,"Yemen, Rep.",Middle East & North Africa,1973,8.29
YEM,"Yemen, Rep.",Middle East & North Africa,1974,8.326
YEM,"Yemen, Rep.",Middle East & North Africa,1975,8.373
YEM,"Yemen, Rep.",Middle East & North Africa,1976,8.423
YEM,"Yemen, Rep.",Middle East & North Africa,1977,8.466
YEM,"Yemen, Rep.",Middle East & North Africa,1978,8.501
YEM,"Yemen, Rep.",Middle East & North Africa,1979,8.671
YEM,"Yemen, Rep.",Middle East & North Africa,1980,8.71
YEM,"Yemen, Rep.",Middle East & North Africa,1981,8.752
YEM,"Yemen, Rep.",Middle East & North Africa,1982,8.793
YEM,"Yemen, Rep.",Middle East & North Africa,1983,8.828
YEM,"Yemen, Rep.",Middle East & North Africa,1984,8.853
YEM,"Yemen, Rep.",Middle East & North Africa,1985,8.864
YEM,"Yemen, Rep.",Middle East & North Africa,1986,8.858
YEM,"Yemen, Rep.",Middle East & North Africa,1987,8.833
YEM,"Yemen, Rep.",Middle East & North Africa,1988,8.786
YEM,"Yemen, Rep.",Middle East & North Africa,1989,8.713
YEM,"Yemen, Rep.",Middle East & North Africa,1990,8.606
YEM,"Yemen, Rep.",Middle East & North Africa,1991,8.459
YEM,"Yemen, Rep.",Middle East & North Africa,1992,8.272
YEM,"Yemen, Rep.",Middle East & North Africa,1993,8.048
YEM,"Yemen, Rep.",Middle East & North Africa,1994,7.795
YEM,"Yemen, Rep.",Middle East & North Africa,1995,7.525
YEM,"Yemen, Rep.",Middle East & North Africa,1996,7.004
YEM,"Yemen, Rep.",Middle East & North Africa,1997,6.82
YEM,"Yemen, Rep.",Middle East & North Africa,1998,6.639
YEM,"Yemen, Rep.",Middle East & North Africa,1999,6.489
YEM,"Yemen, Rep.",Middle East & North Africa,2000,6.317
YEM,"Yemen, Rep.",Middle East & North Africa,2001,6.143
YEM,"Yemen, Rep.",Middle East & North Africa,2002,5.971
YEM,"Yemen, Rep.",Middle East & North Africa,2003,5.839
YEM,"Yemen, Rep.",Middle East & North Africa,2004,5.712
YEM,"Yemen, Rep.",Middle East & North Africa,2005,5.563
YEM,"Yemen, Rep.",Middle East & North Africa,2006,5.412
YEM,"Yemen, Rep.",Middle East & North Africa,2007,5.261
YEM,"Yemen, Rep.",Middle East & North Africa,2008,5.113
YEM,"Yemen, Rep.",Middle East & North Africa,2009,5.004
YEM,"Yemen, Rep.",Middle East & North Africa,2010,4.81
YEM,"Yemen, Rep.",Middle East & North Africa,2011,4.63
YEM,"Yemen, Rep.",Middle East & North Africa,2012,4.633
YEM,"Yemen, Rep.",Middle East & North Africa,2013,4.623
YEM,"Yemen, Rep.",Middle East & North Africa,2014,4.62
YEM,"Yemen, Rep.",Middle East & North Africa,2015,4.617
YEM,"Yemen, Rep.",Middle East & North Africa,2016,4.613
YEM,"Yemen, Rep.",Middle East & North Africa,2017,4.61
YEM,"Yemen, Rep.",Middle East & North Africa,2018,4.607
YEM,"Yemen, Rep.",Middle East & North Africa,2019,4.603
YEM,"Yemen, Rep.",Middle East & North Africa,2020,4.6
YEM,"Yemen, Rep.",Middle East & North Africa,2021,4.597
YEM,"Yemen, Rep.",Middle East & North Africa,2022,4.593
YEM,"Yemen, Rep.",Middle East & North Africa,2023,4.59
YEM,"Yemen, Rep.",Middle East & North Africa,2024,4.499
ZAF,South Africa,Sub-Saharan Africa,1960,6.105
ZAF,South Africa,Sub-Saharan Africa,1961,6.08
ZAF,South Africa,Sub-Saharan Africa,1962,6.046
ZAF,South Africa,Sub-Saharan Africa,1963,6.012
ZAF,South Africa,Sub-Saharan Africa,1964,5.955
ZAF,South Africa,Sub-Saharan Africa,1965,5.892
ZAF,South Africa,Sub-Saharan Africa,1966,5.907
ZAF,South Africa,Sub-Saharan Africa,1967,5.852
ZAF,South Africa,Sub-Saharan Africa,1968,5.782
ZAF,South Africa,Sub-Saharan Africa,1969,5.719
ZAF,South Africa,Sub-Saharan Africa,1970,5.634
ZAF,South Africa,Sub-Saharan Africa,1971,5.569
ZAF,South Africa,Sub-Saharan Africa,1972,5.49
ZAF,South Africa,Sub-Saharan Africa,1973,5.413
ZAF,South Africa,Sub-Saharan Africa,1974,5.298
ZAF,South Africa,Sub-Saharan Africa,1975,5.191
ZAF,South Africa,Sub-Saharan Africa,1976,5.071
ZAF,South Africa,Sub-Saharan Africa,1977,4.942
ZAF,South Africa,Sub-Saharan Africa,1978,4.853
ZAF,South Africa,Sub-Saharan Africa,1979,4.818
ZAF,South Africa,Sub-Saharan Africa,1980,4.78
ZAF,South Africa,Sub-Saharan Africa,1981,4.712
ZAF,South Africa,Sub-Saharan Africa,1982,4.696
ZAF,South Africa,Sub-Saharan Africa,1983,4.626
ZAF,South Africa,Sub-Saharan Africa,1984,4.566
ZAF,South Africa,Sub-Saharan Africa,1985,4.495
ZAF,South Africa,Sub-Saharan Africa,1986,4.409
ZAF,South Africa,Sub-Saharan Africa,1987,4.352
ZAF,South Africa,Sub-Saharan Africa,1988,4.18
ZAF,South Africa,Sub-Saharan Africa,1989,3.983
ZAF,South Africa,Sub-Saharan Africa,1990,3.724
ZAF,South Africa,Sub-Saharan Africa,1991,3.618
ZAF,South Africa,Sub-Saharan Africa,1992,3.479
ZAF,South Africa,Sub-Saharan Africa,1993,3.372
ZAF,South Africa,Sub-Saharan Africa,1994,3.258
ZAF,South Africa,Sub-Saharan Africa,1995,3.172
ZAF,South Africa,Sub-Saharan Africa,1996,2.991
ZAF,South Africa,Sub-Saharan Africa,1997,2.734
ZAF,South Africa,Sub-Saharan Africa,1998,2.63
ZAF,South Africa,Sub-Saharan Africa,1999,2.559
ZAF,South Africa,Sub-Saharan Africa,2000,2.413
ZAF,South Africa,Sub-Saharan Africa,2001,2.373
ZAF,South Africa,Sub-Saharan Africa,2002,2.324
ZAF,South Africa,Sub-Saharan Africa,2003,2.358
ZAF,South Africa,Sub-Saharan Africa,2004,2.436
ZAF,South Africa,Sub-Saharan Africa,2005,2.512
ZAF,South Africa,Sub-Saharan Africa,2006,2.548
ZAF,South Africa,Sub-Saharan Africa,2007,2.545
ZAF,South Africa,Sub-Saharan Africa,2008,2.679
ZAF,South Africa,Sub-Saharan Africa,2009,2.501
ZAF,South Africa,Sub-Saharan Africa,2010,2.445
ZAF,South Africa,Sub-Saharan Africa,2011,2.436
ZAF,South Africa,Sub-Saharan Africa,2012,2.447
ZAF,South Africa,Sub-Saharan Africa,2013,2.428
ZAF,South Africa,Sub-Saharan Africa,2014,2.424
ZAF,South Africa,Sub-Saharan Africa,2015,2.359
ZAF,South Africa,Sub-Saharan Africa,2016,2.261
ZAF,South Africa,Sub-Saharan Africa,2017,2.283
ZAF,South Africa,Sub-Saharan Africa,2018,2.27
ZAF,South Africa,Sub-Saharan Africa,2019,2.264
ZAF,South Africa,Sub-Saharan Africa,2020,2.257
ZAF,South Africa,Sub-Saharan Africa,2021,2.248
ZAF,South Africa,Sub-Saharan Africa,2022,2.227
ZAF,South Africa,Sub-Saharan Africa,2023,2.216
ZAF,South Africa,Sub-Saharan Africa,2024,2.205
ZMB,Zambia,Sub-Saharan Africa,1960,6.947
ZMB,Zambia,Sub-Saharan Africa,1961,6.982
ZMB,Zambia,Sub-Saharan Africa,1962,7.012
ZMB,Zambia,Sub-Saharan Africa,1963,7.06
ZMB,Zambia,Sub-Saharan Africa,1964,7.085
ZMB,Zambia,Sub-Saharan Africa,1965,7.116
ZMB,Zambia,Sub-Saharan Africa,1966,7.138
ZMB,Zambia,Sub-Saharan Africa,1967,7.154
ZMB,Zambia,Sub-Saharan Africa,1968,7.18
ZMB,Zambia,Sub-Saharan Africa,1969,7.18
ZMB,Zambia,Sub-Saharan Africa,1970,7.224
ZMB,Zambia,Sub-Saharan Africa,1971,7.26
ZMB,Zambia,Sub-Saharan Africa,1972,7.3
ZMB,Zambia,Sub-Saharan Africa,1973,7.339
ZMB,Zambia,Sub-Saharan Africa,1974,7.364
ZMB,Zambia,Sub-Saharan Africa,1975,7.421
ZMB,Zambia,Sub-Saharan Africa,1976,7.388
ZMB,Zambia,Sub-Saharan Africa,1977,7.353
ZMB,Zambia,Sub-Saharan Africa,1978,7.294
ZMB,Zambia,Sub-Saharan Africa,1979,7.222
ZMB,Zambia,Sub-Saharan Africa,1980,7.139
ZMB,Zambia,Sub-Saharan Africa,1981,7.073
ZMB,Zambia,Sub-Saharan Africa,1982,7.039
ZMB,Zambia,Sub-Saharan Africa,1983,7.007
ZMB,Zambia,Sub-Saharan Africa,1984,6.974
ZMB,Zambia,Sub-Saharan Africa,1985,6.928
ZMB,Zambia,Sub-Saharan Africa,1986,6.868
ZMB,Zambia,Sub-Saharan Africa,1987,6.798
ZMB,Zambia,Sub-Saharan Africa,1988,6.703
ZMB,Zambia,Sub-Saharan Africa,1989,6.635
ZMB,Zambia,Sub-Saharan Africa,1990,6.567
ZMB,Zambia,Sub-Saharan Africa,1991,6.458
ZMB,Zambia,Sub-Saharan Africa,1992,6.349
ZMB,Zambia,Sub-Saharan Africa,1993,6.298
ZMB,Zambia,Sub-Saharan Africa,1994,6.26
ZMB,Zambia,Sub-Saharan Africa,1995,6.232
ZMB,Zambia,Sub-Saharan Africa,1996,6.182
ZMB,Zambia,Sub-Saharan Africa,1997,6.124
ZMB,Zambia,Sub-Saharan Africa,1998,6.067
ZMB,Zambia,Sub-Saharan Africa,1999,5.998
ZMB,Zambia,Sub-Saharan Africa,2000,5.921
ZMB,Zambia,Sub-Saharan Africa,2001,5.848
ZMB,Zambia,Sub-Saharan Africa,2002,5.774
ZMB,Zambia,Sub-Saharan Africa,2003,5.71
ZMB,Zambia,Sub-Saharan Africa,2004,5.698
ZMB,Zambia,Sub-Saharan Africa,2005,5.697
ZMB,Zambia,Sub-Saharan Africa,2006,5.679
ZMB,Zambia,Sub-Saharan Africa,2007,5.613
ZMB,Zambia,Sub-Saharan Africa,2008,5.53
ZMB,Zambia,Sub-Saharan Africa,2009,5.453
ZMB,Zambia,Sub-Saharan Africa,2010,5.359
ZMB,Zambia,Sub-Saharan Africa,2011,5.256
ZMB,Zambia,Sub-Saharan Africa,2012,5.136
ZMB,Zambia,Sub-Saharan Africa,2013,5.014
ZMB,Zambia,Sub-Saharan Africa,2014,4.89
ZMB,Zambia,Sub-Saharan Africa,2015,4.775
ZMB,Zambia,Sub-Saharan Africa,2016,4.669
ZMB,Zambia,Sub-Saharan Africa,2017,4.567
ZMB,Zambia,Sub-Saharan Africa,2018,4.492
ZMB,Zambia,Sub-Saharan Africa,2019,4.418
ZMB,Zambia,Sub-Saharan Africa,2020,4.323
ZMB,Zambia,Sub-Saharan Africa,2021,4.246
ZMB,Zambia,Sub-Saharan Africa,2022,4.175
ZMB,Zambia,Sub-Saharan Africa,2023,4.101
ZMB,Zambia,Sub-Saharan Africa,2024,4.036
ZWE,Zimbabwe,Sub-Saharan Africa,1960,7.195
ZWE,Zimbabwe,Sub-Saharan Africa,1961,7.212
ZWE,Zimbabwe,Sub-Saharan Africa,1962,7.231
ZWE,Zimbabwe,Sub-Saharan Africa,1963,7.23
ZWE,Zimbabwe,Sub-Saharan Africa,1964,7.23
ZWE,Zimbabwe,Sub-Saharan Africa,1965,7.231
ZWE,Zimbabwe,Sub-Saharan Africa,1966,7.196
ZWE,Zimbabwe,Sub-Saharan Africa,1967,7.157
ZWE,Zimbabwe,Sub-Saharan Africa,1968,7.114
ZWE,Zimbabwe,Sub-Saharan Africa,1969,7.036
ZWE,Zimbabwe,Sub-Saharan Africa,1970,6.982
ZWE,Zimbabwe,Sub-Saharan Africa,1971,6.939
ZWE,Zimbabwe,Sub-Saharan Africa,1972,6.942
ZWE,Zimbabwe,Sub-Saharan Africa,1973,6.942
ZWE,Zimbabwe,Sub-Saharan Africa,1974,6.879
ZWE,Zimbabwe,Sub-Saharan Africa,1975,6.832
ZWE,Zimbabwe,Sub-Saharan Africa,1976,6.771
ZWE,Zimbabwe,Sub-Saharan Africa,1977,6.713
ZWE,Zimbabwe,Sub-Saharan Africa,1978,6.658
ZWE,Zimbabwe,Sub-Saharan Africa,1979,6.59
ZWE,Zimbabwe,Sub-Saharan Africa,1980,6.517
ZWE,Zimbabwe,Sub-Saharan Africa,1981,6.445
ZWE,Zimbabwe,Sub-Saharan Africa,1982,6.333
ZWE,Zimbabwe,Sub-Saharan Africa,1983,6.197
ZWE,Zimbabwe,Sub-Saharan Africa,1984,6.044
ZWE,Zimbabwe,Sub-Saharan Africa,1985,5.871
ZWE,Zimbabwe,Sub-Saharan Africa,1986,5.688
ZWE,Zimbabwe,Sub-Saharan Africa,1987,5.5
ZWE,Zimbabwe,Sub-Saharan Africa,1988,5.279
ZWE,Zimbabwe,Sub-Saharan Africa,1989,5.073
ZWE,Zimbabwe,Sub-Saharan Africa,1990,4.876
ZWE,Zimbabwe,Sub-Saharan Africa,1991,4.715
ZWE,Zimbabwe,Sub-Saharan Africa,1992,4.567
ZWE,Zimbabwe,Sub-Saharan Africa,1993,4.391
ZWE,Zimbabwe,Sub-Saharan Africa,1994,4.284
ZWE,Zimbabwe,Sub-Saharan Africa,1995,4.153
ZWE,Zimbabwe,Sub-Saharan Africa,1996,4.11
ZWE,Zimbabwe,Sub-Saharan Africa,1997,4.075
ZWE,Zimbabwe,Sub-Saharan Africa,1998,4.067
ZWE,Zimbabwe,Sub-Saharan Africa,1999,4.056
ZWE,Zimbabwe,Sub-Saharan Africa,2000,4.009
ZWE,Zimbabwe,Sub-Saharan Africa,2001,3.983
ZWE,Zimbabwe,Sub-Saharan Africa,2002,3.925
ZWE,Zimbabwe,Sub-Saharan Africa,2003,3.862
ZWE,Zimbabwe,Sub-Saharan Africa,2004,3.776
ZWE,Zimbabwe,Sub-Saharan Africa,2005,3.693
ZWE,Zimbabwe,Sub-Saharan Africa,2006,3.635
ZWE,Zimbabwe,Sub-Saharan Africa,2007,3.677
ZWE,Zimbabwe,Sub-Saharan Africa,2008,3.783
ZWE,Zimbabwe,Sub-Saharan Africa,2009,3.95
ZWE,Zimbabwe,Sub-Saharan Africa,2010,4.04
ZWE,Zimbabwe,Sub-Saharan Africa,2011,4.126
ZWE,Zimbabwe,Sub-Saharan Africa,2012,4.134
ZWE,Zimbabwe,Sub-Saharan Africa,2013,4.111
ZWE,Zimbabwe,Sub-Saharan Africa,2014,4.011
ZWE,Zimbabwe,Sub-Saharan Africa,2015,3.911
ZWE,Zimbabwe,Sub-Saharan Africa,2016,3.828
ZWE,Zimbabwe,Sub-Saharan Africa,2017,3.768
ZWE,Zimbabwe,Sub-Saharan Africa,2018,3.744
ZWE,Zimbabwe,Sub-Saharan Africa,2019,3.748
ZWE,Zimbabwe,Sub-Saharan Africa,2020,3.754
ZWE,Zimbabwe,Sub-Saharan Africa,2021,3.765
ZWE,Zimbabwe,Sub-Saharan Africa,2022,3.767
ZWE,Zimbabwe,Sub-Saharan Africa,2023,3.724
ZWE,Zimbabwe,Sub-Saharan Africa,2024,3.674
